node,x_m,y_m,z_m,RFX_nodalCS_N,RFY_nodalCS_N,RFZ_nodalCS_N
      143., -0.29912267444523E-02,  0.15702507394411E-01,  0.00000000000000E+00,  0.00000000000000E+00,  0.19881869056267E-03,  0.56223909643120E+04
      144., -0.56904959805805E-02,  0.16449932965719E-01,  0.00000000000000E+00,  0.00000000000000E+00,  0.12309243330532E-03,  0.38250053332766E+04
      145., -0.44790020803478E-02,  0.18184705775798E-01,  0.00000000000000E+00,  0.00000000000000E+00,  0.65213126843267E-04,  0.45315981673713E+04
      146., -0.71972174280023E-02,  0.14408308133866E-01,  0.00000000000000E+00,  0.00000000000000E+00,  0.24518075671774E-03,  0.53048743538632E+04
      147., -0.10749312991458E-01, -0.10285211103963E-01,  0.00000000000000E+00,  0.00000000000000E+00, -0.40021369273528E-04,  0.25127691758809E+04
      148., -0.11437729054671E-01, -0.11768341559839E-01,  0.00000000000000E+00,  0.00000000000000E+00, -0.25475003563958E-04,  0.26058628033999E+04
      149., -0.11300734888096E-01, -0.72716554425157E-02,  0.00000000000000E+00,  0.00000000000000E+00, -0.28692598818705E-04,  0.34966463712523E+04
      150., -0.12640829268631E-01, -0.88127286262052E-02,  0.00000000000000E+00,  0.00000000000000E+00, -0.16024021859587E-04,  0.35789785468895E+04
      151., -0.10183813566738E-01, -0.91066288279309E-02,  0.00000000000000E+00,  0.00000000000000E+00, -0.53896807086829E-04,  0.21272889874683E+04
      152.,  0.43660214579848E-02,  0.11195801464851E-01,  0.00000000000000E+00,  0.00000000000000E+00,  0.46987843459671E-03,  0.71323238187861E+04
      153.,  0.69395481938070E-02,  0.11458547945729E-01,  0.00000000000000E+00,  0.00000000000000E+00,  0.30160855554637E-03,  0.59236741260659E+04
      154., -0.85622189242506E-02, -0.10378527943233E-01,  0.00000000000000E+00,  0.00000000000000E+00, -0.66068811536303E-04,  0.20390788147475E+04
      155., -0.86579963189272E-02, -0.87396660422731E-02,  0.00000000000000E+00,  0.00000000000000E+00, -0.59180637455008E-04,  0.21456721464156E+04
      156.,  0.15506179674877E-01, -0.36176604072968E-02,  0.00000000000000E+00,  0.00000000000000E+00, -0.15809034918345E-03,  0.34818021587993E+04
      157.,  0.15423492922007E-01, -0.59385992492580E-02,  0.00000000000000E+00,  0.00000000000000E+00, -0.13344218948375E-03,  0.30304568230043E+04
      158.,  0.13295652474560E-01, -0.50328453314703E-02,  0.00000000000000E+00,  0.00000000000000E+00, -0.24327175648654E-03,  0.44403700611067E+04
      159.,  0.43761917543575E-02, -0.11033755836031E-01,  0.00000000000000E+00,  0.00000000000000E+00, -0.63657193703750E-03,  0.63808023938510E+04
      160., -0.10299813851680E-01, -0.47337100872079E-02,  0.00000000000000E+00,  0.00000000000000E+00,  0.14844007885431E-04,  0.40647315613270E+04
      161., -0.56739313494663E-02,  0.11013199484880E-01,  0.00000000000000E+00,  0.00000000000000E+00,  0.74957874546192E-03,  0.79358694501712E+04
      162.,  0.10900924957826E-01,  0.54340755063608E-02,  0.00000000000000E+00,  0.00000000000000E+00, -0.20932878410717E-04,  0.70908591615815E+04
      163.,  0.46778136313461E-02,  0.16325682924727E-01,  0.00000000000000E+00,  0.00000000000000E+00,  0.24235108181600E-03,  0.10434784342273E+05
      164., -0.17851637225817E-01,  0.36510614778052E-02,  0.00000000000000E+00,  0.00000000000000E+00,  0.11409645385822E-03,  0.61072039791964E+04
      165., -0.16030199248925E-01, -0.87002034997975E-02,  0.00000000000000E+00,  0.00000000000000E+00,  0.99066784421276E-05,  0.58264014079913E+04
      166., -0.14127049587760E-01, -0.12169390990298E-01,  0.00000000000000E+00,  0.00000000000000E+00,  0.14431185634413E-04,  0.41409674892922E+04
      167., -0.53467258311065E-02, -0.16901037790164E-01,  0.00000000000000E+00,  0.00000000000000E+00, -0.15969721766942E-03,  0.79595252496992E+04
      168.,  0.46879839326608E-02, -0.16163637295096E-01,  0.00000000000000E+00,  0.00000000000000E+00, -0.43200308005120E-03,  0.11607885901438E+05
      169., -0.13329245331844E-01, -0.10295859082081E-01,  0.00000000000000E+00,  0.00000000000000E+00, -0.49870567343993E-06,  0.39524273090598E+04
      170., -0.73743400386462E-03,  0.12267080740386E-01,  0.00000000000000E+00,  0.00000000000000E+00,  0.72106446179031E-03,  0.85004845409701E+04
      171.,  0.17151702943601E-02,  0.13843484541825E-01,  0.00000000000000E+00,  0.00000000000000E+00,  0.66234508460033E-03,  0.11119780898505E+05
      172., -0.44979481918742E-02,  0.13660882562557E-01,  0.00000000000000E+00,  0.00000000000000E+00,  0.62364579569663E-03,  0.76889236998596E+04
      173., -0.73743400386462E-03,  0.17267080740386E-01,  0.00000000000000E+00,  0.00000000000000E+00,  0.28163952441649E-03,  0.98191890805371E+04
      174., -0.86188908185993E-02,  0.81862734555432E-02,  0.00000000000000E+00,  0.00000000000000E+00,  0.62501296014976E-03,  0.65799860701975E+04
      175., -0.88438711012596E-02,  0.11044541371197E-01,  0.00000000000000E+00,  0.00000000000000E+00,  0.62768040950741E-03,  0.86269914439167E+04
      176., -0.11193420594277E-01,  0.43170889514089E-02,  0.00000000000000E+00,  0.00000000000000E+00,  0.45862238850635E-03,  0.62705995026502E+04
      177., -0.14676381036463E-01,  0.38295239253540E-02,  0.00000000000000E+00,  0.00000000000000E+00,  0.19440921696856E-03,  0.60146688540401E+04
      178., -0.15583711610216E-01,  0.67425091817213E-02,  0.00000000000000E+00,  0.00000000000000E+00,  0.29461057470055E-03,  0.10095284323687E+05
      179., -0.11657379845372E-01,  0.70544113376428E-02,  0.00000000000000E+00,  0.00000000000000E+00,  0.64935355157644E-03,  0.97456753661707E+04
      180., -0.11441760698911E-01, -0.19714968479734E-04,  0.00000000000000E+00,  0.00000000000000E+00,  0.24361614491258E-03,  0.50682026816675E+04
      181., -0.12122176887883E-01, -0.28400078942303E-02,  0.00000000000000E+00,  0.00000000000000E+00,  0.14955486414938E-03,  0.59717695734000E+04
      182., -0.13015783631033E-01,  0.23839568201362E-02,  0.00000000000000E+00,  0.00000000000000E+00,  0.32794792936635E-03,  0.54963727789342E+04
      183., -0.76300353576043E-02, -0.76199336366824E-02,  0.00000000000000E+00,  0.00000000000000E+00, -0.85342012778259E-04,  0.25852497803480E+04
      184., -0.97749176402850E-02, -0.69046926568580E-02,  0.00000000000000E+00,  0.00000000000000E+00, -0.36127047419815E-04,  0.29198807146100E+04
      185., -0.46602440854596E-02, -0.99088377422670E-02,  0.00000000000000E+00,  0.00000000000000E+00, -0.23849477631014E-03,  0.33235341525569E+04
      186., -0.68413283770135E-02, -0.93738398099624E-02,  0.00000000000000E+00,  0.00000000000000E+00, -0.14674696478634E-03,  0.24107607753917E+04
      187., -0.98075941662765E-03, -0.11768385308538E-01,  0.00000000000000E+00,  0.00000000000000E+00, -0.51020467438356E-03,  0.60291849195012E+04
      188., -0.41022759146128E-02, -0.13920143975413E-01,  0.00000000000000E+00,  0.00000000000000E+00, -0.29721507941772E-03,  0.75851822266658E+04
      189.,  0.14820151762731E-02, -0.13182743481860E-01,  0.00000000000000E+00,  0.00000000000000E+00, -0.84454568230361E-03,  0.11778190094623E+05
      190., -0.98075941662765E-03, -0.16768385308538E-01,  0.00000000000000E+00,  0.00000000000000E+00, -0.43190228554746E-03,  0.12657248206633E+05
      191., -0.37275863423273E-02, -0.12057825387393E-01,  0.00000000000000E+00,  0.00000000000000E+00, -0.38020504895084E-03,  0.47883154826195E+04
      192.,  0.79181296529787E-02, -0.81963391968873E-02,  0.00000000000000E+00,  0.00000000000000E+00, -0.49667840700542E-03,  0.48949934204062E+04
      193.,  0.68453703405302E-02, -0.11075163463693E-01,  0.00000000000000E+00,  0.00000000000000E+00, -0.58423061263992E-03,  0.57659851867510E+04
      194.,  0.10537084109594E-01, -0.44807881499880E-02,  0.00000000000000E+00,  0.00000000000000E+00, -0.40040288778214E-03,  0.51366813104748E+04
      195.,  0.10300282195068E-01, -0.72281762775660E-02,  0.00000000000000E+00,  0.00000000000000E+00, -0.54359011201743E-03,  0.60702994371132E+04
      196.,  0.11852007584662E-01,  0.16527911616314E-03,  0.00000000000000E+00,  0.00000000000000E+00, -0.27094839839603E-03,  0.67321772397268E+04
      197.,  0.13133534879779E-01,  0.36859374610667E-02,  0.00000000000000E+00,  0.00000000000000E+00, -0.19826803838228E-03,  0.11340929401998E+05
      198.,  0.12769694032101E-01, -0.24020918710319E-02,  0.00000000000000E+00,  0.00000000000000E+00, -0.36083868157645E-03,  0.58412275032254E+04
      199.,  0.80224778018727E-02,  0.84176780498650E-02,  0.00000000000000E+00,  0.00000000000000E+00,  0.19592184698701E-03,  0.58632935712909E+04
      200.,  0.10768471190699E-01,  0.84028024891936E-02,  0.00000000000000E+00,  0.00000000000000E+00,  0.90236251703603E-04,  0.56362177652014E+04
      201., -0.76599643604321E-02, -0.14369657429297E-01,  0.00000000000000E+00,  0.00000000000000E+00, -0.82225213291934E-04,  0.42690280340168E+04
      202., -0.88772852500559E-02, -0.16227587443163E-01,  0.00000000000000E+00,  0.00000000000000E+00, -0.33190560756987E-04,  0.45716986423862E+04
      203., -0.11945463864266E-01, -0.14880196830610E-01,  0.00000000000000E+00,  0.00000000000000E+00,  0.12984773049019E-04,  0.29816221918992E+04
      204., -0.12019300607747E-01, -0.12996374978786E-01,  0.00000000000000E+00,  0.00000000000000E+00,  0.15377853315463E-04,  0.25427985745030E+04
      205., -0.10249013707856E-01, -0.14279780768565E-01,  0.00000000000000E+00,  0.00000000000000E+00, -0.14507518027035E-05,  0.26302519251304E+04
      206., -0.17272166806682E-01, -0.47008506162527E-02,  0.00000000000000E+00,  0.00000000000000E+00,  0.52979016100270E-04,  0.71116667960122E+04
      207., -0.14543398254406E-01, -0.68370073859727E-02,  0.00000000000000E+00,  0.00000000000000E+00,  0.19881151231693E-04,  0.54169782533098E+04
      208., -0.18003284902025E-01, -0.17312523021672E-03,  0.00000000000000E+00,  0.00000000000000E+00,  0.89458258309157E-04,  0.65423512229342E+04
      209., -0.16105643006367E-01,  0.12527269065214E-02,  0.00000000000000E+00,  0.00000000000000E+00,  0.13477391890800E-03,  0.49175829693908E+04
      210., -0.15526172586925E-01, -0.26487665067494E-02,  0.00000000000000E+00,  0.00000000000000E+00,  0.12052274883221E-03,  0.69487299851614E+04
      211., -0.12901671736749E-01,  0.10885637569096E-01,  0.00000000000000E+00,  0.00000000000000E+00,  0.38279752947219E-03,  0.11313641555217E+05
      212.,  0.14255393201023E-01,  0.11727373803919E-01,  0.00000000000000E+00,  0.00000000000000E+00, -0.25503051979922E-05,  0.53971746689094E+04
      213.,  0.18456917574583E-01, -0.44424411310155E-02,  0.00000000000000E+00,  0.00000000000000E+00,  0.10355799604991E-04,  0.33350302693531E+04
      214.,  0.11708702585451E-01,  0.11757521784120E-01,  0.00000000000000E+00,  0.00000000000000E+00,  0.56219827353905E-05,  0.43132303314505E+04
      215.,  0.15291215974535E-01,  0.78594957352610E-02,  0.00000000000000E+00,  0.00000000000000E+00, -0.42802521658219E-04,  0.10437067014112E+05
      216.,  0.98066597032556E-02, -0.10762885146696E-01,  0.00000000000000E+00,  0.00000000000000E+00, -0.43643641874646E-03,  0.61873733140579E+04
      217.,  0.12841403267728E-01, -0.73415092938072E-02,  0.00000000000000E+00,  0.00000000000000E+00, -0.34653523879619E-03,  0.59396267745720E+04
      218.,  0.97585681054321E-02,  0.11147190142148E-01,  0.00000000000000E+00,  0.00000000000000E+00,  0.10453944983252E-03,  0.48248204435544E+04
      219., -0.13203303873871E-01, -0.52959342022833E-02,  0.00000000000000E+00,  0.00000000000000E+00,  0.56857015192903E-04,  0.56270157580557E+04
      220., -0.14445045600937E-01, -0.19284019869645E-03,  0.00000000000000E+00,  0.00000000000000E+00,  0.18036206905800E-03,  0.57234594149153E+04
      221.,  0.16601286706445E-01,  0.23904884558832E-02,  0.00000000000000E+00,  0.00000000000000E+00, -0.13805903569090E-03,  0.11581736039310E+05
      222.,  0.11658961973364E-01, -0.13920394681682E-01,  0.00000000000000E+00,  0.00000000000000E+00, -0.94617419899421E-04,  0.57968043733155E+04
      223.,  0.11506522228707E-01,  0.14083360822323E-01,  0.00000000000000E+00,  0.00000000000000E+00,  0.24387271765349E-04,  0.50987363508876E+04
      224.,  0.14742031643789E-01, -0.11009036326681E-01,  0.00000000000000E+00,  0.00000000000000E+00, -0.72408098413436E-04,  0.52390976001091E+04
      225.,  0.65544047128096E-02, -0.13522840323009E-01,  0.00000000000000E+00,  0.00000000000000E+00, -0.35596593317699E-03,  0.64175885779865E+04
      226.,  0.84304675102626E-02, -0.16118170829106E-01,  0.00000000000000E+00,  0.00000000000000E+00, -0.12748328609028E-03,  0.62594828698539E+04
      227.,  0.95156940755351E-02, -0.13210562006011E-01,  0.00000000000000E+00,  0.00000000000000E+00, -0.25543382146549E-03,  0.52004928675219E+04
      228., -0.99954122057477E-02,  0.14212116647528E-01,  0.00000000000000E+00,  0.00000000000000E+00,  0.25463451339545E-03,  0.82719761613084E+04
      229.,  0.64945569309862E-02,  0.13818639910267E-01,  0.00000000000000E+00,  0.00000000000000E+00,  0.12151168727992E-03,  0.59478252841757E+04
      230.,  0.83807900203704E-02,  0.16251924789570E-01,  0.00000000000000E+00,  0.00000000000000E+00,  0.41801773726741E-04,  0.58351941623754E+04
      231.,  0.93135768426113E-02,  0.13507282106686E-01,  0.00000000000000E+00,  0.00000000000000E+00,  0.67600040914204E-04,  0.47548061197575E+04
      232.,  0.12718605670717E-01,  0.90131341311657E-02,  0.00000000000000E+00,  0.00000000000000E+00,  0.30802481080479E-04,  0.56828736270431E+04
      233.,  0.14980221232418E-01, -0.98690694685836E-03,  0.00000000000000E+00,  0.00000000000000E+00, -0.21196862530609E-03,  0.68710679444542E+04
      234.,  0.18128213647756E-01, -0.11521860630215E-02,  0.00000000000000E+00,  0.00000000000000E+00, -0.55782221835261E-04,  0.61584322068671E+04
      235.,  0.16835852100864E-01, -0.33694178529699E-02,  0.00000000000000E+00,  0.00000000000000E+00, -0.55327775474231E-04,  0.30117414513337E+04
      236.,  0.16753165347994E-01, -0.56903566949311E-02,  0.00000000000000E+00,  0.00000000000000E+00, -0.75249531571581E-05,  0.26671455264109E+04
      237.,  0.17055215572981E-01, -0.78119622980880E-02,  0.00000000000000E+00,  0.00000000000000E+00, -0.38008712819735E-04,  0.38602528467296E+04
      238.,  0.14969243715176E-01, -0.82472632115949E-02,  0.00000000000000E+00,  0.00000000000000E+00, -0.10183022874607E-03,  0.43025246299704E+04
      239.,  0.12347780775916E-01, -0.10876218162937E-01,  0.00000000000000E+00,  0.00000000000000E+00, -0.23479907675005E-03,  0.62788718176398E+04
      240., -0.67455509823369E-02, -0.11012701710922E-01,  0.00000000000000E+00,  0.00000000000000E+00, -0.18080216549945E-03,  0.34003937726014E+04
      241., -0.71202405546225E-02, -0.12875020298943E-01,  0.00000000000000E+00,  0.00000000000000E+00, -0.17440523020153E-03,  0.37215336483317E+04
      242., -0.91277183489712E-02, -0.11557110219265E-01,  0.00000000000000E+00,  0.00000000000000E+00, -0.59654045521723E-04,  0.24434462895128E+04
      243., -0.96674421547808E-02, -0.13051747349619E-01,  0.00000000000000E+00,  0.00000000000000E+00, -0.46532695455920E-04,  0.25990424102241E+04
      244., -0.45075854811754E-02,  0.16870853308049E-01,  0.00000000000000E+00,  0.00000000000000E+00, -0.11353836915141E-03, -0.21326888591985E+04
      245., -0.68734064799856E-02,  0.16029012623390E-01,  0.00000000000000E+00,  0.00000000000000E+00, -0.13016562972356E-03, -0.20741527608335E+04
      246., -0.11240637398249E-01, -0.89027250335303E-02,  0.00000000000000E+00,  0.00000000000000E+00,  0.16133706043132E-04, -0.15010041933956E+04
      247., -0.91269897352266E-02, -0.93105326223315E-02,  0.00000000000000E+00,  0.00000000000000E+00,  0.25801222869508E-04, -0.96755129631279E+03
      248.,  0.14755932054242E-01, -0.49309486885506E-02,  0.00000000000000E+00,  0.00000000000000E+00,  0.10115864223173E-03, -0.16075584451500E+04
      249., -0.12617469524675E-01, -0.11868985945282E-01,  0.00000000000000E+00,  0.00000000000000E+00, -0.48284102420434E-05, -0.17315882996753E+04
      250.,  0.49052085964495E-02,  0.13152807602877E-01,  0.00000000000000E+00,  0.00000000000000E+00, -0.17083158583983E-03, -0.45593648103159E+04
      251.,  0.12563054590233E-01,  0.70413166898071E-02,  0.00000000000000E+00,  0.00000000000000E+00,  0.30519895238388E-04, -0.45296863203101E+04
      252., -0.16204716208684E-01,  0.28517042734762E-02,  0.00000000000000E+00,  0.00000000000000E+00, -0.98195006360887E-04, -0.24736911112509E+04
      253., -0.75210283760191E-02,  0.12787603644341E-01,  0.00000000000000E+00,  0.00000000000000E+00, -0.29424581022915E-03, -0.43591033719261E+04
      254., -0.62430329959703E-02, -0.14303517333752E-01,  0.00000000000000E+00,  0.00000000000000E+00,  0.11817985606607E-03, -0.29323778174400E+04
      255., -0.14041021139013E-01, -0.87227322188801E-02,  0.00000000000000E+00,  0.00000000000000E+00, -0.10785362886232E-05, -0.23899113120638E+04
      256., -0.11360832377942E-01, -0.56405858515012E-02,  0.00000000000000E+00,  0.00000000000000E+00, -0.20947733149610E-04, -0.24939345101762E+04
      257.,  0.49255491858014E-02, -0.12828716346645E-01,  0.00000000000000E+00,  0.00000000000000E+00,  0.29109772042337E-03, -0.46917859086874E+04
      258., -0.14748680077292E-02,  0.14534161480773E-01,  0.00000000000000E+00,  0.00000000000000E+00, -0.24262679033408E-03, -0.47012016091802E+04
      259., -0.10166713826500E-01,  0.93014790980538E-02,  0.00000000000000E+00,  0.00000000000000E+00, -0.26874868763010E-03, -0.43860284040857E+04
      260., -0.13148045864243E-01,  0.48073435772318E-02,  0.00000000000000E+00,  0.00000000000000E+00, -0.21192925086919E-03, -0.43593647281473E+04
      261., -0.12883521397823E-01, -0.39429936959470E-04,  0.00000000000000E+00,  0.00000000000000E+00, -0.85271269846089E-04, -0.26498127149799E+04
      262., -0.81890029026277E-02, -0.81687994622148E-02,  0.00000000000000E+00,  0.00000000000000E+00,  0.27986194799593E-04, -0.13590069753907E+04
      263., -0.54936538513992E-02, -0.10578880157710E-01,  0.00000000000000E+00,  0.00000000000000E+00,  0.11323633185404E-03, -0.17584131049762E+04
      264., -0.19615188332553E-02, -0.13536770617075E-01,  0.00000000000000E+00,  0.00000000000000E+00,  0.24414577883935E-03, -0.47451389676437E+04
      265.,  0.87651914952590E-02, -0.93216105807420E-02,  0.00000000000000E+00,  0.00000000000000E+00,  0.22239024610073E-03, -0.27471854030427E+04
      266.,  0.11835372894877E-01, -0.51347419743900E-02,  0.00000000000000E+00,  0.00000000000000E+00,  0.18580052290671E-03, -0.31336562217483E+04
      267.,  0.13704015169324E-01,  0.33055823232627E-03,  0.00000000000000E+00,  0.00000000000000E+00,  0.10482629286194E-03, -0.46260457941423E+04
      268.,  0.89738877911645E-02,  0.97642882885800E-02,  0.00000000000000E+00,  0.00000000000000E+00, -0.62778093867674E-04, -0.26509161653411E+04
      269., -0.90768957248939E-02, -0.14435797524842E-01,  0.00000000000000E+00,  0.00000000000000E+00,  0.41366198197314E-04, -0.18590674017051E+04
      270., -0.11421131690818E-01, -0.14123764012289E-01,  0.00000000000000E+00,  0.00000000000000E+00, -0.31798209519334E-06, -0.12487389085026E+04
      271., -0.15045775369799E-01, -0.49512825530653E-02,  0.00000000000000E+00,  0.00000000000000E+00, -0.41942371439889E-04, -0.30839571502146E+04
      272., -0.16006569804051E-01, -0.34625046043344E-03,  0.00000000000000E+00,  0.00000000000000E+00, -0.89503996320660E-04, -0.31933092233111E+04
      273.,  0.10848127911252E-01, -0.12204159712649E-01,  0.00000000000000E+00,  0.00000000000000E+00,  0.17939724083750E-03, -0.31322166055098E+04
      274.,  0.13847433640580E-01, -0.95482766132244E-02,  0.00000000000000E+00,  0.00000000000000E+00,  0.12079597914218E-03, -0.26352327433342E+04
      275.,  0.17415276906217E-01, -0.44344635798968E-02,  0.00000000000000E+00,  0.00000000000000E+00,  0.11134034438866E-04, -0.13485708472612E+04
      276.,  0.10543248419700E-01,  0.12530091995715E-01,  0.00000000000000E+00,  0.00000000000000E+00, -0.21922362410244E-04, -0.26130347356784E+04
      277.,  0.12874156751201E-01,  0.10984951572524E-01,  0.00000000000000E+00,  0.00000000000000E+00, -0.47740405088182E-05, -0.22577870862151E+04
      278.,  0.81832602398178E-02, -0.14216964299372E-01,  0.00000000000000E+00,  0.00000000000000E+00,  0.16464094565654E-03, -0.26014793736616E+04
      279.,  0.80839052655229E-02,  0.14484472217657E-01,  0.00000000000000E+00,  0.00000000000000E+00, -0.31666420986099E-04, -0.24306205794291E+04
      280.,  0.16256427295511E-01, -0.23043721260430E-02,  0.00000000000000E+00,  0.00000000000000E+00,  0.92932069800902E-04, -0.26381850246807E+04
      281.,  0.16091053789772E-01, -0.69462498099653E-02,  0.00000000000000E+00,  0.00000000000000E+00,  0.67924005213529E-04, -0.18858752976715E+04
      282., -0.79974481132747E-02, -0.11446523264135E-01,  0.00000000000000E+00,  0.00000000000000E+00,  0.70311024131334E-04, -0.15380843194820E+04
      283., -0.10257988584668E-01, -0.11667697174396E-01,  0.00000000000000E+00,  0.00000000000000E+00,  0.92590953193801E-05, -0.12625383966366E+04
      284., -0.79101995921655E-02,  0.16948884302106E-01,  0.00000000000000E+00,  0.00000000000000E+00,  0.68059449021191E-04,  0.43460274784517E+04
      553.,  0.19874244197915E-01,  0.22392895216250E-02,  0.00000000000000E+00,  0.00000000000000E+00, -0.62670832683733E-05,  0.43729783710176E+04
      554.,  0.19498558243565E-01,  0.44504186794401E-02,  0.00000000000000E+00,  0.00000000000000E+00,  0.62108043017755E-04, -0.27181028619126E+04
      555.,  0.18877666606619E-01,  0.66055812378129E-02,  0.00000000000000E+00,  0.00000000000000E+00, -0.15212599397800E-04,  0.63339489292048E+04
      556.,  0.18019377358836E-01,  0.86776747807149E-02,  0.00000000000000E+00,  0.00000000000000E+00,  0.10398163629982E-04, -0.25771621684240E+04
      557.,  0.16934483985740E-01,  0.10640641528439E-01,  0.00000000000000E+00,  0.00000000000000E+00, -0.24446955618671E-04,  0.35891742414884E+04
      558.,  0.15636629650845E-01,  0.12469796035313E-01,  0.00000000000000E+00,  0.00000000000000E+00, -0.18262400610651E-04, -0.14911721897563E+04
      559.,  0.14142135625162E-01,  0.14142135622300E-01,  0.00000000000000E+00,  0.00000000000000E+00, -0.52558271635392E-04,  0.25604360818719E+04
      560., -0.22392895216164E-02,  0.19874244197916E-01,  0.00000000000000E+00,  0.00000000000000E+00, -0.97371795828377E-04,  0.32678055176314E+04
      561., -0.44504186795202E-02,  0.19498558243547E-01,  0.00000000000000E+00,  0.00000000000000E+00, -0.92190021237222E-04, -0.12684628729198E+04
      562., -0.66055812378130E-02,  0.18877666606619E-01,  0.00000000000000E+00,  0.00000000000000E+00, -0.12301207836275E-03,  0.19742946825987E+04
      563., -0.86776747807074E-02,  0.18019377358840E-01,  0.00000000000000E+00,  0.00000000000000E+00, -0.10199790496346E-03, -0.11935825994231E+04
      564., -0.10640641528413E-01,  0.16934483985756E-01,  0.00000000000000E+00,  0.00000000000000E+00, -0.87330034872093E-04,  0.30401019464610E+04
      565., -0.12469796035476E-01,  0.15636629650715E-01,  0.00000000000000E+00,  0.00000000000000E+00, -0.20024362495412E-03, -0.19060170011788E+04
      566., -0.14142135621397E-01,  0.14142135626065E-01,  0.00000000000000E+00,  0.00000000000000E+00, -0.28201053427806E-06,  0.51233530113324E+04
      567., -0.19874244197915E-01, -0.22392895216250E-02,  0.00000000000000E+00,  0.00000000000000E+00, -0.19554730241146E-04,  0.37024928737551E+04
      568., -0.19498558243565E-01, -0.44504186794401E-02,  0.00000000000000E+00,  0.00000000000000E+00, -0.31693543128018E-04, -0.17041518281055E+04
      569., -0.18877666606619E-01, -0.66055812378129E-02,  0.00000000000000E+00,  0.00000000000000E+00, -0.73427515158942E-05,  0.33355020448091E+04
      570., -0.18019377358836E-01, -0.86776747807149E-02,  0.00000000000000E+00,  0.00000000000000E+00, -0.11229589528211E-05, -0.14074049739715E+04
      571., -0.16934483985740E-01, -0.10640641528438E-01,  0.00000000000000E+00,  0.00000000000000E+00,  0.30978027945930E-04,  0.26148907692162E+04
      572., -0.15636629650845E-01, -0.12469796035313E-01,  0.00000000000000E+00,  0.00000000000000E+00,  0.37083726642244E-05, -0.97000923911343E+03
      573., -0.14142135625162E-01, -0.14142135622300E-01,  0.00000000000000E+00,  0.00000000000000E+00,  0.50779421085552E-04,  0.17263313356592E+04
      574.,  0.22392895216164E-02, -0.19874244197916E-01,  0.00000000000000E+00,  0.00000000000000E+00, -0.51440594731037E-04,  0.68388640761650E+04
      575.,  0.44504186795202E-02, -0.19498558243547E-01,  0.00000000000000E+00,  0.00000000000000E+00,  0.26228968869241E-03, -0.28032660922517E+04
      576.,  0.66055812378130E-02, -0.18877666606619E-01,  0.00000000000000E+00,  0.00000000000000E+00,  0.67182611244750E-04,  0.40455305748952E+04
      577.,  0.86776747807074E-02, -0.18019377358840E-01,  0.00000000000000E+00,  0.00000000000000E+00,  0.13263543144915E-03, -0.16852321594825E+04
      578.,  0.10640641528413E-01, -0.16934483985756E-01,  0.00000000000000E+00,  0.00000000000000E+00,  0.11269287392609E-03,  0.29373736375615E+04
      579.,  0.12469796035476E-01, -0.15636629650715E-01,  0.00000000000000E+00,  0.00000000000000E+00,  0.98937254433012E-04, -0.13611395957825E+04
      580.,  0.14142135621397E-01, -0.14142135626065E-01,  0.00000000000000E+00,  0.00000000000000E+00,  0.11205389107097E-03,  0.29811919046917E+04
      589., -0.19509032199685E-02,  0.98078528040706E-02,  0.00000000000000E+00,  0.00000000000000E+00,  0.53869961112059E-03,  0.40452753519012E+04
      590., -0.38268343229136E-02,  0.92387953254183E-02,  0.00000000000000E+00,  0.00000000000000E+00, -0.10545087557945E-03, -0.20274831585323E+04
      591., -0.55557023292389E-02,  0.83146961236650E-02,  0.00000000000000E+00,  0.00000000000000E+00,  0.49766302800783E-03,  0.33255020323494E+04
      592., -0.70710678106984E-02,  0.70710678130326E-02,  0.00000000000000E+00,  0.00000000000000E+00, -0.11035353603090E-03, -0.17871101092181E+04
      593.,  0.98078528040583E-02,  0.19509032200305E-02,  0.00000000000000E+00,  0.00000000000000E+00, -0.13977032504445E-03,  0.34930378938715E+04
      594.,  0.92387953254179E-02,  0.38268343229145E-02,  0.00000000000000E+00,  0.00000000000000E+00,  0.10891409245584E-04, -0.17705312776062E+04
      595.,  0.83146961236587E-02,  0.55557023292483E-02,  0.00000000000000E+00,  0.00000000000000E+00,  0.62495026555223E-04,  0.29734599217015E+04
      596.,  0.70710678125810E-02,  0.70710678111500E-02,  0.00000000000000E+00,  0.00000000000000E+00, -0.31827208121169E-04, -0.16420832117811E+04
      845.,  0.19509032199685E-02, -0.98078528040706E-02,  0.00000000000000E+00,  0.00000000000000E+00, -0.47320711375487E-03,  0.32128879246534E+04
      846.,  0.38268343229136E-02, -0.92387953254182E-02,  0.00000000000000E+00,  0.00000000000000E+00,  0.97604362713355E-04, -0.16258278235599E+04
      847.,  0.55557023292389E-02, -0.83146961236650E-02,  0.00000000000000E+00,  0.00000000000000E+00, -0.41779500825536E-03,  0.25692221184942E+04
      848.,  0.70710678106984E-02, -0.70710678130326E-02,  0.00000000000000E+00,  0.00000000000000E+00,  0.81491163229391E-04, -0.13438158350443E+04
      849., -0.98078528040583E-02, -0.19509032200305E-02,  0.00000000000000E+00,  0.00000000000000E+00,  0.94533893763664E-04,  0.22440700054611E+04
      850., -0.92387953254179E-02, -0.38268343229145E-02,  0.00000000000000E+00,  0.00000000000000E+00,  0.44362085498825E-06, -0.10018692716790E+04
      851., -0.83146961236587E-02, -0.55557023292483E-02,  0.00000000000000E+00,  0.00000000000000E+00, -0.38709198920016E-04,  0.15524212545443E+04
      852., -0.70710678125810E-02, -0.70710678111500E-02,  0.00000000000000E+00,  0.00000000000000E+00,  0.12641058602652E-04, -0.74167853529644E+03
    16169.,  0.15636629646998E-01, -0.12469796040138E-01,  0.00000000000000E+00,  0.00000000000000E+00,  0.76967981195513E-04, -0.12568639382760E+04
    16170.,  0.16934483982349E-01, -0.10640641533835E-01,  0.00000000000000E+00,  0.00000000000000E+00,  0.10595351251793E-03,  0.23551496784985E+04
    16171.,  0.18019377356190E-01, -0.86776747862107E-02,  0.00000000000000E+00,  0.00000000000000E+00,  0.56606787001389E-04, -0.92883391869025E+03
    16172.,  0.18877666604858E-01, -0.66055812428460E-02,  0.00000000000000E+00,  0.00000000000000E+00,  0.84243948236280E-04,  0.17444794612512E+04
    16173.,  0.19498558242950E-01, -0.44504186821342E-02,  0.00000000000000E+00,  0.00000000000000E+00,  0.16299178501552E-04, -0.91074595679692E+03
    16174.,  0.19874244197946E-01, -0.22392895213436E-02,  0.00000000000000E+00,  0.00000000000000E+00,  0.72367644788253E-04,  0.21738908821178E+04
    16175., -0.17347234759768E-17, -0.20000000000000E-01,  0.00000000000000E+00,  0.00000000000000E+00,  0.25655020599072E-03, -0.31836097319553E+04
    16176., -0.12469796037714E-01, -0.15636629648930E-01,  0.00000000000000E+00,  0.00000000000000E+00,  0.19981849690117E-04, -0.81929800829869E+03
    16177., -0.10640641528609E-01, -0.16934483985633E-01,  0.00000000000000E+00,  0.00000000000000E+00,  0.69211159822378E-04,  0.18262597791831E+04
    16178., -0.86776747752179E-02, -0.18019377361484E-01,  0.00000000000000E+00,  0.00000000000000E+00,  0.69954739742653E-04, -0.10896521264929E+04
    16179., -0.66055812290551E-02, -0.18877666609683E-01,  0.00000000000000E+00,  0.00000000000000E+00,  0.72294862611159E-04,  0.30835041428862E+04
    16180., -0.44504186662426E-02, -0.19498558246577E-01,  0.00000000000000E+00,  0.00000000000000E+00,  0.13470848285326E-03, -0.19765720709939E+04
    16181., -0.22392895111620E-02, -0.19874244199093E-01,  0.00000000000000E+00,  0.00000000000000E+00,  0.53479096652189E-04,  0.50097790828355E+04
    16182., -0.20000000000000E-01,  0.24492935982947E-17,  0.00000000000000E+00,  0.00000000000000E+00, -0.62388745187297E-04, -0.15829695145127E+04
    16183., -0.15636629646998E-01,  0.12469796040138E-01,  0.00000000000000E+00,  0.00000000000000E+00, -0.24511213471775E-03, -0.28021644049861E+04
    16184., -0.16934483982349E-01,  0.10640641533835E-01,  0.00000000000000E+00,  0.00000000000000E+00,  0.18864827760917E-04,  0.58634910367862E+04
    16185., -0.18019377356190E-01,  0.86776747862107E-02,  0.00000000000000E+00,  0.00000000000000E+00, -0.17789021784712E-03, -0.23645783159114E+04
    16186., -0.18877666604858E-01,  0.66055812428460E-02,  0.00000000000000E+00,  0.00000000000000E+00, -0.61913092592496E-04,  0.38896306959874E+04
    16187., -0.19498558242950E-01,  0.44504186821342E-02,  0.00000000000000E+00,  0.00000000000000E+00, -0.79026430282446E-04, -0.16507303428343E+04
    16188., -0.19874244197946E-01,  0.22392895213436E-02,  0.00000000000000E+00,  0.00000000000000E+00, -0.50709580051292E-04,  0.29782826076293E+04
    16189.,  0.17347234759768E-17,  0.20000000000000E-01,  0.00000000000000E+00,  0.00000000000000E+00, -0.18798367802401E-03, -0.23604952906148E+04
    16190.,  0.12469796037714E-01,  0.15636629648930E-01,  0.00000000000000E+00,  0.00000000000000E+00, -0.32829906717510E-04, -0.11279065174049E+04
    16191.,  0.10640641528609E-01,  0.16934483985633E-01,  0.00000000000000E+00,  0.00000000000000E+00, -0.83825326391294E-04,  0.27816875786419E+04
    16192.,  0.86776747752179E-02,  0.18019377361484E-01,  0.00000000000000E+00,  0.00000000000000E+00, -0.38964545607020E-04, -0.15733183927880E+04
    16193.,  0.66055812290551E-02,  0.18877666609683E-01,  0.00000000000000E+00,  0.00000000000000E+00, -0.12155433491229E-03,  0.38031379841252E+04
    16194.,  0.44504186662427E-02,  0.19498558246577E-01,  0.00000000000000E+00,  0.00000000000000E+00, -0.13675042004640E-03, -0.24294023524591E+04
    16195.,  0.22392895111620E-02,  0.19874244199093E-01,  0.00000000000000E+00,  0.00000000000000E+00, -0.17002072452874E-04,  0.59702894539827E+04
    16196.,  0.20000000000000E-01,  0.00000000000000E+00,  0.00000000000000E+00,  0.00000000000000E+00,  0.48542593595948E-04, -0.15542696408460E+04
    16197.,  0.55557023296995E-02,  0.83146961233572E-02,  0.00000000000000E+00,  0.00000000000000E+00,  0.22771590618171E-03,  0.29112196962338E+04
    16198.,  0.38268343195200E-02,  0.92387953268239E-02,  0.00000000000000E+00,  0.00000000000000E+00, -0.71537631896854E-04, -0.18773195625567E+04
    16199.,  0.19509032136559E-02,  0.98078528053263E-02,  0.00000000000000E+00,  0.00000000000000E+00,  0.42420341793981E-03,  0.37171419483125E+04
    16200., -0.83146961218892E-02,  0.55557023318966E-02,  0.00000000000000E+00,  0.00000000000000E+00,  0.42721803506627E-03,  0.31592205753532E+04
    16201., -0.92387953243113E-02,  0.38268343255860E-02,  0.00000000000000E+00,  0.00000000000000E+00, -0.62794599775458E-04, -0.15504482108813E+04
    16202., -0.98078528037615E-02,  0.19509032215225E-02,  0.00000000000000E+00,  0.00000000000000E+00,  0.25870245255001E-03,  0.26906694133960E+04
    16203.,  0.86736173798840E-18,  0.10000000000000E-01,  0.00000000000000E+00,  0.00000000000000E+00, -0.10595269638246E-03, -0.22668771988191E+04
    16204., -0.55557023296995E-02, -0.83146961233572E-02,  0.00000000000000E+00,  0.00000000000000E+00, -0.12234656358788E-03,  0.12303639885097E+04
    16205., -0.38268343195200E-02, -0.92387953268239E-02,  0.00000000000000E+00,  0.00000000000000E+00,  0.42015535173428E-04, -0.94710722952519E+03
    16206., -0.19509032136559E-02, -0.98078528053263E-02,  0.00000000000000E+00,  0.00000000000000E+00, -0.28731382873013E-03,  0.21913734102680E+04
    16207., -0.10000000000000E-01,  0.12246467991474E-17,  0.00000000000000E+00,  0.00000000000000E+00, -0.38522820787232E-04, -0.13818869869455E+04
    16208.,  0.10000000000000E-01,  0.00000000000000E+00,  0.00000000000000E+00,  0.00000000000000E+00,  0.46047732381164E-04, -0.17873566545747E+04
    16209.,  0.83146961218892E-02, -0.55557023318966E-02,  0.00000000000000E+00,  0.00000000000000E+00, -0.31826793766774E-03,  0.22444490131090E+04
    16210.,  0.92387953243113E-02, -0.38268343255860E-02,  0.00000000000000E+00,  0.00000000000000E+00,  0.60348805224873E-04, -0.13949760545153E+04
    16211.,  0.98078528037615E-02, -0.19509032215225E-02,  0.00000000000000E+00,  0.00000000000000E+00, -0.27124995900868E-03,  0.26951005676824E+04
    16212., -0.86736173798840E-18, -0.10000000000000E-01,  0.00000000000000E+00,  0.00000000000000E+00,  0.70026552990590E-04, -0.15204080944679E+04
    37911.,  0.00000000000000E+00,  0.00000000000000E+00,  0.60000000000000E+00,  0.11503233817219E-01,  0.64940733019468E-02, -0.54796128047247E+06
