"# RE-ANALYSIS - analytical baseline, Section 2, 2026-09-18. No CFD has been run."
section,quantity,value,units
FluidMechanics,A_c,0.0003141592654,m2
FluidMechanics,P_wetted,0.06283185307,m
FluidMechanics,D_h,0.02,m
FluidMechanics,Q_vol,0.007382742736,m3/s
FluidMechanics,m_dot,0.008686472278,kg/s
FluidMechanics,G,27.64990002,kg/m2.s
FluidMechanics,V_in,23.5,m/s
FluidMechanics,V_out,28.8934421,m/s
FluidMechanics,Re_in,29956.55473,-
FluidMechanics,Re_out,25547.6628,-
FluidMechanics,Ma_in,0.06767969451,-
FluidMechanics,Ma_out,0.07504540401,-
PressureDrop,f_mean,0.02413326646,-
PressureDrop,q_dyn_in,324.8863252,Pa
PressureDrop,dp_friction,263.1602118,Pa
PressureDrop,dp_acceleration,149.1281348,Pa
PressureDrop,dp_entry_increment,29.23976927,Pa
PressureDrop,dp_entrance_minor,162.4431626,Pa
PressureDrop,dp_exit_minor,399.4503927,Pa
PressureDrop,dp_total_CFD_comparable,441.5281159,Pa
PressureDrop,dp_total_installation,1003.421671,Pa
PressureDrop,L_entry,0.35757934,m
HeatTransfer,Pr_in,0.707,-
HeatTransfer,Pr_out,0.6962295095,-
HeatTransfer,A_inner,0.03769911184,m2
HeatTransfer,A_outer,0.07539822369,m2
HeatTransfer,qpp_outer,8000,W/m2
HeatTransfer,qpp_inner,16000,W/m2
HeatTransfer,Q_total,603.1857895,W
HeatTransfer,Nu_DittusBoelter_exit,66.7897391,-
HeatTransfer,Nu_Gnielinski_exit,61.87436224,-
HeatTransfer,Nu_corrected_exit,49.58145803,-
HeatTransfer,h_const_prop_exit,97.12702505,W/m2.K
HeatTransfer,h_corrected_exit,77.83028933,W/m2.K
HeatTransfer,T_out_bulk,368.8524523,K
HeatTransfer,dT_bulk,68.85245234,K
HeatTransfer,T_wall_inner_exit,574.4279441,K
HeatTransfer,T_wall_outer_exit,581.7125934,K
Conduction,k_solid_at_wall,15.22428094,W/m.K
Conduction,R_conduction,0.01207695791,K/W
Conduction,R_convection,0.340816205,K/W
Conduction,dT_through_wall,7.284649393,K
Conduction,solid_resistance_fraction,0.03422270302,-
Expansion,T_solid_mean,554.7411008,K
Expansion,dT_above_ref,254.7411008,K
Expansion,alpha,1.371566661e-05,1/K
Expansion,thermal_strain,0.003493944011,-
Expansion,free_axial_growth,0.002096366406,m
Expansion,free_bore_growth,3.493944011e-05,m
Expansion,flow_area_change,0.7000095666,%
Stress,E_at_Ts,1.88104534e+11,Pa
Stress,Sy_at_Ts,1023681780,Pa
Stress,LC1_vonMises_max,16313329.01,Pa
Stress,LC1_hoop_bore,16313329.01,Pa
Stress,LC1_hoop_outer,-10343055.29,Pa
Stress,LC2_axial,-657226709.8,Pa
Stress,LC1_utilisation,0.01593593765,-
Stress,LC2_utilisation,0.6420224749,-
Stress,LC2_margin_of_safety,0.5575778717,-
Stress,LC2_over_LC1_ratio,40.28771253,-
Dimensionless,Grashof,28540.9918,-
Dimensionless,Richardson,4.372871448e-05,-
Dimensionless,Eckert,0.002663630577,-
Dimensionless,Brinkman,0.001824944916,-
Dimensionless,Peclet,17787.03674,-
