z_m,A_m2,N_z_N,N_z_trapezoid_raw_N,T_mean_K,T_bore_K,T_outer_K,eps_th_mean,eps_th_Eweighted,E_mean_Pa,uz_mean_m,uz_outer_m,uz_bore_m,ur_outer_m,ur_bore_m,seqv_bore_Pa,seqv_outer_Pa,seqv_max_in_plane_Pa,sz_bore_Pa,sz_outer_Pa,st_bore_Pa,st_outer_Pa,sr_max_abs_Pa,epel_outer
0.0,0.000942477796076938,-549247.9003388822,-549247.9003388821,433.4502908859258,423.86014399999993,437.98234988888885,0.0017497542453831468,0.0017496882418375802,195381982546.84442,0.0,0.0,0.0,5.299658668055555e-05,2.6759591569444444e-05,565296337.1111112,605157586.7777778,605160873.0,-539159324.4444444,-613490076.4444444,48578939.95555556,-17182991.355555557,7559502.65,0.0031016563177777776
0.002127597,0.000942477796076938,-549247.203949718,-549247.203949718,434.293975265679,425.1707596666667,438.7261785555555,0.0017613351126149295,0.0017612755049125491,195331361484.05923,-2.62750589948642e-06,-2.7637762783333336e-06,-2.5419450755555557e-06,5.3061975986111115e-05,2.6745580483333333e-05,562067160.7777778,603203367.6666666,603207260.0,-538250798.2222222,-612090357.3333334,44713746.31111111,-18184731.555555556,5331027.73,0.0030923409188888893
0.004301783,0.000942477796076938,-549236.8036862945,-549236.8036862944,435.15613383432094,426.51008194444444,439.4862968888889,0.001773176801499402,0.0017731233759619527,195279631969.94073,-5.281023262417284e-06,-5.543793718333333e-06,-5.0830149983333336e-06,5.321947646527778e-05,2.6769963931944448e-05,561262912.5555556,601725459.5555556,601730708.0,-539503377.7777778,-610631712.0,40979913.57777778,-18278459.777777776,4783898.05,0.0030854860466666668
0.006523576,0.000942477796076938,-549217.8310357914,-549217.8310357913,435.98035971185175,427.79776694444445,440.21674538888885,0.00178450408000767,0.001784456452136182,195230178417.28888,-7.966724354693825e-06,-8.353176114444445e-06,-7.66081861611111e-06,5.345860840972223e-05,2.6848512630555556e-05,563180827.4444444,601030770.8888888,601037370.0,-543102428.4444444,-609552700.4444444,37857302.266666666,-17582470.71111111,5715064.62,0.0030826096844444447
0.008794021,0.000942477796076938,-549191.3708390215,-549191.3708390214,437.7821387555555,430.48106077777777,441.74545150000006,0.0018092930634997224,0.0018092533387648179,195122071674.66663,-1.0670245794888887e-05,-1.1170179722222222e-05,-1.0262410838888889e-05,5.3800476412500006e-05,2.6945288402777778e-05,562871683.1111112,598053548.0,598060577.0,-546344913.7777778,-606608007.1111112,31533893.0,-17553512.866666667,4207201.92,0.0030687747577777774
0.011114182,0.000942477796076938,-549162.668801734,-549162.668801734,439.6233731466666,433.2231115555555,443.30762838888893,0.001834656898468949,0.0018346244941972755,195011597611.19998,-1.3370880463481478e-05,-1.3964952122222224e-05,-1.2858333738888889e-05,5.4214366368055556e-05,2.7083273405555555e-05,563521525.7777778,595407276.4444444,595414408.0,-550128209.7777778,-603619000.8888888,25687398.0,-16875289.999999996,3581533.37,0.0030566621300000003
0.013485148,0.000942477796076938,-549135.4111933504,-549135.4111933503,441.50489118888885,435.97821994444445,444.9170015555556,0.0018606094297262759,0.001860583409201519,194898706528.66663,-1.606960093222222e-05,-1.6743333816666667e-05,-1.545520973888889e-05,5.468171291666666e-05,2.7270011418055556e-05,564781333.2222222,593347983.2222222,593355155.0,-554078368.0,-601109408.0,20711117.26388889,-15969847.533333335,3204257.15,0.003047599083333333
0.015908032,0.000942477796076938,-549109.3603139892,-549109.3603139892,443.4270911039505,438.0917308333333,446.75558483333333,0.0018871624849835012,0.0018871380507227155,194783374533.7629,-1.876579344859259e-05,-1.9500325927777778e-05,-1.8068741555555555e-05,5.519623299305555e-05,2.750963619444444e-05,567318286.8888888,591208908.8888888,591216253.0,-557725034.6666666,-598651242.6666666,18590498.088888887,-15279369.155555554,2962773.91,0.0030383353333333337
0.01838397,0.000942477796076938,-549089.1571197953,-549089.1571197952,445.39138017358016,440.25152683333334,448.6344267777778,0.0019143324806505822,0.0019143096178203907,194665517189.5852,-2.1457951368123456e-05,-2.2231773611111113e-05,-2.0706174072222224e-05,5.5741712922222214e-05,2.7777371229166668e-05,569262432.6666666,589508974.5555556,589516368.0,-560471516.4444444,-596579189.3333334,17061995.244444445,-14510605.333333334,2679866.94,0.003031356686666667
0.020914123,0.000942477796076938,-549073.7125699957,-549073.7125699956,447.36001394592586,442.3598262777777,450.53995944444443,0.0019415990632340489,0.0019415773002547216,194547399163.24445,-2.414402479834568e-05,-2.4939899950000002e-05,-2.335604361666667e-05,5.6305665848611115e-05,2.8065555993055554e-05,570979870.1111112,588279787.0,588287185.0,-562605653.3333334,-595003950.2222222,16277985.888888892,-13790193.08888889,2522290.74,0.0030268149366666666
0.02349968,0.000942477796076938,-549061.9651022812,-549061.9651022812,449.30189813333317,444.33582911111114,452.46110888888893,0.0019685312993348385,0.001968509822117449,194430886111.99997,-2.6825295495950617e-05,-2.762859006111111e-05,-2.6022046388888894e-05,5.687973392499999e-05,2.83679109625e-05,572663631.1111112,587461557.3333334,587469021.0,-564278215.1111112,-593883328.0,16306496.777777778,-13154453.500000002,2569224.13,0.003024396164444444
0.026141853,0.000942477796076938,-549054.390429178,-549054.390429178,451.2863045819753,446.3551010555555,454.4243276111111,0.0019960894795057363,0.0019960682929756296,194311821725.08145,-2.9499355193629625e-05,-3.029837649444444e-05,-2.8695925e-05,5.7458966955555554e-05,2.867203208472222e-05,573686802.6666666,586834348.3333334,586841824.0,-565260903.1111112,-593033550.2222222,16378086.666666664,-12687087.488888891,2441358.31,0.003023003214444444
0.028841882,0.000942477796076938,-549049.713594649,-549049.7135946489,453.22240029432095,448.304224,456.3506562777778,0.0020230122171148376,0.0020229911258938388,194195655982.34073,-3.216428637446913e-05,-3.295083049444444e-05,-3.137060227777778e-05,5.8036173009722215e-05,2.897700693194445e-05,574579753.0,586606027.2222222,586613504.0,-565958087.1111112,-592600380.4444444,16747679.233333336,-12261765.977777777,2530144.11,0.003023627138888889
0.031601034,0.000942477796076938,-549047.2612646312,-549047.2612646311,455.17826418049367,450.26782749999995,458.29947594444434,0.002050245259496291,0.0020502242162821,194078304149.17038,-3.48198655048642e-05,-3.558939325e-05,-3.404374345e-05,5.861091811527777e-05,2.927757536111111e-05,575083317.8888888,586468543.8888888,586476027.0,-566285422.2222222,-592331747.5555556,17080375.644444443,-11988758.3,2528420.74,0.0030247449300000004
0.034420604,0.000942477796076938,-549046.4202895991,-549046.4202895991,457.1343740335802,452.2305442222222,460.2493743888888,0.0020775172894046904,0.0020774962812575284,193960937557.98514,-3.7462032980641975e-05,-3.821096508333333e-05,-3.670636797777778e-05,5.9180996884722224e-05,2.9572972187500006e-05,575346472.5555556,586447189.0,586454696.0,-566392526.2222222,-592226161.7777778,17376834.111111112,-11811070.777777776,2522603.97,0.0030264609066666666
0.037301914,0.000942477796076938,-549046.5713988097,-549046.5713988096,459.06398844049374,454.16479355555543,462.17425961111104,0.0021044547756450477,0.002104433780519816,193845160693.57034,-4.0091033974345675e-05,-4.081904136111111e-05,-3.935814551666667e-05,5.9745175220833345e-05,2.986385159166667e-05,575548468.0,586579449.2222222,586586985.0,-566427662.2222222,-592288903.1111112,17694558.266666666,-11664577.244444443,2613196.91,0.0030289436577777776
0.040246317,0.000942477796076938,-549047.218952265,-549047.2189522649,461.0268232644443,456.1323303888889,464.13230999999996,0.002131891513178969,0.002131870531065075,193727390604.13333,-4.27031875174074e-05,-4.3409856072222216e-05,-4.199268717222223e-05,6.030596668194445e-05,3.014835915138889e-05,575472912.8888888,586593385.7777778,586600944.0,-566286730.6666666,-592297717.3333334,17821273.933333334,-11648537.42222222,2536106.17,0.0030308542233333335
0.043255194,0.000942477796076938,-549048.1336500044,-549048.1336500043,462.9315486837036,458.0414837222222,466.0326505,0.002158550215973734,0.0021585292431623776,193613107078.97778,-4.529720361316049e-05,-4.598337858333333e-05,-4.460845817222222e-05,6.086077504444443e-05,3.0430121162499997e-05,575528015.0,586787210.3333334,586794805.0,-566227018.6666666,-592452970.6666666,18033651.222222224,-11574577.388888886,2651789.44,0.003033641518888889
0.046329956,0.000942477796076938,-549049.0207352388,-549049.0207352387,464.8779838762962,459.99244372222216,467.97460611111114,0.0021858275152179525,0.0021858065520050916,193496320967.42218,-4.7870895131975305e-05,-4.853756679444444e-05,-4.720276273888889e-05,6.141340612083334e-05,3.0706886526388893e-05,575358581.6666666,586798389.5555556,586805998.0,-566053070.2222222,-592489095.1111112,18046372.755555555,-11620630.088888891,2565946.0,0.0030355296977777778
0.049472047,0.000942477796076938,-549049.8726122953,-549049.8726122952,466.77022817061726,461.8890032777777,469.86255838888894,0.0022123791290202485,0.0022123581743058803,193382786309.76297,-5.042183068039505e-05,-5.106978341666667e-05,-4.9772831300000005e-05,6.196123980694444e-05,3.0982308756944446e-05,575352562.0,586951528.7777778,586959179.0,-565987960.8888888,-592625955.5555556,18154071.088888887,-11591901.311111111,2654860.09,0.003038102164444444
0.052682941,0.000942477796076938,-549050.5629696016,-549050.5629696015,468.6920348437037,463.81517638888886,471.7800126111112,0.0022393796075760616,0.0022393586614452552,193267477909.37775,-5.294873508241974e-05,-5.357919156666667e-05,-5.2317999155555554e-05,6.250735081805556e-05,3.125443152361111e-05,575200188.6666666,586956054.2222222,586963720.0,-565854012.4444444,-592657301.3333334,18122371.53333333,-11643749.066666665,2588086.44,0.003039937312222222
0.055964144,0.000942477796076938,-549051.1809892931,-549051.1809892931,470.5702768548148,465.69769299999996,473.6537613888888,0.0022658011784891527,0.0022657802422501386,193154783388.71112,-5.544860646081481e-05,-5.606201859444444e-05,-5.483473610555555e-05,6.30496162236111e-05,3.152588951388889e-05,575180021.7777778,587062780.3333334,587070481.0,-565804796.4444444,-592756209.7777778,18174043.04444444,-11631322.388888888,2650267.43,0.0030422615300000006
0.059317197,0.000942477796076938,-549051.6892291715,-549051.6892291714,472.4680061049382,467.5997445,475.5468870555556,0.0022925301680740643,0.0022925092423380132,193040919633.70367,-5.792052639340741e-05,-5.851796670555555e-05,-5.732297319444444e-05,6.35901673125e-05,3.17951285e-05,575057029.7777778,587061813.3333334,587069542.0,-565704049.7777778,-592777966.2222222,18135580.31111111,-11675169.733333334,2592854.42,0.0030440483366666665
0.062743671,0.000942477796076938,-549052.2470643257,-549052.2470643257,474.32284647654313,469.45913977777775,477.3968618333333,0.0023186874097313663,0.002318666498696926,192929629211.40738,-6.036142263429629e-05,-6.094332395555555e-05,-5.977909299444443e-05,6.412715818750001e-05,3.206421669444444e-05,575057181.3333334,587173614.6666666,587181317.0,-565674609.7777778,-592876689.7777778,18187033.91111111,-11653584.666666664,2649889.17,0.003046381455555556
0.066245176,0.000942477796076938,-549052.740202219,-549052.7402022189,476.19682724246917,471.3378042222222,479.2658245,0.0023451899454897123,0.0023451690164419006,192817190365.4518,-6.277025648091357e-05,-6.333760484444445e-05,-6.220284186111111e-05,6.466332509583334e-05,3.2331539468055553e-05,574964248.4444444,587166129.5555556,587173940.0,-565598897.7777778,-592916817.7777778,18160435.444444444,-11743547.166666668,2597164.81,0.0030481145444444437
0.069823353,0.000942477796076938,-549053.011412422,-549053.0114124219,478.02019314864185,473.1661607777777,481.08421616666664,0.002371093830041997,0.002371072846100169,192707788411.08148,-6.514399977281481e-05,-6.569642224444445e-05,-6.459127569444445e-05,6.519634351944445e-05,3.259892427916667e-05,575008239.6666666,587242727.4444444,587250483.0,-565596800.0,-592985223.1111112,18243178.688888893,-11733088.388888888,2679612.74,0.0030502404322222225
0.073479883,0.000942477796076938,-549053.2577356264,-549053.2577356263,479.8669859691357,475.01806727777773,482.9259535,0.002397427791116015,0.002397406757545286,192596980841.8518,-6.748071902318519e-05,-6.801801156111112e-05,-6.694309170555556e-05,6.572779927361113e-05,3.286383395416666e-05,574924149.1111112,587192989.6666666,587200726.0,-565519313.7777778,-592962858.6666666,18234880.08888889,-11782583.311111111,2609690.62,0.00305173184
0.07721648,0.000942477796076938,-549053.6354192913,-549053.6354192913,481.6564764355555,476.81252233333333,484.7106368333332,0.0024230216479699746,0.0024230005931137927,192489611413.86664,-6.977806177333334e-05,-7.030015025555556e-05,-6.925583861111111e-05,6.625461674583334e-05,3.312806205833333e-05,574943966.6666666,587261252.1111112,587268981.0,-565470357.3333334,-593013920.0,18357689.933333337,-11755245.02222222,2671086.21,0.0030537896066666665
0.081034898,0.000942477796076938,-549053.9585034724,-549053.9585034723,483.45879209506165,478.6197713888889,486.5081406666667,0.0024488613551576673,0.0024488403099813204,192381472474.2963,-7.203334088338271e-05,-7.254017633333334e-05,-7.152638040555556e-05,6.677841306527777e-05,3.3389139868055555e-05,574854799.3333334,587245353.2222222,587253045.0,-565398702.2222222,-593011815.1111112,18334243.955555554,-11779166.222222222,2632812.89,0.0030554204833333335
0.084936928,0.000942477796076938,-549054.1439719326,-549054.1439719325,485.22813015827154,480.3937676111111,488.27283433333326,0.0024742651285749643,0.0024742440952265263,192275312190.5037,-7.424528823790123e-05,-7.473731878333333e-05,-7.375346746111112e-05,6.729761248472222e-05,3.364860174027778e-05,574843671.3333334,587273755.8888888,587281394.0,-565379793.7777778,-593035697.7777778,18341562.28888889,-11772754.522222225,2650866.74,0.0030572548144444447
0.088924402,0.000942477796076938,-549054.3276084951,-549054.327608495,486.98260071679005,482.1527719444445,490.02274100000005,0.0024994891384355236,0.002499468116269316,192170043956.99258,-7.641027159422222e-05,-7.688726731111111e-05,-7.59329721e-05,6.781229351944445e-05,3.3905937377777777e-05,574827836.6666666,587300469.2222222,587308035.0,-565359363.5555556,-593059626.6666666,18349351.68888889,-11768576.7,2660104.59,0.0030590659522222226
0.09299919,0.000942477796076938,-549054.5239342994,-549054.5239342994,488.73351627432095,483.9081508333333,491.7691356666667,0.0025246954946531435,0.0025246744832362646,192064989023.5407,-7.852772025059257e-05,-7.899025447777777e-05,-7.806509607222222e-05,6.832250758333334e-05,3.4160702081944446e-05,574776956.5555556,587296360.4444444,587303869.0,-565322641.7777778,-593069408.0,18331695.42222222,-11788597.322222222,2627227.87,0.0030607096733333335
0.097163204,0.000942477796076938,-549054.7369259038,-549054.7369259038,490.43809841481476,485.6170344444446,493.46935455555547,0.002549266938016166,0.0025492459366807225,191962714095.11108,-8.0594492715358e-05,-8.104272053888889e-05,-8.014618694444445e-05,6.88272751125e-05,3.441357313055556e-05,574787309.0,587348938.5555556,587356365.0,-565309468.4444444,-593107171.5555556,18366530.822222218,-11766740.733333334,2665255.26,0.003062616488888889
0.101418398,0.000942477796076938,-549054.9461643521,-549054.9461643521,492.14327155358023,487.32650011111105,495.1701713333333,0.002573878593778227,0.0025738576025034943,191860403706.78516,-8.260821642412346e-05,-8.304232144444445e-05,-8.217383998333332e-05,6.932750282916667e-05,3.466347623194445e-05,574745553.8888888,587355458.1111112,587362819.0,-565273059.5555556,-593120135.1111112,18359814.33333333,-11777185.244444445,2647320.69,0.0030642798811111108
0.105766769,0.000942477796076938,-549055.1541964288,-549055.1541964288,493.8261336323456,489.01359149999996,496.84874655555564,0.0025981993016063643,0.002598178320239898,191759431982.05927,-8.456742632229628e-05,-8.498791576111111e-05,-8.414688478333334e-05,6.982247436388889e-05,3.4910937299999994e-05,574717792.2222222,587374086.3333334,587381363.0,-565245457.7777778,-593142620.4444444,18362814.02222222,-11781961.42222222,2642194.46,0.0030659861866666666
0.110210357,0.000942477796076938,-549055.3600838451,-549055.360083845,495.4779999604938,490.66963811111117,498.49640827777773,0.0026221020857312986,0.002622081114262873,191660320002.3704,-8.646896462837036e-05,-8.687602286666666e-05,-8.606180328333334e-05,7.03120809263889e-05,3.5155950190277776e-05,574708910.1111112,587408791.6666666,587415999.0,-565223146.6666666,-593168942.2222222,18381493.777777776,-11770819.11111111,2661381.14,0.0030677544144444447
0.114751246,0.000942477796076938,-549055.5614138574,-549055.5614138574,497.1231688985185,492.31900383333334,500.13739716666663,0.0026459375243043674,0.0026459165628938213,191561609866.0889,-8.831066505992591e-05,-8.870458516111112e-05,-8.791652471666669e-05,7.079659802083335e-05,3.539812052222223e-05,574677422.7777778,587422225.2222222,587429360.0,-565194112.0,-593187601.7777778,18380756.133333337,-11777802.255555555,2651018.42,0.0030694001655555557
0.119391569,0.000942477796076938,-549055.7422802334,-549055.7422802334,498.7475174580246,493.9475227222222,501.75760144444433,0.0026695002633161124,0.0026694793120124343,191464148952.5185,-9.009063241918516e-05,-9.047187766666667e-05,-8.970932547222222e-05,7.127578178472222e-05,3.5637638483333334e-05,574650320.0,587436926.7777778,587443980.0,-565169024.0,-593206680.8888888,18380611.200000003,-11783624.144444443,2642200.83,0.003071034535555556
0.124133501,0.000942477796076938,-549055.9026382926,-549055.9026382925,500.33890589999993,495.5430823888889,503.34492516666677,0.0026926127786438517,0.0026925918378571893,191368665645.99997,-9.180592315901235e-05,-9.217479408888889e-05,-9.143715514444444e-05,7.174952021666667e-05,3.587454036527778e-05,574638803.6666666,587462574.2222222,587469537.0,-565148750.2222222,-593224252.4444444,18389980.733333334,-11773535.333333334,2659815.7,0.0030727047055555553
0.128979267,0.000942477796076938,-549056.0823429773,-549056.0823429773,501.9191367693827,497.12753122222216,504.9211038333334,0.002715590566167284,0.002715569636308305,191273851793.837,-9.34535765539506e-05,-9.381009425000001e-05,-9.309674728333334e-05,7.221773973194444e-05,3.610862224861111e-05,574615488.8888888,587479684.2222222,587486615.0,-565124344.8888888,-593242030.2222222,18392463.311111115,-11774685.211111108,2657831.1,0.0030743147277777776
0.133931143,0.000942477796076938,-549056.2812602466,-549056.2812602465,503.4854100098764,498.698067,506.4833382222221,0.0027383922621910615,0.002738371343710114,191179875399.4074,-9.503232383232097e-05,-9.537717222777777e-05,-9.468736341666666e-05,7.268034796805556e-05,3.633995354444444e-05,574588751.0,587495445.0,587502339.0,-565099363.5555556,-593264035.5555556,18395084.511111107,-11781695.788888888,2645636.81,0.0030758996866666667
0.13899145,0.000942477796076938,-549056.4439416882,-549056.443941688,505.02196292419745,500.2389079444444,508.0159098888888,0.0027607872792285377,0.002760766372688793,191087682224.54813,-9.65389896239506e-05,-9.687248865555556e-05,-9.620544719999999e-05,7.31375170611111e-05,3.6568638056944444e-05,574574939.5555556,587517972.0,587524874.0,-565080760.8888888,-593284049.7777778,18402657.311111107,-11777737.555555556,2651348.31,0.003077500033333334
0.144162564,0.000942477796076938,-549056.5588597511,-549056.5588597511,506.53628127753086,501.7575473333333,509.5262766666666,0.002782883413763314,0.0027828625195956656,190996823123.3481,-9.797080449306171e-05,-9.82932878e-05,-9.764840429444444e-05,7.358946113194444e-05,3.6794514027777774e-05,574558043.0,587531986.0,587538912.0,-565062563.5555556,-593294051.5555556,18401296.622222226,-11773373.4,2657088.38,0.003079040107777778
0.14944691,0.000942477796076938,-549056.6899074488,-549056.6899074488,508.0350662180246,503.2606913888888,511.0211345,0.0028047775088178408,0.0028047566274669727,190906896026.9185,-9.932480716607405e-05,-9.963636211666668e-05,-9.901306951111111e-05,7.403584717083333e-05,3.701764703194445e-05,574539061.8888888,587544836.7777778,587551811.0,-565044099.5555556,-593306517.3333334,18400146.02222222,-11772730.355555557,2655905.88,0.003080556143333334
0.154846968,0.000942477796076938,-549056.8409272985,-549056.8409272984,509.5168498059259,504.7468678888888,512.499011111111,0.0028264473236449834,0.0028264264556167196,190817989011.64444,-0.0001005989991945679,-0.00010090016000000001,-0.00010029775744444444,7.44765307513889e-05,3.723812639027778e-05,574526096.1111112,587565365.5555556,587572367.0,-565029105.7777778,-593328135.1111112,18406597.155555554,-11772482.188888889,2653840.31,0.0030820922833333336
0.160365272,0.000942477796076938,-549056.9718409549,-549056.9718409549,510.98053694395054,506.21498561111105,513.9588173333333,0.00284787599322194,0.002847855138931246,190730167783.36295,-0.0001017903426776543,-0.00010208144912500001,-0.00010149919922222221,7.49120580125e-05,3.745570432916667e-05,574501386.1111112,587572579.2222222,587579574.0,-565008124.4444444,-593336984.8888888,18400711.044444438,-11774232.522222223,2648944.0,0.0030835439544444447
0.166004412,0.000942477796076938,-549057.0852398834,-549057.0852398833,512.4185493461728,507.65747100000004,515.3929795555555,0.0028689515237692,0.002868930683810023,190643887039.2296,-0.00010289588231234569,-0.00010317723838888889,-0.0001026144676111111,7.534208358611112e-05,3.7670793411111106e-05,574490769.3333334,587589832.4444444,587596832.0,-564995587.5555556,-593351936.0,18403611.288888887,-11770260.933333334,2651964.31,0.003085028121111111
0.171767032,0.000942477796076938,-549057.1845197962,-549057.1845197962,513.8356593286419,509.0791120555555,516.8062731111111,0.0028897427620004777,0.002889721936943595,190558860440.28143,-0.00010391272163259258,-0.00010418467261111113,-0.00010364073622222221,7.576685364583333e-05,3.788326397916667e-05,574480331.3333334,587604545.4444444,587611538.0,-564983669.3333334,-593364081.7777778,18405415.622222222,-11765983.422222223,2653539.88,0.003086481944444444
0.177655837,0.000942477796076938,-549057.2615041751,-549057.2615041751,515.2352134688889,510.4832222777778,518.2020342777778,0.0029102979157546952,0.002910277106041253,190474887191.86667,-0.00010483783622493828,-0.0001051006647777778,-0.00010457500172222221,7.618651628750001e-05,3.809306398611111e-05,574468331.0,587613727.8888888,587620716.0,-564973304.8888888,-593371548.4444444,18401928.199999996,-11762955.211111112,2652736.5,0.0030878908377777775
0.183673591,0.000942477796076938,-549057.317846196,-549057.317846196,516.6167598441975,511.869352611111,519.579816388889,0.0029306095338646424,0.002930588739899145,190391994409.3481,-0.0001056681228674074,-0.00010592205666666669,-0.00010541419972222224,7.660096795833334e-05,3.830021757222222e-05,574457192.0,587621174.6666666,587628148.0,-564964938.6666666,-593377368.8888888,18396356.93333333,-11759826.755555557,2652420.5,0.0030892736844444443
0.189823116,0.000942477796076938,-549057.3930433576,-549057.3930433576,517.9800432822221,513.2372668333333,520.9393523888889,0.0029506730451791387,0.002950652267531745,190310197403.06665,-0.00010640043274790122,-0.00010664567022222221,-0.00010615513094444447,7.701002185972223e-05,3.850473612083333e-05,574446755.3333334,587630791.5555556,587637742.0,-564956195.5555556,-593385521.7777778,18393293.288888887,-11756602.922222221,2651624.56,0.0030906497255555557
0.196107298,0.000942477796076938,-549057.4715021908,-549057.4715021907,519.3249659340739,514.5868507222223,522.2805508888889,0.002970486193440202,0.002970465432472209,190229502043.95557,-0.00010703181781604936,-0.00010726871249999998,-0.00010679488127777777,7.741370879861111e-05,3.8706624181944444e-05,574436495.8888888,587642364.3333334,587649313.0,-564946659.5555556,-593395768.8888888,18392429.822222218,-11753363.51111111,2650385.81,0.003092018331111111
0.202529086,0.000942477796076938,-549057.5468333939,-549057.5468333937,520.6515482328394,515.9181129444445,523.6034413333333,0.0029900484724237173,0.002990027728543608,190149907106.0296,-0.00010755898375629628,-0.0001077878615,-0.00010733008516666665,7.781227216527778e-05,3.8905906015277784e-05,574425952.1111112,587652122.4444444,587659048.0,-564937841.7777778,-593404049.7777778,18389316.888888888,-11750010.133333335,2649704.43,0.00309336078
0.209091492,0.000942477796076938,-549057.6015669194,-549057.6015669192,521.9599225488889,517.2311851666666,524.9081523333333,0.0030093610412969484,0.003009340314855406,190071404647.06665,-0.00010797854587283951,-0.00010819970088888889,-0.00010775737705555555,7.820583738472223e-05,3.910267611805556e-05,574416815.7777778,587660494.1111112,587667363.0,-564930993.7777778,-593410599.1111112,18384959.155555557,-11746242.499999998,2649005.0,0.003094679652222222
0.215797597,0.000942477796076938,-549057.6467835132,-549057.6467835132,523.250318234074,518.5262733333334,526.194915,0.003028426511441034,0.0030284058025678543,189993980905.95554,-0.00010828705939061728,-0.0001085007585,-0.00010807334911111112,7.85944808486111e-05,3.9296996044444445e-05,574409246.2222222,587667870.7777778,587674712.0,-564925841.7777778,-593415928.8888888,18380348.555555556,-11741969.755555555,2648255.25,0.0030959771511111112
0.222650546,0.000942477796076938,-549057.6812321239,-549057.6812321239,524.5230406007406,519.803697611111,527.4640324444445,0.003047248641191322,0.003047227950232781,189917617563.95557,-0.00010848100050814815,-0.00010868748638888888,-0.00010827450933333335,7.897826256527778e-05,3.948889418472222e-05,574403204.0,587674392.2222222,587681226.0,-564922328.8888888,-593420046.2222222,18375470.711111113,-11737191.966666667,2647273.75,0.0030972541866666667
0.229653555,0.000942477796076938,-549057.6979872846,-549057.6979872846,525.7784571503703,521.0638326111111,528.7158892222221,0.003065832137494496,0.003065811464721741,189842292570.97775,-0.00010855675236444444,-0.0001087562496111111,-0.000108357292,7.935723313888888e-05,3.967834934861111e-05,574397587.7777778,587678985.8888888,587685760.0,-564920369.7777778,-593422147.5555556,18368156.777777776,-11732306.766666668,2647077.69,0.003098505626666667
0.23680991,0.000942477796076938,-549057.7240359747,-549057.7240359746,527.0169964572839,522.3070926666666,529.9508933333333,0.003084182642656495,0.0030841619882471484,189767980212.56296,-0.0001085105208916049,-0.00010870317561111111,-0.00010831782683333333,7.973127447916666e-05,3.986536767083333e-05,574391812.8888888,587684788.8888888,587691547.0,-564917656.8888888,-593425610.6666666,18362240.977777783,-11727526.522222223,2646384.56,0.003099747182222222
0.24412297,0.000942477796076938,-549057.7651866496,-549057.7651866496,528.2391265604939,523.5339281111111,531.1695313333333,0.0031023064170786017,0.0031022857811497753,189694652406.37036,-0.00010833879453654323,-0.00010852492916666667,-0.00010815264394444444,8.010043288750001e-05,4.004998306527777e-05,574385609.1111112,587692493.5555556,587699233.0,-564913518.2222222,-593431214.2222222,18358623.466666665,-11722956.644444443,2644968.35,0.0031009824400000004
0.251596164,0.000942477796076938,-549057.7911012984,-549057.7911012983,529.4453659177777,524.7448596111111,532.3722919444444,0.003120210503722826,0.0031201898863759433,189622278044.93332,-0.00010803765034074074,-0.00010821755100000002,-0.00010785774600000001,8.046500973749999e-05,4.023227042361112e-05,574379892.1111112,587698699.7777778,587705464.0,-564910844.4444444,-593435416.8888888,18353085.111111112,-11718418.955555556,2644058.94,0.0031021950366666665
0.259232999,0.000942477796076938,-549057.8013331166,-549057.8013331166,530.6362750380247,525.9404586666666,533.5597666111111,0.0031379026062764263,0.00313788200757217,189550823497.7185,-0.00010760305056666665,-0.00010777696216666667,-0.0001074291416111111,8.082520704027777e-05,4.041231324861111e-05,574374400.5555556,587702227.0,587709015.0,-564909671.1111112,-593437002.6666666,18345197.466666665,-11714102.111111112,2642156.44,0.003103379496666667
0.26703706,0.000942477796076938,-549057.8079011397,-549057.8079011396,531.8108361088889,527.1196570555555,534.7309359444445,0.003155366987355387,0.0031553464073793194,189480349833.46664,-0.00010703085016518517,-0.0001071989776111111,-0.00010686272283333334,8.118105987083333e-05,4.059018890972222e-05,574368988.5555556,587704602.5555556,587711378.0,-564908572.4444444,-593437080.8888888,18337050.444444444,-11709363.100000001,2640239.77,0.003104543832222222
0.275012007,0.000942477796076938,-549057.813039389,-549057.8130393889,532.967600828395,528.2810637222223,535.8843408888889,0.0031725814567664587,0.003172560895614651,189410943950.29626,-0.00010631681988419752,-0.00010647939,-0.00010615427461111111,8.153252325416666e-05,4.076602863611111e-05,574368813.2222222,587711391.6666666,587718144.0,-564910222.2222222,-593440330.6666666,18333024.888888888,-11702588.488888886,2641321.75,0.0031057162644444435
0.283161583,0.000942477796076938,-549057.8136649149,-549057.8136649148,534.1108033382715,529.4288781111112,537.0242338888888,0.00318960843149695,0.0031895878891187125,189342351799.7037,-0.00010545652402790125,-0.00010561372294444444,-0.00010529933683333333,8.187989587777778e-05,4.093972052361111e-05,574365603.0,587714399.5555556,587721240.0,-564910936.8888888,-593440554.6666666,18325187.1,-11697034.811111111,2641025.06,0.0031068560066666666
0.291489612,0.000942477796076938,-549057.8186244426,-549057.8186244424,535.241195297037,530.5638572777776,538.1513191111111,0.0032064586135538446,0.0032064380900261175,189274528282.17776,-0.00010444552034246914,-0.000104597548,-0.0001042934575,8.222317457083334e-05,4.111136964583334e-05,574363123.0,587719019.3333334,587725857.0,-564911708.4444444,-593442840.8888888,18319458.711111113,-11691881.130555553,2639254.31,0.0031079905888888888
0.3,0.000942477796076938,-549057.8121904609,-549057.8121904607,536.3595440027159,531.6868110555556,539.2664043888888,0.0032231429811404168,0.0032231224765432395,189207427359.837,-0.00010327931633283948,-0.00010342644549999998,-0.00010313219477777777,8.25626953736111e-05,4.1280966519444446e-05,574354934.3333334,587717434.0,587724253.0,-564909781.3333334,-593439719.1111112,18308080.944444448,-11688357.444444444,2635050.5,0.003109080988888889
0.308510389,0.000942477796076938,-549057.8114308934,-549057.8114308934,537.4370280234566,532.7687726111111,540.3407278333333,0.003239230594972853,0.003239210109064728,189142778318.5926,-0.00010198280378246912,-0.00010212533999999997,-0.00010184030816666668,8.289118563472221e-05,4.144537491805555e-05,574358347.1111112,587725050.1111112,587731882.0,-564914624.0,-593443719.1111112,18304907.288888887,-11681125.8,2637067.88,0.0031101824977777777
0.316838417,0.000942477796076938,-549057.7941395674,-549057.7941395674,538.4600782177777,533.7961063333333,541.3607576111111,0.00325451718613908,0.0032544967182052925,189081395306.93332,-0.00010059175361604937,-0.00010073002700000001,-0.00010045347861111109,8.320296537083334e-05,4.1601246815277773e-05,574355767.0,587725989.7777778,587732792.0,-564916391.1111112,-593441937.7777778,18296301.111111112,-11675755.833333334,2636280.69,0.003111195702222223
0.324987993,0.000942477796076938,-549057.7873034618,-549057.7873034618,539.4325982074073,534.7727502222222,542.3304061111111,0.003269059324921677,0.003269038874344241,189023044107.5555,-9.911697812061726e-05,-9.92513438388889e-05,-9.898260461666665e-05,8.349919322083333e-05,4.174935142361111e-05,574354142.8888888,587728303.2222222,587735071.0,-564918382.2222222,-593441987.5555556,18289745.911111113,-11670914.611111112,2634434.06,0.0031121653855555554
0.33296294,0.000942477796076938,-549057.7685376819,-549057.7685376818,540.3581619009875,535.7022730555556,543.2532138333333,0.0032829088997618832,0.0032828884660799354,188967510285.94073,-9.75681799279753e-05,-9.769896609999999e-05,-9.743740588888887e-05,8.37811625652778e-05,4.1890271573611113e-05,574351040.1111112,587728303.3333334,587735064.0,-564920010.6666666,-593440199.1111112,18281133.244444445,-11666821.399999999,2632138.78,0.0031130771766666667
0.340767001,0.000942477796076938,-549057.7566526877,-549057.7566526877,541.238141139753,536.5860707777779,544.1305772777778,0.003296085036919127,0.003296064619507163,188914711531.6148,-9.595406909972839e-05,-9.608154304999999e-05,-9.582660576111111e-05,8.404985024583333e-05,4.202464972083333e-05,574351455.2222222,587730874.0,587737601.0,-564923509.3333334,-593440238.2222222,18275222.622222222,-11661582.877777778,2631786.94,0.0031139589044444447
0.348403837,0.000942477796076938,-549057.7375294642,-549057.7375294641,542.0771231241974,537.4286983888888,544.9670506666666,0.0033086551734454214,0.0033086347718396143,188864372612.54813,-9.428261442617284e-05,-9.440703059444445e-05,-9.415821177777777e-05,8.430631439305556e-05,4.2152907981944445e-05,574351573.3333334,587732420.8888888,587739089.0,-564926787.5555556,-593439192.8888888,18269035.600000005,-11656398.622222222,2631224.69,0.0031147958688888884
0.355877031,0.000942477796076938,-549057.7138488368,-549057.7138488368,542.8787262814814,538.2338401111111,545.7662616666668,0.003320672446084948,0.0033206520597782977,188816276423.1111,-9.256104796214814e-05,-9.268261861111111e-05,-9.243949517222222e-05,8.455144323611111e-05,4.2275468076388885e-05,574351687.2222222,587732611.6666666,587739281.0,-564930620.4444444,-593437002.6666666,18261860.97777778,-11651625.166666666,2630202.56,0.0031155890966666666
0.363190089,0.000942477796076938,-549057.6849405994,-549057.6849405994,543.6453799471606,539.0039057777778,546.5306034444443,0.0033321723252341265,0.003332151953789358,188770277203.17038,-9.079595729427159e-05,-9.091485752222222e-05,-9.067707451111113e-05,8.478595228749999e-05,4.2392713131944444e-05,574352089.3333334,587732525.8888888,587739194.0,-564934787.5555556,-593434641.7777778,18254666.71111111,-11646953.655555556,2629307.44,0.00311634652
0.370346445,0.000942477796076938,-549057.6608131677,-549057.6608131677,544.3793270476543,539.7411646111111,547.2623081666666,0.0033431876058635335,0.003343167248981817,188726240377.14075,-8.899337737429627e-05,-8.910976922222223e-05,-8.887698849444444e-05,8.50104850375e-05,4.2504981362499996e-05,574352457.3333334,587732872.8888888,587739585.0,-564938567.1111112,-593432824.8888888,18248261.28888889,-11642392.522222223,2628190.31,0.003117073752222222
0.377349454,0.000942477796076938,-549057.6401708097,-549057.6401708097,545.0825836318517,540.4476480555555,547.9634172222221,0.003353747783767424,0.003353727441210308,188684044982.0889,-8.71588639505432e-05,-8.727292916944446e-05,-8.704481176666667e-05,8.52256898625e-05,4.261259075e-05,574352940.4444444,587733377.7777778,587740109.0,-564942339.5555556,-593431260.4444444,18242128.800000004,-11638021.466666663,2627067.86,0.0031177717033333335
0.384202403,0.000942477796076938,-549057.6115306548,-549057.6115306548,545.7569906041975,541.1252045,548.6357482222221,0.0033638798169821752,0.0033638594884251092,188643580563.74814,-8.529742108118516e-05,-8.540930562222221e-05,-8.518555287777777e-05,8.543218151527779e-05,4.271583488472223e-05,574353745.1111112,587733213.5555556,587739994.0,-564946663.1111112,-593429013.3333334,18235488.02222222,-11633632.37777778,2626127.25,0.0031184378688888883
0.390908508,0.000942477796076938,-549057.5801649938,-549057.5801649936,546.4042162377777,541.7755020555555,549.2809661111111,0.00337360815028774,0.0033735878356775913,188604747025.7333,-8.341363928558025e-05,-8.352346604999999e-05,-8.330383061111111e-05,8.563047225138889e-05,4.281497919305556e-05,574355065.7777778,587732637.0,587739455.0,-564951534.2222222,-593426300.4444444,18228761.68888889,-11629201.777777778,2625115.33,0.0031190754377777774
0.397470914,0.000942477796076938,-549057.5423653511,-549057.542365351,547.0257743785185,542.4000627222222,549.9005815555555,0.0033829549784781658,0.0033829346775877925,188567453537.28888,-8.151172948338272e-05,-8.161960050555555e-05,-8.140387833888889e-05,8.58210134625e-05,4.29102507125e-05,574356845.2222222,587731750.7777778,587738658.0,-564956871.1111112,-593423249.7777778,18222010.222222224,-11624725.588888891,2624127.84,0.0031196861411111106
0.403892702,0.000942477796076938,-549057.5051018733,-549057.5051018732,547.6230298928394,543.0002417777778,550.4959403333334,0.003391940317830172,0.0033919200304127046,188531618206.4296,-7.959555469637038e-05,-7.970155403333333e-05,-7.948957918333333e-05,8.600420675277778e-05,4.300184651527778e-05,574359022.7777778,587730474.8888888,587737443.0,-564962648.8888888,-593419768.8888888,18215159.355555557,-11620198.144444443,2623168.0,0.0031202710866666664
0.410176884,0.000942477796076938,-549057.462968229,-549057.4629682289,548.1972434918517,543.5773071111112,551.0683399444445,0.0034005826723476594,0.00340056239807915,188497165390.4889,-7.76686593187901e-05,-7.77728558111111e-05,-7.756449464999999e-05,8.618040807916667e-05,4.308993361527778e-05,574361077.8888888,587728732.3333334,587735680.0,-564968497.7777778,-593415875.5555556,18207844.4,-11615848.01111111,2622385.06,0.0031208310077777777
0.416326409,0.000942477796076938,-549057.4260621947,-549057.4260621946,548.7495680787654,544.1324099444444,551.6189161666666,0.0034088989718353575,0.0034088787104921857,188464025915.27408,-7.573429054683951e-05,-7.583673132222222e-05,-7.563185826111111e-05,8.634990305555557e-05,4.3174682656944445e-05,574363187.5555556,587727547.8888888,587734535.0,-564974026.6666666,-593412643.5555556,18201346.53333334,-11611629.044444444,2621453.94,0.0031213721577777777
0.422344163,0.000942477796076938,-549057.393802925,-549057.393802925,549.2810779691357,544.666623611111,552.1487149444445,0.0034169050062865087,0.003416884757599557,188432135321.85184,-7.37955170657037e-05,-7.389628971666666e-05,-7.369476151666666e-05,8.65130063763889e-05,4.325625104444444e-05,574365377.2222222,587726890.0,587733869.0,-564979292.4444444,-593410016.0,18195622.888888884,-11607447.188888887,2620404.31,0.00312189521
0.428232968,0.000942477796076938,-549057.3562713647,-549057.3562713647,549.7927858990122,545.1809550555555,552.6587653888888,0.0034246156771399684,0.0034245954408302325,188401432846.05927,-7.185507193375307e-05,-7.195424194444446e-05,-7.175592409444443e-05,8.66700607e-05,4.3334780274999996e-05,574367536.5555556,587725713.3333334,587732681.0,-564984768.0,-593406926.2222222,18189391.711111113,-11603384.033333331,2619536.13,0.003122396028888889
0.433995588,0.000942477796076938,-549057.3158355767,-549057.3158355766,550.2856349832098,545.6763433333332,553.1500236111111,0.003432044872200005,0.0034320246478451145,188371861901.0074,-6.991547390879012e-05,-7.001309134444445e-05,-6.981788216111111e-05,8.68213476e-05,4.341040799305556e-05,574369487.0,587723671.2222222,587730669.0,-564990385.7777778,-593403150.2222222,18182581.6,-11599647.199999997,2618291.63,0.0031228738500000005
0.439634728,0.000942477796076938,-549057.2773657275,-549057.2773657274,550.7599311861728,546.1531195555555,553.622768,0.0034391969016911786,0.003439176689133414,188343404128.8296,-6.797903882562962e-05,-6.807513870555556e-05,-6.788296056666668e-05,8.696708788333334e-05,4.3483267490277775e-05,574371536.1111112,587721419.8888888,587728420.0,-564995996.4444444,-593399132.4444444,18175911.53333333,-11595893.477777777,2617012.38,0.0031233325411111107
0.445153032,0.000942477796076938,-549057.2344278353,-549057.2344278352,551.2158689382716,546.611463111111,554.0772207222223,0.0034460744113081893,0.0034460542102539827,188316047863.70367,-6.604790207083951e-05,-6.614252194999999e-05,-6.595330922777777e-05,8.710747723611111e-05,4.3553490348611116e-05,574375542.4444444,587720656.7777778,587727657.0,-565002648.8888888,-593396096.0,18170697.599999998,-11591430.633333333,2616809.84,0.003123781537777778
0.45055309,0.000942477796076938,-549057.1908197366,-549057.1908197366,551.6552990758024,547.0532388333334,554.5152105555554,0.0034527050593217935,0.003452684869541909,188289682055.45184,-6.412400597301233e-05,-6.421717459444444e-05,-6.403087705e-05,8.724278073472222e-05,4.3621123858333333e-05,574377755.6666666,587718045.2222222,587725034.0,-565008266.6666666,-593391406.2222222,18163908.888888888,-11587445.866666667,2616212.88,0.003124204542222222
0.455837436,0.000942477796076938,-549057.1541817851,-549057.154181785,552.0789820604937,547.4792151666667,554.9374908888889,0.003459100088592655,0.003459079909860198,188264261076.37036,-6.220911378879013e-05,-6.230083093888889e-05,-6.211740197777778e-05,8.737312378055558e-05,4.368630259027778e-05,574380716.6666666,587716427.5555556,587723409.0,-565014254.2222222,-593387968.0,18158225.466666665,-11583618.27777778,2615491.06,0.0031246166899999996
0.46100855,0.000942477796076938,-549057.1149523685,-549057.1149523684,552.487659128395,547.890135888889,555.3447955555556,0.0034652704740893714,0.0034652503061787126,188239740452.2963,-6.030496161612345e-05,-6.0395281549999996e-05,-6.021466405e-05,8.749871005416666e-05,4.374910767638889e-05,574383405.8888888,587714696.7777778,587721660.0,-565020106.6666666,-593384860.4444444,18152695.11111111,-11580282.533333333,2613924.94,0.003125012816666667
0.466068857,0.000942477796076938,-549057.0730421264,-549057.0730421263,552.8810598720986,548.2857423333332,555.7368733888889,0.003471211930607238,0.003471191773410034,188216136407.67404,-5.841301042367901e-05,-5.850195113888888e-05,-5.832410001666666e-05,8.761975282083333e-05,4.3809617563888896e-05,574385697.6666666,587711985.7777778,587718978.0,-565025877.3333334,-593380572.4444444,18146223.466666665,-11576893.7,2612535.12,0.0031253892377777776
0.471020732,0.000942477796076938,-549057.0297914712,-549057.0297914711,553.258989071605,548.665815,556.1135212777777,0.003476921311911983,0.0034769011653919715,188193460655.7037,-5.653461282758024e-05,-5.662218930555556e-05,-5.644708365e-05,8.773638280416666e-05,4.386793747638889e-05,574389699.7777778,587710290.6666666,587717246.0,-565032476.4444444,-593376394.6666666,18140680.888888888,-11572377.555555556,2613099.88,0.003125756537777778
0.475866499,0.000942477796076938,-549056.9832344643,-549056.9832344642,553.6237111706172,549.0326481666666,556.476989111111,0.00348243264964064,0.003482412513602889,188171577329.76294,-5.467096841998765e-05,-5.475716033333334e-05,-5.4584787616666675e-05,8.784874515694445e-05,4.392412207638888e-05,574393126.1111112,587708055.4444444,587714996.0,-565038947.5555556,-593372330.6666666,18134882.4,-11568597.577777779,2612421.94,0.003126107233333334
0.480608431,0.000942477796076938,-549056.9381519115,-549056.9381519115,553.9758682755555,549.3868909999999,556.8279138888888,0.0034877554927930468,0.0034877353671554988,188150447903.46664,-5.282333070503702e-05,-5.290817097222222e-05,-5.273851622222221e-05,8.795698366805555e-05,4.3978235516666666e-05,574395411.2222222,587704751.8888888,587711703.0,-565045080.8888888,-593368074.6666666,18128295.62222222,-11565950.833333334,2609792.25,0.00312643921
0.485248754,0.000942477796076938,-549056.894320411,-549056.8943204109,554.3136735851851,549.7267465555556,557.1645315,0.0034928626790985645,0.003492842563798645,188130179584.88885,-5.0992691943283936e-05,-5.107618499444444e-05,-5.090924100555555e-05,8.806122151666666e-05,4.403036754444445e-05,574399656.6666666,587702759.2222222,587709656.0,-565051925.3333334,-593363843.5555556,18123000.46666667,-11561647.38888889,2609940.31,0.003126764774444444
0.489789643,0.000942477796076938,-549056.8445464132,-549056.8445464132,554.6388091802469,550.053934,557.4884992222222,0.003497779489854509,0.003497759384973943,188110671449.18515,-4.917993912333334e-05,-4.9262067350000004e-05,-4.9097841683333335e-05,8.81615920111111e-05,4.4080565412499994e-05,574404284.8888888,587700626.0,587707536.0,-565059210.6666666,-593359413.3333334,18117584.622222226,-11557257.3,2610121.25,0.00312707705
0.494233231,0.000942477796076938,-549056.7938341266,-549056.7938341264,554.9529433446912,550.3700926666667,557.8014723333332,0.0035025310274289234,0.003502510933027648,188091823399.31848,-4.7385974576345685e-05,-4.7466733733333324e-05,-4.730524322222222e-05,8.825822371111111e-05,4.412886565972222e-05,574406960.7777778,587696284.5555556,587703216.0,-565066104.8888888,-593354076.4444444,18110242.688888893,-11554577.566666666,2607442.0,0.0031273660711111113
0.498581602,0.000942477796076938,-549056.7386984772,-549056.7386984772,555.2540822585185,550.6732408333332,558.1014836666667,0.0035070870104870087,0.003507066926697514,188073755064.4889,-4.561158203518518e-05,-4.569097194444444e-05,-4.5532243027777777e-05,8.83511857875e-05,4.417535569166666e-05,574411741.1111112,587693384.4444444,587700310.0,-565073820.4444444,-593348945.7777778,18104363.04444444,-11550264.316666668,2607134.75,0.003127650383333333
0.502836796,0.000942477796076938,-549056.6812394458,-549056.6812394457,555.5433908172839,550.9645632222223,558.389684888889,0.003511464940709047,0.003511444867541865,188056396550.96295,-4.385737078723456e-05,-4.3935353038888886e-05,-4.377942376111111e-05,8.844057847083333e-05,4.422007768888889e-05,574418095.8888888,587691249.4444444,587698185.0,-565082748.4444444,-593344327.1111112,18099164.333333332,-11545390.966666667,2607952.44,0.003127926985555555
0.50700081,0.000942477796076938,-549056.6207868254,-549056.6207868254,555.8231950696296,551.2463712222221,558.6684087777778,0.003515699915615357,0.0035156798531233804,188039608295.8222,-4.2124039782962954e-05,-4.2200599255555554e-05,-4.204752085555556e-05,8.852654483611111e-05,4.426302025555556e-05,574420021.1111112,587684492.1111112,587691400.0,-565090026.6666666,-593337041.7777778,18089925.888888888,-11543454.455555554,2603536.38,0.0031281689877777777
0.511075598,0.000942477796076938,-549056.5593512357,-549056.5593512357,556.089457953827,551.5146731666666,558.9335828333333,0.003519730726659851,0.003519710675354216,188023632522.7704,-4.0412130342271595e-05,-4.0487247716666665e-05,-4.033707941111111e-05,8.860906325694445e-05,4.430431513472222e-05,574427983.4444444,587682759.0,587689655.0,-565100035.5555556,-593332007.1111112,18085171.288888887,-11537442.844444444,2605671.06,0.0031284252055555554
0.515063072,0.000942477796076938,-549056.4892923234,-549056.4892923232,556.3462898758024,551.7735487222222,559.1893439999999,0.003523619499271621,0.003523599459182517,188008222607.45184,-3.87220470697284e-05,-3.8795655988888884e-05,-3.8648464255555555e-05,8.86882857888889e-05,4.434392423611111e-05,574432971.1111112,587677714.1111112,587684618.0,-565109141.3333334,-593325212.4444444,18077564.733333334,-11533657.733333332,2603821.88,0.0031286539499999996
0.518965102,0.000942477796076938,-549056.4189206478,-549056.4189206478,556.5928588558023,552.0221718888889,559.4348679999999,0.003527353553360628,0.003527333524658781,187993428468.65182,-3.705437967106173e-05,-3.7126483383333344e-05,-3.698234363888889e-05,8.876425605833334e-05,4.438190679999999e-05,574438047.0,587672043.4444444,587678938.0,-565118602.6666666,-593317941.3333334,18069519.133333337,-11530095.622222222,2601238.06,0.003128868931111111
0.52278352,0.000942477796076938,-549056.3447064557,-549056.3447064556,556.8276427451852,552.2590427777777,559.6685988888889,0.0035309097484797244,0.0035308897314672294,187979341435.28888,-3.540937022738272e-05,-3.5479900727777775e-05,-3.533889858333334e-05,8.883700314583333e-05,4.441832944305555e-05,574448261.7777778,587670349.3333334,587677226.0,-565131064.8888888,-593312853.3333334,18064762.644444443,-11523494.9,2604315.75,0.003129093454444444
0.526520117,0.000942477796076938,-549056.2660689009,-549056.2660689008,557.0554142232098,552.4888774444444,559.8953341666667,0.0035343603027082012,0.003534340297463098,187965675146.60736,-3.37874366276358e-05,-3.3856352527777785e-05,-3.3718585568055556e-05,8.890672126527777e-05,4.445309152361111e-05,574448073.8888888,587658406.5555556,587665266.0,-565138481.7777778,-593300960.0,18051310.37777778,-11522658.866666667,2596268.06,0.003129256153333333
0.530176647,0.000942477796076938,-549056.1852866855,-549056.1852866854,557.2685851007407,552.7042264444444,560.1074635,0.0035375901801882243,0.0035375701875512687,187952884893.9555,-3.2188832149283946e-05,-3.225608002777777e-05,-3.2121651366666665e-05,8.8973207275e-05,4.448645077222222e-05,574463395.0,587660008.8888888,587666894.0,-565154300.4444444,-593297738.6666666,18049386.422222223,-11513635.655555557,2603039.44,0.003129477005555555
0.533754824,0.000942477796076938,-549056.0946747756,-549056.0946747756,557.4760059407406,552.9137837777777,560.3138420555556,0.0035407334107737513,0.003540713430613563,187940439643.55554,-3.0613799871209875e-05,-3.0679322533333336e-05,-3.054834155555555e-05,8.903680162777778e-05,4.451816866388889e-05,574464434.4444444,587647794.1111112,587654689.0,-565162858.6666666,-593285184.0,18035818.644444443,-11512287.044444446,2594834.12,0.0031296183466666665
0.537256329,0.000942477796076938,-549056.0078160221,-549056.007816022,557.6702773175308,553.1102865555555,560.5070640555555,0.003543677799565341,0.0035436578326752018,187928783360.94815,-2.906258872133333e-05,-2.912634399444444e-05,-2.899892776111111e-05,8.90973036513889e-05,4.454849806111111e-05,574478449.5555556,587646695.7777778,587653590.0,-565178833.7777778,-593279790.2222222,18031527.377777778,-11503947.077777777,2599903.27,0.0031298058655555554
0.540682803,0.000942477796076938,-549055.907463779,-549055.9074637789,557.8582369856789,553.3004652222222,560.6939961111111,0.0035465269189543054,0.003546506965247024,187917505780.85922,-2.753528471787654e-05,-2.7597180427777774e-05,-2.7473454811111115e-05,8.915497079305554e-05,4.457726363888888e-05,574481439.0,587634652.4444444,587641547.0,-565189233.7777778,-593266919.1111112,18017970.355555553,-11501753.433333334,2592662.9,0.0031299287233333335
0.544035856,0.000942477796076938,-549055.8097030006,-549055.8097030005,558.0337427908642,553.4782810555555,560.8684702777778,0.0035491876068990316,0.003549167667046373,187906975432.54813,-2.6032131658296293e-05,-2.6092138611111115e-05,-2.5972235016666665e-05,8.920963922083333e-05,4.460467484583333e-05,574496219.0,587632637.7777778,587639511.0,-565206460.4444444,-593260583.1111112,18012910.26666667,-11493241.955555556,2597452.31,0.0031300925177777782
0.547317059,0.000942477796076938,-549055.6998785065,-549055.6998785064,558.2031967143208,553.6500170555555,561.0368882777777,0.0035517568656611345,0.003551736939725338,187896808197.14075,-2.4553106904765432e-05,-2.4611113094444442e-05,-2.449517143888889e-05,8.92615541263889e-05,4.463056036666666e-05,574499486.4444444,587619247.0,587626113.0,-565217632.0,-593246300.4444444,17998313.888888888,-11490974.955555556,2589425.62,0.003130189711111111
0.550527953,0.000942477796076938,-549055.5962645919,-549055.5962645919,558.3599429222221,553.8091660555556,561.1925972777776,0.0035541337267144613,0.0035541138155723703,187887403424.66666,-2.309841362153086e-05,-2.3154391888888886e-05,-2.304255295555555e-05,8.931052432638889e-05,4.4655150701388894e-05,574517072.0,587618268.2222222,587625152.0,-565237255.1111112,-593240373.3333334,17994069.711111113,-11481172.399999999,2596034.06,0.0031303400933333334
0.553670044,0.000942477796076938,-549055.4778167751,-549055.477816775,558.5119945237036,553.9635970555556,561.3436205555556,0.003556439655476625,0.0035564197590191283,187878280328.57776,-2.166797355602469e-05,-2.1721809183333333e-05,-2.1614221905555556e-05,8.935685978611111e-05,4.467821540138889e-05,574518249.7777778,587601305.2222222,587608178.0,-565247896.8888888,-593223136.0,17976640.73333333,-11479983.933333332,2584758.94,0.0031304008122222224
0.556744807,0.000942477796076938,-549055.3596370408,-549055.3596370406,558.649866017037,554.1039642777778,561.4804324444444,0.0035585307519079164,0.0035585108711681575,187870008038.97775,-2.0261903803604936e-05,-2.0313548883333333e-05,-2.0210366788888888e-05,8.940026381944444e-05,4.470008109305555e-05,574540782.2222222,587602884.4444444,587609739.0,-565271121.7777778,-593218531.5555556,17974811.0,-11467836.355555557,2594935.88,0.003130545942222222
0.559753683,0.000942477796076938,-549055.2290361474,-549055.2290361472,558.7847791318518,554.2413188888889,561.6143283888889,0.003560577179342901,0.0035605573138882958,187861913252.08887,-1.8880142551901234e-05,-1.8929505722222225e-05,-1.8830893588888886e-05,8.94411652263889e-05,4.4720405368055555e-05,574540321.1111112,587582064.5555556,587588919.0,-565281614.2222222,-593197991.1111112,17954699.2,-11467554.388888888,2580430.94,0.0031305692022222226
0.562698086,0.000942477796076938,-549055.0991501404,-549055.0991501404,558.9046173362963,554.3638027777777,561.7330942777777,0.0035623951060582025,0.0035623752573764136,187854722959.8222,-1.752265037187654e-05,-1.756962414444444e-05,-1.747575927222222e-05,8.947916513055557e-05,4.4739602834722224e-05,574565824.1111112,587583606.8888888,587590460.0,-565307754.6666666,-593192874.6666666,17953124.777777776,-11454326.87777778,2591408.36,0.0031306961833333325
0.565579396,0.000942477796076938,-549054.9500515495,-549054.9500515494,559.020794639753,554.4825739444444,561.8482220000001,0.0035641576466183735,0.003564137814490898,187847752321.61478,-1.6189475468098765e-05,-1.623402537222222e-05,-1.6145096444444447e-05,8.951472022361112e-05,4.475730126666666e-05,574570383.3333334,587564101.5555556,587570969.0,-565321745.7777778,-593171644.4444444,17935037.599999998,-11450878.933333335,2580499.57,0.0031307083022222224
0.568398966,0.000942477796076938,-549054.7954572656,-549054.7954572656,559.1255436550617,554.5900041666666,561.9519104444445,0.0035657469306976447,0.0035657271158285784,187841467380.69626,-1.4880322910148148e-05,-1.4922237155555553e-05,-1.4838464394444443e-05,8.954751845833333e-05,4.477382499027778e-05,574590708.3333334,587556560.4444444,587563443.0,-565346176.0,-593159054.2222222,17927152.622222222,-11440559.422222223,2583119.62,0.003130771891111111
0.571158118,0.000942477796076938,-549054.6241971818,-549054.6241971818,559.2225583990122,554.6897151111111,562.0478541666666,0.0035672189729830384,0.0035671991756672,187835646496.05923,-1.3595424083777777e-05,-1.3634711816666667e-05,-1.3556332683333332e-05,8.957772911388888e-05,4.4789050575e-05,574611572.4444444,587546606.1111112,587553464.0,-565372032.0,-593144241.7777778,17917947.400000002,-11430290.066666666,2584436.62,0.00313081445
0.573858147,0.000942477796076938,-549054.4286309447,-549054.4286309447,559.3143936661728,554.7842603333332,562.1386270555554,0.0035686125184403363,0.0035685927387720923,187830136380.0296,-1.2334351865160493e-05,-1.2370772394444445e-05,-1.229807405e-05,8.960548022361113e-05,4.480287829027778e-05,574620942.0,587522565.5555556,587529408.0,-565392277.3333334,-593118424.8888888,17897604.822222218,-11426039.033333335,2571598.19,0.003130777222222222
0.57650032,0.000942477796076938,-549054.2219392807,-549054.2219392807,559.3917122133332,554.8644978888889,562.2148448333332,0.003569785847772346,0.003569766087266802,187825497267.19995,-1.109721227965432e-05,-1.113067838888889e-05,-1.1063979194444445e-05,8.963044106944444e-05,4.4815612401388894e-05,574658577.7777778,587520558.4444444,587527401.0,-565431488.0,-593107975.1111112,17894737.777777776,-11408717.644444443,2585300.0,0.003130842298888889
0.579085877,0.000942477796076938,-549053.9822734605,-549053.9822734605,559.4673730787655,554.943019611111,562.2894213333334,0.0035709340844003886,0.003570914342684603,187820957615.27405,-9.883789613300001e-06,-9.914148921666669e-06,-9.853815075555556e-06,8.965312215694444e-05,4.482676449722222e-05,574667067.6666666,587487906.8888888,587494767.0,-565454375.1111112,-593073347.5555556,17866923.888888888,-11404989.633333335,2568333.19,0.0031307439533333334
0.58161603,0.000942477796076938,-549053.7253609947,-549053.7253609946,559.5304383661727,555.0090409444445,562.3513753333333,0.003571891212446632,0.003571871490446346,187817173698.0296,-8.693738289528394e-06,-8.720684984444443e-06,-8.667135499444444e-06,8.9673019725e-05,4.483674625555556e-05,574699351.3333334,587473102.1111112,587479920.0,-565494300.4444444,-593051793.7777778,17851925.4,-11391727.58888889,2572126.75,0.0031307270333333337
0.584091968,0.000942477796076938,-549053.4450806646,-549053.4450806645,559.5860804333333,555.067658388889,562.4059052777777,0.0035727357129824613,0.0035727160109816085,187813835173.99997,-7.527250112846914e-06,-7.550735967777778e-06,-7.504406229444445e-06,8.969030677222221e-05,4.484532623333333e-05,574733699.3333334,587457487.8888888,587464283.0,-565538407.1111112,-593029952.0,17834117.755555555,-11378156.377777778,2579355.38,0.003130697217777778
0.586514852,0.000942477796076938,-549053.1459005129,-549053.1459005128,559.641707554074,555.1261183333332,562.4604553888889,0.0035735800213395875,0.0035735603385089756,187810497546.75555,-6.383793099987653e-06,-6.4034877205555555e-06,-6.364837011666667e-06,8.9705258575e-05,4.4852153050000005e-05,574731271.4444444,587407633.8888888,587414422.0,-565562684.4444444,-592983342.2222222,17785125.377777774,-11382896.866666667,2552121.59,0.0031304861855555553
0.588885818,0.000942477796076938,-549052.8738413816,-549052.8738413815,559.6765966251852,555.1650231111112,562.4940279444444,0.0035741095691852287,0.0035740899122806576,187808404202.4889,-5.263266172965432e-06,-5.278898137222222e-06,-5.248347938888889e-06,8.971712810694444e-05,4.485778154166667e-05,574768261.1111112,587397777.7777778,587404561.0,-565608337.7777778,-592963427.5555556,17765741.8,-11363389.855555555,2575439.06,0.0031304674055555558
0.591205979,0.000942477796076938,-549052.5477636119,-549052.5477636118,559.7107404829628,555.2031022222222,562.5268681666665,0.003574627819062732,0.003574608187475214,187806355571.0222,-4.16563636351358e-06,-4.177065655e-06,-4.154886893888889e-06,8.972652644861112e-05,4.4861663045833336e-05,574764002.6666666,587349171.3333334,587355959.0,-565627239.1111112,-592909450.6666666,17723722.377777778,-11356644.788888887,2566900.94,0.003130242576666667
0.593476424,0.000942477796076938,-549051.902980343,-549051.902980343,559.7417201407407,555.2434924444444,562.5508856111111,0.0035750980262017687,0.0035750784408714866,187804496791.55554,-3.090299943681481e-06,-3.0965825088888893e-06,-3.083640825e-06,8.973279373333335e-05,4.4863957161111106e-05,574746380.0,587241188.5555556,587247629.0,-565650634.6666666,-592796476.4444444,17647502.933333334,-11336694.47777778,2525998.81,0.0031296914566666667
0.595698217,0.000942477796076938,-549050.2783105891,-549050.2783105891,559.7366697103703,555.3285939444445,562.4560233888889,0.0035750209654178736,0.0035750017328286788,187804799817.37775,-2.0376073693259253e-06,-2.0396215811111114e-06,-2.034301478333333e-06,8.973383506944444e-05,4.4865136418055554e-05,574793929.0,587269743.3333334,587275064.0,-565796736.0,-592668999.1111112,17460838.400000002,-11019067.633333333,2546173.31,0.0031297524433333336
0.597872403,0.000942477796076938,-549048.6012753726,-549048.6012753726,559.7317330804937,555.4118696666667,562.3631958333333,0.003574945649242459,0.003574926754371061,187805096015.17035,-1.0077039084172839e-06,-1.0075524033333334e-06,-1.0067604427777775e-06,8.973282600694444e-05,4.486531394583333e-05,574831091.0,587257098.3333334,587261161.0,-565938695.1111112,-592520611.5555556,17261589.600000005,-10728933.133333333,2536727.45,0.0031295970299999995
0.6,0.000942477796076938,-549047.5475768191,-549047.5475768191,559.7269005520986,555.4933667777777,562.2723654999999,0.003574871929627859,0.003574853358165336,187805385966.87408,0.0,0.0,0.0,8.973140838333333e-05,4.4864814102777774e-05,574807274.7777778,587319546.4444444,587322888.0,-566020657.7777778,-592449237.3333334,17067452.355555557,-10464499.266666666,2518969.84,0.0031298438033333332
