"# area-weighted y+ distribution on FLUID_SOLID_INTERFACE, converged COARSE solution"
yplus_lo,yplus_hi,area_m2,area_fraction
0.00000,0.02500,0.000000e+00,0.000000
0.02500,0.05000,0.000000e+00,0.000000
0.05000,0.07500,0.000000e+00,0.000000
0.07500,0.10000,0.000000e+00,0.000000
0.10000,0.12500,0.000000e+00,0.000000
0.12500,0.15000,0.000000e+00,0.000000
0.15000,0.17500,0.000000e+00,0.000000
0.17500,0.20000,0.000000e+00,0.000000
0.20000,0.22500,1.427130e-02,0.379167
0.22500,0.25000,1.740784e-02,0.462500
0.25000,0.27500,3.293376e-03,0.087500
0.27500,0.30000,1.411447e-03,0.037500
0.30000,0.32500,3.136548e-04,0.008333
0.32500,0.35000,3.136548e-04,0.008333
0.35000,0.37500,0.000000e+00,0.000000
0.37500,0.40000,0.000000e+00,0.000000
0.40000,0.42500,0.000000e+00,0.000000
0.42500,0.45000,0.000000e+00,0.000000
0.45000,0.47500,1.568274e-04,0.004167
0.47500,0.50000,1.568274e-04,0.004167
0.50000,0.52500,3.136548e-04,0.008333
0.52500,0.55000,0.000000e+00,0.000000
0.55000,0.57500,0.000000e+00,0.000000
0.57500,0.60000,0.000000e+00,0.000000
0.60000,0.62500,0.000000e+00,0.000000
0.62500,0.65000,0.000000e+00,0.000000
0.65000,0.67500,0.000000e+00,0.000000
0.67500,0.70000,0.000000e+00,0.000000
0.70000,0.72500,0.000000e+00,0.000000
0.72500,0.75000,0.000000e+00,0.000000
0.75000,0.77500,0.000000e+00,0.000000
0.77500,0.80000,0.000000e+00,0.000000
0.80000,0.82500,0.000000e+00,0.000000
0.82500,0.85000,0.000000e+00,0.000000
0.85000,0.87500,0.000000e+00,0.000000
0.87500,0.90000,0.000000e+00,0.000000
0.90000,0.92500,0.000000e+00,0.000000
0.92500,0.95000,0.000000e+00,0.000000
0.95000,0.97500,0.000000e+00,0.000000
0.97500,1.00000,0.000000e+00,0.000000
1.00000,1.02500,0.000000e+00,0.000000
1.02500,1.05000,0.000000e+00,0.000000
1.05000,1.07500,0.000000e+00,0.000000
1.07500,1.10000,0.000000e+00,0.000000
1.10000,1.12500,0.000000e+00,0.000000
1.12500,1.15000,0.000000e+00,0.000000
1.15000,1.17500,0.000000e+00,0.000000
1.17500,1.20000,0.000000e+00,0.000000
