"# CFD axial profiles, slab averages over the 135 axial slabs of the FINE mesh. Source: Fluent cell/face exports of the converged fine solution. RE-ANALYSIS 2026."
z,x_over_D,mdot,p_area,p_mass,Tb_mass,hb,rho_b,rho_b_volavg,w_b,w_max,Twi,Two,dTwall,dTwall_1D_localk,qi,qo,h,Nu,Nu_Dh_poly,Re,tau_w,f_shear,yplus_avg,yplus_min,yplus_max,Tsolid_mean,Tsolid_max,Tfluid_max
0.0022222222,0.11111111,0.0085952836,439.12124,438.939,301.39528,3269.065,1.1712079,1.167907,23.389865,23.937417,422.1773,438.86645,16.689156,8.565388,46439.146,8000,384.48727,291.87788,291.60008,29851.676,7.5206992,0.092161195,0.60800799,0.55328528,0.65298614,433.7123,438.60329,415.25079
0.0066666667,0.33333333,0.0086980703,412.23457,412.39069,301.90813,3786.2867,1.1692184,1.1633877,23.709849,24.591984,429.94119,440.81759,10.876397,8.5367817,19651.976,8000,153.49142,116.34909,116.23835,29812.722,3.1259384,0.038241237,0.37825603,0.34437474,0.40620778,436.81141,440.5549,427.0779
0.011111111,0.55555556,0.0086724804,410.34756,410.36854,302.37036,4252.3287,1.167431,1.1597595,23.676287,24.615887,434.77774,443.73659,8.9588553,8.5051224,15774.158,8000,119.13353,90.185468,90.099632,29777.7,2.2187906,0.027102131,0.31370049,0.28597474,0.33658156,440.26559,443.47466,432.50361
0.015555556,0.77777778,0.0086782267,405.10267,405.13192,302.85848,4744.4505,1.1655494,1.1568937,23.730221,24.762213,438.5795,446.9627,8.3831984,8.4740293,15169.875,8000,111.77248,84.49474,84.414319,29740.805,2.1547355,0.02627729,0.30572582,0.27853507,0.32800974,443.6831,446.70168,436.40962
0.02,1,0.0086751307,401.45958,401.46167,303.33968,5229.565,1.1637005,1.1542351,23.759445,24.874445,442.00905,450.2194,8.2103457,8.4440274,15110.797,8000,108.96996,82.262754,82.184458,29704.523,2.0912919,0.025463129,0.29827465,0.27170875,0.32008075,447.00454,449.95929,439.86073
0.024444444,1.2222222,0.0086761493,397.3522,397.35889,303.82405,5717.9062,1.1618452,1.1516743,23.800179,24.997851,445.26925,453.41415,8.1448986,8.4151376,15112.635,8000,106.84446,80.546556,80.469894,29668.09,2.075745,0.025233539,0.29445007,0.26831669,0.31594368,450.22525,453.15493,443.13333
0.028888889,1.4444444,0.0086757648,393.51069,393.51419,304.30486,6202.6636,1.1600095,1.1491524,23.836787,25.114876,448.41765,456.51955,8.1018971,8.387328,15085.812,8000,104.68059,78.807028,78.732021,29632.014,2.0422197,0.024786767,0.28950226,0.26380351,0.31070016,453.3465,456.26119,446.29783
0.033333333,1.6666667,0.0086759107,389.67591,389.68096,304.78569,6687.452,1.1581795,1.1466745,23.874852,25.232824,451.45881,459.52739,8.0685771,8.3605937,15067.867,8000,102.73093,77.233303,77.159794,29596.025,2.0154066,0.024422743,0.2851726,0.25988221,0.30607411,456.36662,459.26983,449.35297
0.037777778,1.8888889,0.0086758693,385.94322,385.9477,305.26592,7171.6572,1.1563575,1.1442353,23.912356,25.346369,454.39346,462.43531,8.0418487,8.3349233,15063.67,8000,101.01199,75.83723,75.76505,29560.167,1.9898274,0.024074841,0.28112309,0.25622752,0.30169331,459.2848,462.17854,452.29834
0.042222222,2.1111111,0.0086758924,382.27286,382.27732,305.74652,7656.2556,1.1545398,1.1418324,23.950067,25.46024,457.22282,465.24333,8.0205131,8.310294,15073.393,8000,99.509913,74.607479,74.536469,29524.368,1.9687143,0.023781952,0.27753591,0.25299447,0.2977967,462.10157,464.98739,455.13573
0.046666667,2.3333333,0.0086758894,378.66554,378.66973,306.22756,8141.3034,1.1527262,1.139461,23.98774,25.570946,459.95008,467.95287,8.0027963,8.2866727,15090.716,8000,98.168548,73.501323,73.431366,29488.623,1.9502346,0.023521711,0.27424967,0.2499984,0.29422855,464.81878,467.69771,457.87048
0.051111111,2.5555556,0.008675898,375.11043,375.11448,306.70928,8627.0501,1.1509157,1.1371183,24.025498,25.679987,462.57856,470.56621,7.9876498,8.2640217,15112.782,8000,96.958055,72.495898,72.426898,29452.915,1.9342147,0.023291857,0.27124393,0.2472383,0.29097393,467.43898,470.31178,460.50597
0.055555556,2.7777778,0.0086758967,371.60179,371.6057,307.19177,9113.5895,1.149108,1.134802,24.063289,25.788736,465.11168,473.08611,7.9744365,8.2423006,15137.928,8000,95.858261,71.575714,71.507589,29417.236,1.9201414,0.023086068,0.26847432,0.24469781,0.2879855,469.96513,472.83237,463.04525
0.06,3,0.0086759008,368.13576,368.13955,307.67509,9600.9849,1.1473029,1.1325104,24.101161,25.89498,467.55294,475.51496,7.9620227,8.2214699,15165.042,8000,94.853928,70.729054,70.661735,29381.582,1.9078,0.022901654,0.26591828,0.24236013,0.28523537,472.40027,475.26197,465.49186
0.064444444,3.2222222,0.0086759036,364.70692,364.7106,308.15932,10089.305,1.1455001,1.1302423,24.1391,26.000044,469.90591,477.85555,7.9496396,8.1985862,15193.265,8000,93.932519,69.946275,69.879702,29345.947,1.8969603,0.022735749,0.26355304,0.24019803,0.28269495,474.74738,477.6033,467.84965
0.068888889,3.4444444,0.0086759021,361.31271,361.31631,308.64446,10578.557,1.1436996,1.1279963,24.177099,26.105205,472.1741,480.11129,7.9371859,8.1753443,15222.226,8000,93.085427,69.220719,69.154836,29310.333,1.8874357,0.022586036,0.26135937,0.23819234,0.28033753,477.00953,479.85974,470.12227
0.073333333,3.6666667,0.008675905,357.95038,357.95389,309.13053,11068.756,1.1419012,1.1257717,24.215182,26.208424,474.36089,482.28565,7.9247632,8.1530659,15251.585,8000,92.304981,68.546456,68.481215,29274.736,1.8791081,0.022451026,0.25932361,0.23633126,0.27815226,479.19002,482.03477,472.31311
0.077777778,3.8888889,0.0086759079,354.61648,354.61989,309.61755,11559.92,1.1401051,1.1235676,24.25334,26.309954,476.46904,484.3821,7.9130624,8.1317016,15280.885,8000,91.583748,67.917768,67.853125,29239.157,1.871858,0.022329225,0.25743264,0.23460459,0.27612653,481.29226,484.13185,474.42493
0.082222222,4.1111111,0.0086759046,351.30904,351.31238,310.10549,12052.036,1.1383111,1.1213831,24.291553,26.411953,478.50194,486.40403,7.9020874,8.1112034,15309.92,8000,90.915929,67.330179,67.266096,29203.596,1.8655457,0.02221891,0.25567178,0.2329987,0.27424184,483.31968,486.15439,476.46121
0.086666667,4.3333333,0.0086759071,348.02655,348.02984,310.59435,12545.081,1.1365195,1.1192176,24.329854,26.512935,480.46304,488.35476,7.8917254,8.0915255,15338.502,8000,90.296229,66.779615,66.716055,29168.056,1.8600834,0.022118985,0.25403042,0.2315013,0.27248369,485.27565,488.1057,478.42547
0.091111111,4.5555556,0.0086759097,344.76578,344.76898,311.08411,13039.043,1.1347302,1.1170704,24.368225,26.612487,482.35567,490.23752,7.8818526,8.072624,15366.282,8000,89.718821,66.261625,66.198558,29132.537,1.8553734,0.022028242,0.25249762,0.23010449,0.27084397,487.16341,489.98902,480.32106
0.095555556,4.7777778,0.0086759091,341.52568,341.52881,311.57474,13533.897,1.1329434,1.1149408,24.406656,26.711351,484.18301,492.05542,7.8724123,8.0544576,15393.255,8000,89.180286,65.773563,65.710961,29097.041,1.8513318,0.021945645,0.25106379,0.22879882,0.26931217,488.98611,491.80746,482.15118
0.1,5,0.0086759064,338.30493,338.30802,312.06621,14029.612,1.1311591,1.1128284,24.445148,26.809899,485.94811,493.81147,7.8633531,8.0369871,15419.383,8000,88.677331,65.312889,65.250726,29061.571,1.8478911,0.021870361,0.24972068,0.22757631,0.26787762,490.74675,493.56403,483.91893
0.10444444,5.2222222,0.0086759095,335.10217,335.10521,312.5585,14526.15,1.1293775,1.1107326,24.483718,26.90776,487.65391,495.50852,7.8546169,8.0201754,15444.58,8000,88.206653,64.877072,64.815323,29026.129,1.8449993,0.021801743,0.24846141,0.22643047,0.26653151,492.44825,495.26158,485.62726
0.10888889,5.4444444,0.0086759113,331.91525,331.91821,313.05156,15023.491,1.1275987,1.1086531,24.522347,27.004762,489.3032,497.14934,7.8461382,8.0039876,15468.68,8000,87.764743,64.463439,64.402084,28990.717,1.8425955,0.021739045,0.2472788,0.22535581,0.2652681,494.09335,496.90289,487.27898
0.11333333,5.6666667,0.008675911,328.74373,328.74664,313.54538,15521.597,1.1258228,1.1065893,24.561029,27.100593,490.89864,498.73654,7.8378988,7.9883909,15491.766,8000,87.349769,64.070563,64.009582,28955.338,1.8406343,0.021681705,0.24616701,0.22434531,0.26408204,495.6847,498.49055,488.87679
0.11777778,5.8888889,0.0086759081,325.5866,325.58949,314.03992,16020.44,1.1240499,1.1045408,24.599759,27.19634,492.44273,500.27261,7.8298751,7.9733543,15513.85,8000,86.959672,63.696859,63.636234,28919.993,1.8390729,0.021629198,0.2451206,0.22339357,0.26296685,497.22479,500.02707,490.4232
0.12222222,6.1111111,0.0086759087,322.44318,322.44605,314.53514,16519.972,1.1222801,1.1025074,24.638552,27.291781,493.93787,501.75992,7.8220429,7.9588487,15534.945,8000,86.592573,63.340884,63.280598,28884.687,1.8378794,0.02158113,0.24413496,0.22249722,0.26191587,498.716,501.51482,491.92061
0.12666667,6.3333333,0.0086759116,319.31194,319.31476,315.031,17020.168,1.1205136,1.1004887,24.677403,27.386464,495.38634,503.20071,7.8143659,7.9448469,15554.96,8000,86.246181,63.000898,62.940935,28849.42,1.8370201,0.021537086,0.24320553,0.22165373,0.26092535,500.16059,502.95604,493.37127
0.13111111,6.5555556,0.0086759125,316.19212,316.19488,315.52748,17521,1.1187505,1.0984844,24.716297,27.480894,496.79027,504.59712,7.8068454,7.9313232,15574.02,8000,85.919567,62.676164,62.61651,28814.196,1.836471,0.021496771,0.24232874,0.22085908,0.259991,501.5607,504.35286,494.77732
0.13555556,6.7777778,0.0086759114,313.08341,313.08614,316.02456,18022.439,1.1169908,1.0964942,24.755232,27.574831,498.15168,505.95116,7.7994747,7.9182537,15592.188,8000,85.611566,62.365777,62.306419,28779.015,1.8362088,0.021459893,0.24150113,0.2201093,0.25910873,502.91833,505.7073,496.1408
0.14,7,0.0086759093,309.98519,309.9879,316.5222,18524.453,1.1152347,1.0945177,24.794208,27.66808,499.47251,507.26473,7.7922238,7.9056156,15609.379,8000,85.320323,62.068336,62.00926,28743.881,1.8361965,0.02142601,0.24071845,0.21940069,0.25827606,504.23541,507.02127,497.46366
0.14444444,7.2222222,0.0086759086,306.89694,306.89964,317.02037,19027.006,1.1134822,1.0925548,24.833229,27.761117,500.75456,508.53965,7.7850914,7.8933878,15625.677,8000,85.045014,61.783196,61.724392,28708.795,1.836419,0.021394934,0.23997806,0.21873092,0.25748676,505.51375,508.29656,498.7477
0.14888889,7.4444444,0.0086759117,303.81782,303.8205,317.51903,19530.063,1.1117335,1.0906052,24.872299,27.853733,501.99953,509.77761,7.7780766,7.8815504,15641.131,8000,84.784737,61.50966,61.451116,28673.761,1.836868,0.021366556,0.23927789,0.21809887,0.25673316,506.75505,509.53489,499.99459
0.15333333,7.6666667,0.0086759128,300.74697,300.74959,318.01817,20033.619,1.1099886,1.0886688,24.911402,27.945737,503.20903,510.98022,7.7711853,7.8700848,15655.833,8000,84.538908,61.247257,61.188964,28638.777,1.8375274,0.021340678,0.2386351,0.21752297,0.25603584,507.96093,510.73787,501.20587
0.15777778,7.8888889,0.0086759123,297.68446,297.68704,318.51777,20537.643,1.1082475,1.0867452,24.950536,28.037598,504.38459,512.14901,7.7644157,7.8589735,15669.826,8000,84.306743,60.995384,60.93733,28603.848,1.8383886,0.021317191,0.23803139,0.21697903,0.25538378,509.1329,511.90701,502.38318
0.16222222,8.1111111,0.0086759108,294.62973,294.6323,319.0178,21042.111,1.1065104,1.0848341,24.9897,28.129055,505.52766,513.28542,7.7577593,7.8481998,15683.121,8000,84.087359,60.753361,60.695537,28568.973,1.8394345,0.021295887,0.23746044,0.21646444,0.25476719,510.27242,513.04377,503.52799
0.16666667,8.3333333,0.0086759093,291.58249,291.58504,319.51825,21547,1.1047774,1.0829354,25.028897,28.220049,506.63962,514.39083,7.7512132,7.8377483,15695.758,8000,83.880094,60.520677,60.463074,28534.154,1.8406496,0.021276579,0.23692014,0.21597734,0.25418342,511.38087,514.14951,504.64168
0.17111111,8.5555556,0.0086759072,288.54232,288.54486,320.01908,22052.29,1.1030484,1.0810488,25.068123,28.310779,507.72175,515.46652,7.7447745,7.8276042,15707.768,8000,83.684304,60.296833,60.239444,28499.394,1.8420188,0.021259083,0.23640849,0.21551607,0.25363003,512.45954,515.22552,505.72553
0.17555556,8.7777778,0.0086759078,285.50894,285.51147,320.52027,22557.953,1.1013236,1.0791743,25.107385,28.401114,508.77529,516.51374,7.738445,7.8177538,15719.206,8000,83.499529,60.081466,60.024282,28464.693,1.8435447,0.021243423,0.23592468,0.21507998,0.25310628,513.50966,516.27305,506.78078
0.18,9,0.0086759073,282.48152,282.48401,321.02182,23063.982,1.0996029,1.0773115,25.146672,28.4912,509.80142,517.53364,7.7322231,7.8081841,15730.105,8000,83.325239,59.874164,59.817177,28430.052,1.8452214,0.021229524,0.23546745,0.21466783,0.25261124,514.5324,517.29326,507.80859
0.18444444,9.2222222,0.0086759064,279.46009,279.46255,321.52371,23570.359,1.0978865,1.0754602,25.185983,28.580941,510.80123,518.52734,7.7261061,7.7988826,15740.494,8000,83.160927,59.674532,59.617735,28395.471,1.8470378,0.021217251,0.2350352,0.21427866,0.25214331,515.52888,518.28725,508.81006
0.18888889,9.4444444,0.0086759046,276.44423,276.44669,322.02591,24077.063,1.0961743,1.0736203,25.225317,28.670388,511.77579,519.49588,7.7200897,7.7898377,15750.398,8000,83.006101,59.482192,59.425578,28360.954,1.848984,0.021206484,0.23462652,0.21391059,0.25170114,516.50014,519.25608,509.78626
0.19333333,9.6666667,0.0086759082,273.43369,273.43617,322.52839,24584.061,1.0944665,1.0717917,25.264689,28.75955,512.7261,520.44027,7.7141654,7.7810385,15759.811,8000,82.860152,59.296682,59.240244,28326.5,1.8510539,0.021197148,0.23424025,0.2135602,0.25128367,517.4472,520.20075,510.73828
0.19777778,9.8888889,0.0086759101,270.42737,270.42982,323.03118,25091.364,1.0927631,1.0699742,25.304079,28.848233,513.65313,521.36146,7.7083297,7.7724745,15768.755,8000,82.722659,59.117673,59.061406,28292.11,1.8532405,0.021189157,0.23387525,0.21322739,0.25088917,518.371,521.1222,511.66705
0.20222222,10.111111,0.0086759102,267.42565,267.42809,323.53423,25598.948,1.091064,1.0681676,25.343485,28.93637,514.55776,522.26034,7.7025834,7.7641358,15777.265,8000,82.593307,58.944918,58.888815,28257.785,1.8555306,0.021182354,0.23353001,0.21291192,0.25051589,519.27244,522.02135,512.57342
0.20666667,10.333333,0.0086759107,264.42828,264.43072,324.03753,26106.797,1.0893693,1.0663718,25.382912,29.023973,515.44085,523.13778,7.6969281,7.7560133,15785.379,8000,82.471816,58.778194,58.72225,28223.526,1.8579252,0.021176746,0.23320396,0.21261387,0.2501633,520.15239,522.89905,513.45823
0.21111111,10.555556,0.0086759114,261.43486,261.43728,324.54108,26614.897,1.087679,1.0645866,25.422358,29.111057,516.30322,523.99459,7.6913647,7.7480981,15793.127,8000,82.357897,58.617274,58.561483,28189.333,1.8604208,0.021172291,0.23289629,0.21233259,0.24983033,521.01165,523.7561,514.3223
0.21555556,10.777778,0.0086759138,258.44518,258.44759,325.04485,27123.229,1.0859933,1.0628118,25.461827,29.197634,517.14564,524.83154,7.685894,7.7403818,15800.54,8000,82.251302,58.461961,58.406319,28155.209,1.8630156,0.021168961,0.23260633,0.21206724,0.24951632,521.851,524.59329,515.1664
0.22,11,0.0086759167,255.45873,255.46112,325.54884,27631.788,1.0843121,1.0610473,25.501315,29.283724,517.96885,525.64937,7.6805138,7.7328566,15807.636,8000,82.151727,58.312018,58.256518,28121.152,1.8657067,0.021166719,0.23233339,0.21181716,0.24922098,522.67119,525.41135,515.99128
0.22444444,11.222222,0.0086759173,252.47536,252.47772,326.05304,28140.571,1.0826353,1.0592931,25.540813,29.36933,518.77356,526.44878,7.6752186,7.7255149,15814.416,8000,82.058806,58.167165,58.111803,28087.162,1.8684821,0.021165426,0.23207621,0.21158135,0.24894284,523.47292,526.211,516.79764
0.22888889,11.444444,0.0086759171,249.49522,249.49757,326.55744,28649.563,1.0809631,1.0575487,25.580323,29.454454,519.56045,527.23046,7.6700051,7.7183495,15820.892,8000,81.972257,58.027183,57.971954,28053.242,1.8713339,0.021164989,0.2318338,0.2113593,0.24868075,524.25686,526.9929,517.58615
0.23333333,11.666667,0.0086759167,246.51805,246.52039,327.06203,29158.752,1.0792954,1.0558142,25.619848,29.539107,520.33016,527.99503,7.6648691,7.7113536,15827.072,8000,81.891787,57.891847,57.836747,28019.391,1.8742595,0.021165373,0.23160557,0.21115047,0.24843363,525.02367,527.75769,518.35747
0.23777778,11.888889,0.0086759165,243.54368,243.54601,327.5668,29668.129,1.0776322,1.0540894,25.659388,29.623298,521.08331,528.74312,7.6598059,7.7045208,15832.952,8000,81.817062,57.760906,57.70593,27985.609,1.8772552,0.021166535,0.23139089,0.21095419,0.24820151,525.77394,528.50599,519.11221
0.24222222,12.111111,0.0086759161,240.5719,240.57422,328.07174,30177.686,1.0759736,1.0523742,25.69894,29.707035,521.82048,529.47529,7.6548185,7.697845,15838.572,8000,81.748001,57.634284,57.579429,27951.897,1.8803198,0.021168458,0.23118928,0.21076988,0.24798361,526.50826,529.23837,519.85094
0.24666667,12.333333,0.0086759159,237.60261,237.60491,328.57684,30687.414,1.0743196,1.0506683,25.738506,29.790326,522.54221,530.19212,7.6499088,7.6913203,15843.956,8000,81.684457,57.511863,57.457125,27918.256,1.8834528,0.021171134,0.23100033,0.21059724,0.24777932,527.22719,529.9554,520.57422
0.25111111,12.555556,0.0086759153,234.63556,234.63785,329.0821,31197.307,1.0726701,1.0489718,25.778083,29.873178,523.24905,530.89412,7.6450767,7.6849411,15849.122,8000,81.626263,57.39351,57.338884,27884.685,1.8866516,0.02117453,0.2308235,0.21043565,0.24758806,527.93126,530.6576,521.28257
0.25555556,12.777778,0.0086759155,231.67069,231.67296,329.5875,31707.355,1.0710252,1.0472844,25.817673,29.955599,523.94149,531.58181,7.6403211,7.6787023,15854.083,8000,81.57323,57.279076,57.224559,27851.186,1.8899137,0.021178616,0.23065833,0.21028462,0.24740946,528.62098,531.34548,521.97651
0.26,13,0.0086759153,228.70767,228.70992,330.09305,32217.557,1.0693849,1.0456061,25.857274,30.037597,524.62003,532.25567,7.6356406,7.6725987,15858.85,8000,81.525193,57.168432,57.11402,27817.757,1.8932384,0.02118338,0.23050444,0.21014401,0.24724313,529.29683,532.01952,522.65653
0.26444444,13.222222,0.0086759152,225.74646,225.74869,330.59873,32727.904,1.0677492,1.0439367,25.896885,30.119177,525.28513,532.91616,7.631033,7.6666255,15863.43,8000,81.481961,57.061428,57.007118,27784.399,1.896621,0.021188768,0.23036122,0.21001326,0.24708837,529.95929,532.6802,523.32308
0.26888889,13.444444,0.0086759149,222.78684,222.78906,331.10455,33238.393,1.066118,1.042276,25.936507,30.200346,525.93725,533.56374,7.6264962,7.6607782,15867.831,8000,81.443367,56.957935,56.903724,27751.112,1.9000598,0.021194758,0.23022829,0.20989204,0.24694464,530.60879,533.32797,523.97663
0.27333333,13.666667,0.0086759145,219.82872,219.83093,331.61049,33749.02,1.0644914,1.040624,25.976138,30.281111,526.57681,534.19884,7.6220283,7.6550522,15872.06,8000,81.409241,56.857821,56.803705,27717.897,1.9035513,0.021201308,0.23010512,0.20977988,0.24681135,531.24577,533.96324,524.61759
0.27777778,13.888889,0.0086759142,216.87195,216.87415,332.11656,34259.779,1.0628694,1.0389806,26.015779,30.361477,527.20423,534.82185,7.6176289,7.6494433,15876.129,8000,81.379463,56.760988,56.706964,27684.753,1.907093,0.021208389,0.22999133,0.20967638,0.24668787,531.87065,534.58643,525.24639
0.28222222,14.111111,0.0086759145,213.91637,213.91856,332.62275,34770.664,1.0612519,1.0373455,26.055431,30.441452,527.8199,535.43319,7.6132981,7.6439475,15880.057,8000,81.353937,56.667358,56.613423,27651.68,1.9106869,0.02121602,0.22988678,0.20958115,0.2465741,532.48381,535.19794,525.86343
0.28666667,14.333333,0.0086759145,210.96175,210.96392,333.12905,35281.676,1.059639,1.0357188,26.095091,30.521044,528.4242,536.03324,7.6090345,7.638561,15883.848,8000,81.332524,56.576822,56.522973,27618.679,1.9143307,0.021224174,0.22979109,0.209494,0.24647004,533.08565,535.79815,526.46908
0.29111111,14.555556,0.0086759147,208.00803,208.0102,333.63546,35792.808,1.0580306,1.0341003,26.134761,30.600258,529.01751,536.62235,7.6048359,7.6332799,15887.506,8000,81.315078,56.489266,56.4355,27585.749,1.9180216,0.021232817,0.22970385,0.20941453,0.24637517,533.67652,536.38742,527.06371
0.29555556,14.777778,0.0086759145,205.05503,205.05718,334.14199,36304.058,1.0564267,1.0324899,26.174438,30.679101,529.60018,537.20088,7.6007004,7.6281008,15891.038,8000,81.301467,56.404587,56.350903,27552.891,1.9217578,0.021241928,0.22962473,0.20934253,0.24628904,534.25678,536.96611,527.64769
0.3,15,0.0086759143,202.10271,202.10484,334.64861,36815.42,1.0548274,1.0308874,26.214123,30.757576,530.17255,537.76917,7.5966263,7.6230201,15894.448,8000,81.291572,56.322694,56.269087,27520.104,1.9255373,0.021251482,0.22955339,0.2092776,0.24621133,534.82679,537.53457,528.22135
0.30444444,15.222222,0.0086759139,199.15089,199.15301,335.15534,37326.892,1.0532326,1.0292928,26.253816,30.835686,530.73495,538.32756,7.592612,7.6180346,15897.742,8000,81.285272,56.243491,56.18996,27487.389,1.9293581,0.021261458,0.22948953,0.20921927,0.2461418,535.38685,538.09311,528.78502
0.30888889,15.444444,0.008675914,196.19951,196.20162,335.66216,37838.468,1.0516423,1.027706,26.293517,30.913437,531.2877,538.87636,7.5886563,7.613141,15900.927,8000,81.282471,56.166902,56.113443,27454.745,1.9332196,0.021271844,0.22943289,0.20916766,0.24608013,535.93729,538.64205,529.33903
0.31333333,15.666667,0.0086759138,193.24838,193.25048,336.16908,38350.146,1.0500565,1.0261269,26.333225,30.990834,531.83111,539.41586,7.5847579,7.6083364,15904.009,8000,81.283062,56.092843,56.039455,27422.172,1.9371207,0.021282628,0.22938322,0.20912245,0.24602603,536.47843,539.18171,529.88368
0.31777778,15.888889,0.0086759141,190.29741,190.29951,336.67608,38861.922,1.0484752,1.0245553,26.372941,31.067881,532.36547,539.94638,7.5809144,7.6036177,15906.989,8000,81.286927,56.021224,55.967904,27389.672,1.9410599,0.021293792,0.22934025,0.20908328,0.24597914,537.01054,539.71237,530.41927
0.32222222,16.111111,0.0086759144,187.34642,187.34851,337.18317,39373.794,1.0468984,1.0229912,26.412664,31.144586,532.89107,540.4682,7.5771237,7.5989822,15909.868,8000,81.29395,55.951954,55.898701,27357.242,1.9450347,0.021305307,0.22930366,0.20904988,0.24593913,537.53393,540.23433,530.94609
0.32666667,16.333333,0.0086759145,184.39535,184.39742,337.69035,39885.759,1.0453261,1.0214345,26.452393,31.220949,533.40819,540.98158,7.5733839,7.594427,15912.651,8000,81.304037,55.884962,55.831772,27324.884,1.9490443,0.021317162,0.22927325,0.209022,0.24590584,538.04886,540.74785,531.46442
0.33111111,16.555556,0.0086759142,181.44409,181.44614,338.1976,40397.816,1.0437582,1.019885,26.492127,31.296971,533.9171,541.48679,7.569693,7.5899496,15915.337,8000,81.317077,55.820162,55.767034,27292.597,1.9530859,0.021329327,0.22924866,0.20899934,0.24587899,538.5556,541.2532,531.97453
0.33555556,16.777778,0.0086759143,178.49261,178.49466,338.70493,40909.956,1.0421948,1.0183428,26.531868,31.372654,534.41805,541.9841,7.5660495,7.5855475,15917.932,8000,81.332983,55.757487,55.704418,27260.382,1.9571586,0.021341789,0.22922971,0.20898174,0.24585838,539.05442,541.75064,532.47667
0.34,17,0.0086759141,175.54073,175.54276,339.21234,41422.18,1.0406359,1.0168076,26.571614,31.448001,534.91129,542.47374,7.5624519,7.5812181,15920.436,8000,81.35167,55.696869,55.643858,27228.238,1.9612615,0.021354539,0.2292162,0.20896898,0.24584375,539.54554,542.24042,532.9711
0.34444444,17.222222,0.0086759141,172.58845,172.59048,339.71981,41934.482,1.0390814,1.0152795,26.611366,31.523012,535.39706,542.95596,7.5588986,7.5769592,15922.854,8000,81.373045,55.63824,55.585284,27196.165,1.9653924,0.02136755,0.22920783,0.20896087,0.24583465,540.02923,542.72276,533.45806
0.34888889,17.444444,0.008675914,169.63561,169.63763,340.22736,42446.862,1.0375313,1.0137583,26.651123,31.597687,535.8756,543.43099,7.5553886,7.5727685,15925.188,8000,81.397043,55.581545,55.528644,27164.163,1.9695516,0.021380826,0.22920453,0.2089572,0.24583079,540.50569,543.19791,533.93777
0.35333333,17.666667,0.0086759141,166.68215,166.68416,340.73496,42959.315,1.0359857,1.012244,26.690886,31.672028,536.34711,543.89904,7.5519211,7.5686438,15927.445,8000,81.423597,55.526733,55.473884,27132.233,1.9737388,0.021394361,0.22920611,0.20895773,0.24583243,540.97517,543.66608,534.41046
0.35777778,17.888889,0.0086759145,163.72793,163.72993,341.24263,43471.84,1.0344444,1.0107365,26.730655,31.746038,536.81183,544.36033,7.5484944,7.5645831,15929.625,8000,81.452625,55.473742,55.420943,27100.374,1.9779533,0.021408147,0.22921242,0.20896246,0.24583939,541.43787,544.1275,534.87635
0.36222222,18.111111,0.0086759146,160.77285,160.77483,341.75036,43984.436,1.0329076,1.0092356,26.770427,31.819715,537.26995,544.81506,7.5451071,7.5605843,15931.729,8000,81.484055,55.422513,55.369763,27068.585,1.9821934,0.021422166,0.22922325,0.20897122,0.24585138,541.89399,544.58235,535.33564
0.36666667,18.333333,0.0086759145,157.8169,157.81887,342.25815,44497.101,1.0313751,1.0077414,26.810204,31.893053,537.72169,545.26344,7.5417577,7.5566456,15933.759,8000,81.51781,55.372989,55.320286,27036.868,1.9864576,0.0214364,0.22923838,0.20898381,0.24586812,542.34374,545.03085,535.78852
0.37111111,18.555556,0.0086759144,154.86,154.86196,342.76599,45009.83,1.029847,1.0062536,26.849984,31.966048,538.16722,545.70566,7.5384449,7.5527649,15935.717,8000,81.553824,55.325119,55.272462,27005.221,1.9907446,0.021450833,0.22925763,0.209,0.2458894,542.78731,545.47318,536.23521
0.37555556,18.777778,0.0086759145,151.90205,151.904,343.27389,45522.622,1.0283233,1.0047724,26.88977,32.038701,538.60673,546.1419,7.5351682,7.5489407,15937.606,8000,81.592047,55.278863,55.22625,26973.645,1.9950542,0.021465463,0.22928088,0.20901974,0.24591508,543.22489,545.90953,536.67587
0.38,19,0.0086759143,148.94298,148.9449,343.78184,46035.477,1.0268039,1.0032975,26.929558,32.111003,539.04041,546.57234,7.5319267,7.545171,15939.43,8000,81.632421,55.234176,55.181606,26942.139,1.9993852,0.021480277,0.22930796,0.20904298,0.24594497,543.65664,546.34008,537.11068
0.38444444,19.222222,0.0086759144,145.98275,145.98466,344.28983,46548.389,1.0252889,1.001829,26.969352,32.18295,539.46843,546.99715,7.5287202,7.5414544,15941.194,8000,81.674912,55.191029,55.138499,26910.705,2.003738,0.021495278,0.2293388,0.20906965,0.24597898,544.08276,546.76499,537.53982
0.38888889,19.444444,0.0086759143,143.02119,143.02307,344.79788,47061.358,1.0237781,1.0003666,27.009149,32.25454,539.89095,547.4165,7.5255478,7.5377891,15942.902,8000,81.719467,55.14938,55.09689,26879.34,2.0081132,0.021510472,0.22937332,0.20909979,0.24601697,544.5034,547.18445,537.96345
0.39333333,19.666667,0.0086759145,140.05826,140.06013,345.30597,47574.381,1.0222717,0.99891045,27.048949,32.325766,540.30813,547.83054,7.5224081,7.5341736,15944.555,8000,81.766038,55.109192,55.05674,26848.046,2.0125111,0.021525861,0.22941144,0.20913333,0.24605879,544.91871,547.5986,538.38173
0.39777778,19.888889,0.0086759149,137.09381,137.09565,345.8141,48087.457,1.0207696,0.99746032,27.088754,32.396624,540.72014,548.23944,7.5192971,7.5306065,15946.144,8000,81.814517,55.070387,55.017972,26816.822,2.0169304,0.021541431,0.22945302,0.20917008,0.24610429,545.32887,548.0076,538.79483
0.40222222,20.111111,0.008675915,134.12773,134.12954,346.32227,48600.584,1.0192718,0.99601616,27.128561,32.467103,541.12712,548.64333,7.5162087,7.5270863,15947.651,8000,81.864752,55.032856,54.980477,26785.668,2.0213679,0.021557147,0.22949777,0.20920975,0.2461532,545.73402,548.4116,539.20289
0.40666667,20.333333,0.0086759149,131.15997,131.16175,346.83047,49113.759,1.0177783,0.99457789,27.16837,32.53719,541.52923,549.04237,7.5131359,7.5236116,15949.057,8000,81.916583,54.99649,54.944145,26754.584,2.0258208,0.021572979,0.22954546,0.20925205,0.24620526,546.13429,548.81073,539.60608
0.41111111,20.555556,0.0086759149,128.19044,128.1922,347.33871,49626.977,1.0162891,0.99314543,27.208182,32.606874,541.9266,549.43667,7.5100716,7.5201812,15950.338,8000,81.969839,54.961167,54.908857,26723.57,2.0302862,0.021588894,0.22959586,0.20929666,0.24626033,546.52983,549.20514,540.00454
0.41555556,20.777778,0.0086759149,125.21906,125.22081,347.84698,50140.234,1.0148041,0.99171871,27.247996,32.676142,542.31936,549.82637,7.50701,7.5167939,15951.478,8000,82.02439,54.926799,54.874521,26692.626,2.0347618,0.02160487,0.22964874,0.20934335,0.24631822,546.92075,549.59493,540.3984
0.42,21,0.0086759147,122.24577,122.24749,348.35527,50653.526,1.0133233,0.99029768,27.287812,32.744981,542.70761,550.21156,7.503947,7.5134487,15952.467,8000,82.080139,54.893318,54.841072,26661.752,2.0392458,0.021620887,0.22970397,0.209392,0.24637882,547.30716,549.98022,540.78776
0.42444444,21.222222,0.0086759146,119.27055,119.27225,348.86358,51166.844,1.0118469,0.98888228,27.327629,32.813377,543.09146,550.59234,7.5008799,7.5101446,15953.298,8000,82.137014,54.860673,54.808458,26630.949,2.043737,0.021636933,0.22976143,0.20944257,0.24644207,547.68915,550.36109,541.17274
0.42888889,21.444444,0.0086759146,116.2933,116.29499,349.3719,51680.186,1.0103747,0.98747246,27.367448,32.881319,543.47099,550.96879,7.4978073,7.5068809,15953.971,8000,82.194981,54.828839,54.776654,26600.216,2.0482356,0.02165301,0.22982106,0.209495,0.24650777,548.06681,550.73763,541.5534
0.43333333,21.666667,0.0086759146,113.31401,113.31567,349.88023,52193.546,1.0089068,0.98606818,27.407267,32.94879,543.84625,551.34098,7.4947278,7.5036568,15954.481,8000,82.253998,54.797784,54.745628,26569.553,2.0527402,0.021669102,0.22988277,0.20954927,0.24657574,548.44021,551.10991,541.92981
0.43777778,21.888889,0.0086759148,110.33262,110.33427,350.38856,52706.92,1.0074431,0.9846694,27.447086,33.015776,544.21731,551.70895,7.4916415,7.5004719,15954.83,8000,82.314057,54.769909,54.71778,26540.644,2.0572512,0.021685216,0.22994653,0.20960541,0.24664585,548.80938,551.47797,542.30201
0.44222222,22.111111,0.008675915,107.34909,107.35071,350.89689,53220.303,1.0059837,0.98327608,27.486906,33.082259,544.58419,552.07274,7.4885482,7.4973258,15955.022,8000,82.375158,54.743537,54.691433,26512.315,2.0617697,0.021701361,0.23001238,0.20966348,0.246718,549.17437,551.84185,542.67005
0.44666667,22.333333,0.0086759151,104.36341,104.365,351.40521,53733.69,1.0045285,0.98188818,27.526725,33.148211,544.94693,552.43238,7.4854483,7.494218,15955.059,8000,82.437309,54.717927,54.665848,26484.047,2.0662965,0.021717547,0.23008037,0.20972358,0.24679253,549.53521,552.20157,543.03395
0.45111111,22.555556,0.0086759151,101.37558,101.37715,351.91352,54247.077,1.0030775,0.98050566,27.566542,33.21361,545.30552,552.78786,7.4823416,7.4911486,15954.938,8000,82.500505,54.693073,54.641018,26455.84,2.0708316,0.021733775,0.23015048,0.20978574,0.24686927,549.89189,552.55715,543.39369
0.45555556,22.777778,0.008675915,98.385566,98.387115,352.42181,54760.458,1.0016308,0.97912849,27.606358,33.278432,545.65997,553.1392,7.4792274,7.4881174,15954.659,8000,82.564741,54.668971,54.616938,26427.693,2.0753755,0.021750049,0.23022273,0.20985007,0.24694822,550.24441,552.90857,543.74929
0.46,23,0.008675915,95.393349,95.394869,352.93008,55273.828,1.0001883,0.97775664,27.646173,33.342659,546.01026,553.48636,7.4761048,7.4851245,15954.217,8000,82.630013,54.645616,54.593606,26399.608,2.0799283,0.021766371,0.23029714,0.20991661,0.24702937,550.59276,553.25581,544.10072
0.46444444,23.222222,0.0086759149,92.398903,92.400385,353.43833,55787.183,0.99875001,0.97639006,27.685985,33.40627,546.35634,553.82932,7.4729726,7.4821701,15953.609,8000,82.696313,54.623,54.571011,26371.584,2.0844913,0.021782753,0.23037379,0.20998538,0.24711282,550.9369,553.59885,544.44794
0.46888889,23.444444,0.0086759147,89.40221,89.40365,353.94654,56300.515,0.99731596,0.97502872,27.725794,33.469245,546.69818,554.16801,7.4698284,7.4792546,15952.824,8000,82.76362,54.601108,54.549139,26343.621,2.0890656,0.021799209,0.23045278,0.21005637,0.24719867,551.27678,553.93763,544.79092
0.47333333,23.666667,0.0086759146,86.403241,86.404645,354.45471,56813.819,0.99588614,0.97367259,27.765601,33.531564,547.03572,554.50239,7.4666699,7.4763784,15951.852,8000,82.831909,54.57992,54.527972,26315.719,2.093652,0.021815747,0.23053416,0.21012983,0.24728692,551.61234,554.27209,545.12958
0.47777778,23.888889,0.0086759146,83.40195,83.403321,354.96283,57327.088,0.99446054,0.97232163,27.805404,33.593212,547.36886,554.83235,7.4634936,7.4735422,15950.679,8000,82.901142,54.559412,54.507483,26287.879,2.0982501,0.021832361,0.23061795,0.21020579,0.24737757,551.94348,554.60214,545.46385
0.48222222,24.111111,0.0086759146,80.398296,80.399633,355.47091,57840.317,0.99303917,0.97097582,27.845202,33.654166,547.69752,555.15782,7.4602956,7.4707466,15949.29,8000,82.971288,54.53956,54.48765,26260.101,2.102861,0.021849064,0.23070425,0.21028426,0.24747078,552.27013,554.92769,545.79364
0.48666667,24.333333,0.0086759147,77.392236,77.393543,355.97892,58353.497,0.99162202,0.96963511,27.884997,33.714412,548.02159,555.47866,7.4570709,7.4679927,15947.663,8000,83.042289,54.520325,54.468434,26232.385,2.1074848,0.021865857,0.23079314,0.21036528,0.24756661,552.59215,555.24861,546.11883
0.49111111,24.555556,0.0086759149,74.383699,74.384971,356.48686,58866.621,0.99020909,0.96829949,27.924787,33.773922,548.34092,555.79473,7.4538129,7.4652814,15945.771,8000,83.114068,54.501655,54.449782,26204.731,2.1121209,0.021882734,0.23088463,0.21044888,0.24766512,552.90941,555.56477,546.4393
0.49555556,24.777778,0.0086759149,71.37267,71.373908,356.99473,59379.681,0.9888004,0.96696892,27.96457,33.832659,548.65536,556.10587,7.4505143,7.4626142,15943.584,8000,83.186536,54.483492,54.431636,26177.139,2.1167685,0.021899687,0.23097877,0.21053502,0.24776628,553.22174,555.87599,546.75489
0.5,25,0.0086759149,68.359142,68.360348,357.50252,59892.667,0.98739594,0.96564339,28.004346,33.890597,548.96473,556.4119,7.4471665,7.4599925,15941.066,8000,83.25959,54.465767,54.413927,26149.61,2.1214274,0.021916712,0.23107562,0.21062378,0.24787015,553.52896,556.18209,547.06543
0.50444444,25.222222,0.0086759148,65.343072,65.344249,358.0102,60405.567,0.98599574,0.96432288,28.044115,33.947721,549.26882,556.71258,7.4437601,7.4574181,15938.177,8000,83.333119,54.448406,54.396584,26122.144,2.1260963,0.021933799,0.23117521,0.21071515,0.24797677,553.83085,556.48286,547.37071
0.50888889,25.444444,0.0086759148,62.324453,62.325599,358.51778,60918.368,0.9845998,0.96300737,28.083875,34.004021,549.56739,557.00767,7.4402846,7.454893,15934.875,8000,83.406998,54.431331,54.379524,26094.741,2.1307747,0.021950943,0.23127766,0.21080923,0.24808632,554.12716,556.77803,547.67049
0.51333333,25.666667,0.0086759146,59.30324,59.304356,359.02523,61431.056,0.98320816,0.96169686,28.123624,34.059486,549.86015,557.29688,7.4367292,7.4524196,15931.112,8000,83.481111,54.414465,54.362674,26067.403,2.1354614,0.02196813,0.23138302,0.21090604,0.24819889,554.4176,557.06731,547.9645
0.51777778,25.888889,0.0086759148,56.279471,56.280559,359.53254,61943.616,0.98182082,0.96039136,28.163364,34.114107,550.1468,557.57988,7.4330815,7.4500006,15926.835,8000,83.555317,54.397717,54.345942,26040.129,2.140157,0.021985369,0.23149148,0.21100572,0.24831471,554.70184,557.35039,548.25243
0.52222222,26.111111,0.0086759143,53.253055,53.254117,360.03969,62456.027,0.98043783,0.95909088,28.20309,34.167873,550.42696,557.85629,7.4293289,7.4476389,15921.99,8000,83.629491,54.381009,54.32925,26012.921,2.1448579,0.022002624,0.23160304,0.21110828,0.24843376,554.97951,557.62687,548.53392
0.52666667,26.333333,0.0086759148,50.224148,50.225182,360.54667,62968.278,0.97905919,0.95779543,28.242804,34.220782,550.70023,558.12569,7.4254568,7.4453382,15916.511,8000,83.703463,54.364232,54.312489,25985.779,2.1495679,0.022019934,0.2317181,0.21121408,0.24855651,555.25019,557.89634,548.80858
0.53111111,26.555556,0.0086759136,47.19251,47.19352,361.05344,63480.334,0.97768499,0.95650505,28.282498,34.272829,550.96614,558.38759,7.4214512,7.4431023,15910.341,8000,83.777133,54.347325,54.295598,25958.705,2.1542785,0.022037214,0.23183644,0.21132291,0.24868276,555.51341,558.15831,549.07593
0.53555556,26.777778,0.0086759152,44.158597,44.159574,361.56001,63992.193,0.9763152,0.95521976,28.322184,34.324023,551.22416,558.64145,7.4172936,7.4409357,15903.39,8000,83.850268,54.330138,54.278428,25931.698,2.1590035,0.022054605,0.23195906,0.21143566,0.24881357,555.76861,558.41224,549.33546
0.54,27,0.0086759121,41.121695,41.122657,362.06631,64503.793,0.97494996,0.95393964,28.361834,34.374347,551.4737,558.88667,7.4129695,7.4388435,15895.603,8000,83.922825,54.312652,54.260958,25904.761,2.1637186,0.022071864,0.23208496,0.21155143,0.24894787,556.0152,558.65752,549.58658
0.54444444,27.222222,0.0086759169,38.083121,38.084042,362.57236,65015.164,0.97358919,0.95266468,28.401491,34.42383,551.71409,559.12255,7.408453,7.4368313,15886.846,8000,83.994402,54.294604,54.242928,25877.893,2.1684636,0.022089393,0.23221659,0.21167248,0.24908831,556.2525,558.89347,549.82865
0.54888889,27.444444,0.0086759082,35.04075,35.041677,363.07805,65526.176,0.97223319,0.95139507,28.441074,34.472427,551.94459,559.34832,7.4037329,7.4349054,15877.1,8000,84.065185,54.276134,54.224475,25851.1,2.1731695,0.022106497,0.2323508,0.21179661,0.24923134,556.47973,559.11931,550.06089
0.55333333,27.666667,0.0086759225,31.998374,31.999233,363.5835,66036.958,0.9708816,0.9501307,28.480715,34.520231,552.16437,559.56313,7.3987674,7.4330729,15866.122,8000,84.134313,54.256669,54.205029,25824.376,2.1779529,0.022124357,0.23249534,0.21193119,0.24938412,556.69604,559.33418,550.28249
0.55777778,27.888889,0.0086758977,28.94972,28.950638,364.0884,66547.193,0.96953524,0.94887202,28.520183,34.567108,552.37246,559.76602,7.3935594,7.4313419,15854.011,8000,84.20262,54.236792,54.185171,25797.735,2.1826138,0.022140958,0.23264029,0.21206471,0.24953824,556.90047,559.53712,550.49251
0.56222222,28.111111,0.0086759391,25.905708,25.906468,364.59316,67057.312,0.96819295,0.94761852,28.55986,34.61332,552.56787,559.9559,7.388032,7.4297212,15840.269,8000,84.268088,54.215152,54.163551,25771.156,2.1874928,0.022159729,0.23280276,0.21221411,0.24971167,557.09197,559.72705,550.68999
0.56666667,28.333333,0.0086758683,22.847987,22.84896,365.09696,67566.457,0.96685695,0.9463714,28.59909,34.658465,552.74934,560.13158,7.3822362,7.4282208,15825.381,8000,84.333492,54.193643,54.142063,25744.684,2.1920116,0.022174864,0.23295245,0.21235195,0.24987144,557.26933,559.90278,550.87364
0.57111111,28.555556,0.0086759872,19.808096,19.808659,365.60111,68075.978,0.96552369,0.94512896,28.638974,34.70326,552.91573,560.29173,7.3759963,7.4268517,15808.109,8000,84.393355,54.168585,54.117028,25718.246,2.1971524,0.022196219,0.23314207,0.2125263,0.25007392,557.43123,560.06297,551.04245
0.57555556,28.777778,0.0086757867,16.732788,16.734031,366.10306,68583.287,0.96419989,0.94389487,28.677632,34.746578,553.06533,560.43485,7.369511,7.4256264,15790.085,8000,84.455995,54.14564,54.094105,25691.978,2.2012493,0.022207118,0.23328417,0.21265735,0.25022545,557.57617,560.20613,551.19451
0.58,29,0.0086761205,13.712979,13.713115,366.60763,69093.258,0.96287284,0.94266188,28.71826,34.79029,553.19695,560.5593,7.362347,7.4245583,15768.1,8000,84.506981,54.114958,54.063453,25665.627,2.2071424,0.022235924,0.23352965,0.21288282,0.25048777,557.70256,560.33062,551.329
0.58444444,29.222222,0.0086755948,10.594886,10.597087,367.10357,69594.503,0.96157204,0.94145004,28.755368,34.831266,553.30811,560.66323,7.3551223,7.4236634,15746.926,8000,84.567896,54.09178,54.040296,25639.779,2.2100549,0.022235187,0.23362726,0.2129734,0.25059178,557.80847,560.43458,551.44288
0.58888889,29.444444,0.0086764051,7.6402849,7.6391101,367.62279,70119.315,0.96021394,0.94019463,28.798728,34.875326,553.39783,560.74463,7.3468053,7.4229575,15719.06,8000,84.613413,54.055906,54.004457,25612.774,2.2180826,0.022284434,0.23400486,0.2133196,0.25099555,557.89205,560.51601,551.53607
0.59333333,29.666667,0.0086758972,4.4157828,4.4186323,368.05124,70552.358,0.95909616,0.93915124,28.830604,34.911085,553.46262,560.80124,7.3386112,7.4224611,15694.494,8000,84.646877,54.023755,53.972336,25590.533,2.2180083,0.022257748,0.23396724,0.21328659,0.25095559,557.95083,560.57263,551.60386
0.59777778,29.888889,0.0086749157,1.72908,1.7230327,368.85137,71361.124,0.95701564,0.93722173,28.890012,34.972559,553.50341,560.83064,7.327233,7.4221923,15639.26,8000,84.695845,53.955266,53.903912,25549.1,2.225971,0.022289198,0.23436293,0.21365072,0.2513775,557.98266,560.60205,551.6512
