"# area-weighted y+ distribution on FLUID_SOLID_INTERFACE, converged FINE solution"
yplus_lo,yplus_hi,area_m2,area_fraction
0.00000,0.02500,0.000000e+00,0.000000
0.02500,0.05000,0.000000e+00,0.000000
0.05000,0.07500,0.000000e+00,0.000000
0.07500,0.10000,0.000000e+00,0.000000
0.10000,0.12500,0.000000e+00,0.000000
0.12500,0.15000,0.000000e+00,0.000000
0.15000,0.17500,0.000000e+00,0.000000
0.17500,0.20000,0.000000e+00,0.000000
0.20000,0.22500,1.060824e-02,0.281481
0.22500,0.25000,1.954149e-02,0.518519
0.25000,0.27500,4.435607e-03,0.117695
0.27500,0.30000,1.706003e-03,0.045267
0.30000,0.32500,6.824011e-04,0.018107
0.32500,0.35000,2.171276e-04,0.005761
0.35000,0.37500,6.203646e-05,0.001646
0.37500,0.40000,9.305469e-05,0.002469
0.40000,0.42500,6.203646e-05,0.001646
0.42500,0.45000,0.000000e+00,0.000000
0.45000,0.47500,0.000000e+00,0.000000
0.47500,0.50000,0.000000e+00,0.000000
0.50000,0.52500,0.000000e+00,0.000000
0.52500,0.55000,0.000000e+00,0.000000
0.55000,0.57500,6.203646e-05,0.001646
0.57500,0.60000,6.203646e-05,0.001646
0.60000,0.62500,3.101823e-05,0.000823
0.62500,0.65000,9.305469e-05,0.002469
0.65000,0.67500,3.101823e-05,0.000823
0.67500,0.70000,0.000000e+00,0.000000
0.70000,0.72500,0.000000e+00,0.000000
0.72500,0.75000,0.000000e+00,0.000000
0.75000,0.77500,0.000000e+00,0.000000
0.77500,0.80000,0.000000e+00,0.000000
0.80000,0.82500,0.000000e+00,0.000000
0.82500,0.85000,0.000000e+00,0.000000
0.85000,0.87500,0.000000e+00,0.000000
0.87500,0.90000,0.000000e+00,0.000000
0.90000,0.92500,0.000000e+00,0.000000
0.92500,0.95000,0.000000e+00,0.000000
0.95000,0.97500,0.000000e+00,0.000000
0.97500,1.00000,0.000000e+00,0.000000
1.00000,1.02500,0.000000e+00,0.000000
1.02500,1.05000,0.000000e+00,0.000000
1.05000,1.07500,0.000000e+00,0.000000
1.07500,1.10000,0.000000e+00,0.000000
1.10000,1.12500,0.000000e+00,0.000000
1.12500,1.15000,0.000000e+00,0.000000
1.15000,1.17500,0.000000e+00,0.000000
1.17500,1.20000,0.000000e+00,0.000000
