t,lambda,sway_end_rel_mm,lat_inlet_mm,lat_outlet_mm,lat_mid_mm,lat_max_mm,z_lat_max_m,ur_mid_mean_mm,oval_max_mm,uz_mid_mean_mm,uz_min_mm,u_total_max_monitor_mm,outlet_dir_deg,Fz_in_N,Fz_out_N,IE_J,EW_J,vm_max_MPa,vm_max_node,vm_max_z_m,vm_max_r_m,vm_max_T_K,vm_18865_MPa,vm_mid_max_MPa,util_max,util_node,util_z_m,sz_min_MPa,sz_max_MPa,sz_max_node,T_18865_K
0,0,0,0,0,0,0,0,0,0,0,0,0,0,0,0,0,0,0,1,0.597872403,0.018,300,0,nan,0,1,0.597872403,0,0,1,300
0.01,0.025,0.0257819927,0.0128722572,0.0129097356,2.04087387e-06,0.0129097356,0.6,0.0019340925,4.1e-05,-0.0024041,-0.00380689,0.0149651139,-6.1193882,13802.0128,-13802.0096,-0.298842,0,,,,,,,,,,,,,,303.449718
0.02,0.05,0.0526687752,0.0262943145,0.0263744608,4.21225739e-06,0.0263744608,0.6,0.00386826,8.375e-05,-0.00480053,-0.00766126,0.0304846446,-6.11943367,27560.031,-27560.003,-1.19796,0,33.168402,89494,0,0.02,306.899437,27.4858974,nan,0.0320419345,89494,0,-33.568,-25.91,89158,306.899435
0.03,0.075,0.080732634,0.0403020264,0.0404306077,6.52756221e-06,0.0404306077,0.6,0.005802485,0.00012835,-0.007189235,-0.0115667,0.0465950008,-6.11947086,41273.737,-41273.757,-2.69719,0,,,,,,,,,,,,,,310.349153
0.04,0.1,0.110052164,0.0549344876,0.0551176769,8.99953836e-06,0.0551176769,0.6,0.0077367575,0.000175,-0.009570195,-0.0155271,0.0633356068,-6.11950951,54943.266,-54943.198,-4.79282,0,66.3699304,89494,0,0.02,313.798874,54.5303073,nan,0.0639560175,89494,0,-67.169,-51.496,89158,313.798871
0.05,0.125,0.140712728,0.0702341684,0.0704785601,1.16400903e-05,0.0704785601,0.6,0.00967105,0.0002238,-0.0119433625,-0.0195467,0.0807493093,-6.1195273,68568.317,-68568.285,-7.48291,0,,,,,,,,,,,,,,317.248588
0.06,0.15,0.172807709,0.0862474291,0.0865602803,1.44701326e-05,0.0865602803,0.6,0.011605325,0.0002749,-0.014308695,-0.0236301,0.0988829774,-6.11956635,82148.751,-82148.547,-10.7655,0,99.6414846,89494,0,0.02,320.69831,81.1012601,nan,0.0957786717,89494,0,-100.84,-76.739,89158,320.698306
0.07,0.175,0.206439012,0.103024958,0.103414054,1.74949221e-05,0.103414054,0.6,0.013539625,0.00032865,-0.0166661075,-0.0277824,0.117787708,-6.11961458,95684.132,-95683.991,-14.6386,0,,,,,,,,,,,,,,324.148023
0.08,0.2,0.241717765,0.120621942,0.121095823,2.0751413e-05,0.121095823,0.6,0.01547385,0.000385,-0.01901565,-0.0320091,0.13751921,-6.11965715,109174.411,-109174.192,-19.1003,0,133.011846,89494,0,0.02,327.597747,107.152853,nan,0.127538175,89494,0,-134.61,-101.62,89158,327.597741
0.09,0.225,0.278766925,0.139099758,0.139667168,2.42537731e-05,0.139667168,0.6,0.017407975,0.000444,-0.0213572525,-0.0363164,0.158139748,-6.11971204,122619.513,-122619.288,-24.1486,0,,,,,,,,,,,,,,331.047459
0.1,0.25,0.317719919,0.158523955,0.159195965,2.80320203e-05,0.159195965,0.6,0.019341975,0.000506,-0.0236907875,-0.0407114,0.179716698,-6.11974279,136018.915,-136018.572,-29.7814,0,,,,,,,,,,,,,,334.497176
0.11,0.275,0.358968487,0.179090393,0.179878095,3.2108443e-05,0.179878095,0.6,0.021278425,0.000572,-0.02614835,-0.045335,0.202488984,-6.11979774,149455.185,-149454.783,-36.0371,0,183.47151,89494,0,0.02,337.946902,145.246856,nan,0.175269119,89494,0,-185.67,-138.26,89158,337.946894
0.12,0.3,0.402930248,0.201008257,0.201921991,3.66235848e-05,0.201921991,0.6,0.023256025,0.0006415,-0.0287756525,-0.0502923,0.226633933,-6.11985543,162998.394,-162997.83,-42.96,0,,,,,,,,,,,,,,341.396612
0.13,0.325,0.449708036,0.224328337,0.2253797,4.15408872e-05,0.2253797,0.6,0.0252442,0.000716,-0.0313576075,-0.0553481,0.252201848,-6.11991372,176594.15,-176593.58,-50.5362,0,218.039863,89494,0,0.02,344.846339,170.281768,nan,0.207778488,89494,0,-220.64,-162.63,89158,344.846329
0.14,0.35,0.499495206,0.24914668,0.250348527,4.69577229e-05,0.250348527,0.6,0.027240775,0.0007955,-0.0339193925,-0.0605339,0.279288305,-6.11997458,190220.28,-190219.22,-58.7639,0,,,,,,,,,,,,,,348.296047
0.15,0.375,0.558521724,0.278571961,0.279949764,5.36071504e-05,0.279949764,0.6,0.02924445,0.0008895,-0.0364742475,-0.0661783,0.311009978,-6.12004168,203859.52,-203859.78,-67.6449,0,253.664142,89494,0,0.02,351.745776,194.527746,nan,0.241131704,89494,0,-256.67,-186.62,89158,351.745764
0.16,0.4,0.616554334,0.307494875,0.30905946,6.03472469e-05,0.30905946,0.6,0.031256875,0.000982,-0.039028375,-0.0717708,0.342250876,-6.12011373,217519.45,-217519.98,-77.1844,0,,,,,,,,,,,,,,355.195482
0.17,0.425,0.678797159,0.338512441,0.34028472,6.77801286e-05,0.34028472,0.6,0.03327705,0.0010815,-0.041584315,-0.0775775,0.375613758,-6.12018293,231192.3,-231191.96,-87.3869,0,289.918013,89494,0,0.02,358.645213,218.256645,nan,0.274918278,89494,0,-293.33,-210.36,89158,358.6452
0.18,0.45,0.745711834,0.371854457,0.373857379,7.60844937e-05,0.373857379,0.6,0.03530475,0.001188,-0.0441442,-0.083624,0.411330971,-6.12026947,244874.38,-244874.28,-98.2572,0,,,,,,,,,,,,,,362.094917
0.19,0.475,0.817833145,0.407786685,0.410046462,8.53225385e-05,0.410046462,0.6,0.0373398,0.001303,-0.046709305,-0.0899386,0.449670044,-6.12035497,258563.71,-258563.47,-109.8,0,327.235067,89494,0,0.02,365.54465,241.134517,nan,0.309545181,89494,0,-331.08,-233.16,99068,365.544635
0.2,0.5,0.895780625,0.446617375,0.449163252,9.57277017e-05,0.449163252,0.6,0.039381975,0.0014275,-0.0492795525,-0.0965526,0.490941767,-6.12045059,272258.43,-272258.48,-122.021,0,,,,,,,,,,,,,,368.994352
0.21,0.525,0.980271101,0.488703047,0.491568057,0.000107471613,0.491568057,0.6,0.041430975,0.001562,-0.05185754,-0.10351,0.535505216,-6.1205553,285955.61,-285955.69,-134.924,0,366.005472,89494,0,0.02,372.444086,263.10374,nan,0.345374433,89494,0,-370.43,-253.87,99068,372.44407
0.22,0.55,1.07213807,0.534457803,0.537680271,0.000120739187,0.537680271,0.6,0.04348655,0.001709,-0.0544449175,-0.11086,0.583780765,-6.12066829,299651,-299650.13,-148.513,0,,,,,,,,,,,,,,375.893788
0.23,0.575,1.1723694,0.584373937,0.587995462,0.000135859507,0.587995462,0.6,0.045548125,0.001869,-0.057042345,-0.11865,0.636261299,-6.12077912,313340.44,-313340.24,-162.791,0,406.064004,89494,0,0.02,379.343523,283.358583,nan,0.383527435,89494,0,-410.94,-273.03,99068,379.343505
0.24,0.6,1.28213451,0.639032736,0.643101777,0.000153209558,0.643101777,0.6,0.0476154,0.002044,-0.05964971,-0.126936,0.693535159,-6.12092312,327023.2,-327021.68,-177.763,0,,,,,,,,,,,,,,382.793223
0.25,0.625,1.40282153,0.699124634,0.703696898,0.00017315531,0.703696898,0.6,0.049687675,0.002237,-0.062267,-0.135788,0.756297367,-6.12105524,340691.19,-340691.25,-193.433,0,448.049691,89494,0,0.02,386.24296,301.642104,nan,0.42373517,89494,0,-453.39,-290.17,99068,386.242941
0.26,0.65,1.53609297,0.765477311,0.770615661,0.000196340642,0.770615661,0.6,0.051764275,0.00245,-0.0648944,-0.14529,0.825383716,-6.1212282,354341.19,-354341.02,-209.803,0,,,,,,,,,,,,,,389.692658
0.27,0.675,1.68395091,0.839086138,0.84486478,0.000223450967,0.84486478,0.6,0.0538442,0.002686,-0.067531225,-0.155545,0.901795989,-6.12141121,367965.11,-367965.27,-226.877,0,492.559975,89494,0,0.02,393.142397,317.325448,nan,0.466438698,89494,0,-498.38,-304.62,98978,393.142376
0.28,0.7,1.84898563,0.921239967,0.927745672,0.0002554047,0.927745672,0.6,0.0559267,0.00295,-0.0702003,-0.166706,0.986848575,-6.12159554,381569.3,-381569.92,-244.675,0,,,,,,,,,,,,,,396.592094
0.29,0.725,2.03454498,1.01360447,1.02094053,0.000293520778,1.02094053,0.6,0.05801085,0.003251,-0.072941125,-0.179,1.08221814,-6.12182744,395165.06,-395164.78,-263.231,0,540.560456,89494,0,0.02,400.041834,329.470049,nan,0.512563406,89494,0,-546.88,-315.51,98978,400.041811
0.3,0.75,2.24431614,1.11801524,1.1263009,0.00033936212,1.1263009,0.6,0.060093725,0.003585,-0.07573645,-0.192604,1.18973849,-6.12208925,408726.15,-408727.13,-282.535,0,,,,,,,,,,,,,,403.491529
0.31,0.775,2.48289678,1.23675179,1.246145,0.000395110261,1.246145,0.6,0.062189025,0.003965,-0.078555975,-0.207719,1.31173176,-6.12235341,422228.24,-422229.2,-302.581,0,593.452956,89494,0,0.02,406.94127,336.615995,nan,0.563453697,89494,0,-600.3,-321.16,98978,406.941246
0.32,0.8,2.75603916,1.37268823,1.38335094,0.000463591996,1.38335094,0.6,0.064279475,0.0044,-0.081373675,-0.224603,1.45106475,-6.1226924,435641.73,-435640.09,-323.362,0,,,,,,,,,,,,,,410.390964
0.33,0.825,3.07085883,1.52935717,1.54150168,0.000548726953,1.54150168,0.6,0.066358125,0.004905,-0.084193725,-0.243621,1.61131792,-6.12308219,448924.78,-448924.79,-344.867,0,653.145056,89494,0,0.02,413.840707,336.435388,nan,0.620941857,89494,0,-660.56,-319.28,108237,413.840682
0.34,0.85,3.43622377,1.71117354,1.72505025,0.000655884196,1.72505025,0.6,0.0684179,0.00549,-0.0870171,-0.265254,1.79693703,-6.12352922,462029.75,-462029.7,-367.084,0,,,,,,,,,,,,,,417.290399
0.35,0.875,3.86289516,1.92348751,1.93940768,0.000792329293,1.93940768,0.6,0.070449175,0.00617,-0.08984705,-0.290069,2.01331316,-6.12404114,474887.33,-474887.06,-389.991,0,722.568088,89494,0,0.02,420.740144,325.380669,nan,0.68784435,89494,0,-730.61,-306.22,108237,420.740117
0.36,0.9,4.36361807,2.17264235,2.19097577,0.000968063344,2.19097577,0.6,0.072438875,0.00697,-0.092683625,-0.318731,2.26683348,-6.12464326,487405.72,-487405,-413.56,0,,,,,,,,,,,,,,424.189835
0.37,0.925,4.95276691,2.46579085,2.48697612,0.00119644404,2.48697612,0.6,0.0743695,0.007915,-0.095528525,-0.351947,2.56471971,-6.12536063,499462.48,-499461.64,-437.746,0,805.830594,89494,0,0.02,427.639581,298.137049,nan,0.768114568,89494,0,-814.59,-276.56,108237,427.639552
0.38,0.95,5.64574427,2.81059604,2.8351483,0.00149478385,2.8351483,0.6,0.076218125,0.009025,-0.09838165,-0.390533,2.91467671,-6.12619542,510900.3,-510901.31,-462.493,0,,,,,,,,,,,,,,431.08927
0.39,0.975,6.45311787,3.21230971,3.24080828,0.00188313649,3.24080828,0.6,0.077958775,0.01032,-0.101243375,-0.435081,3.3220156,-6.12716463,521539.1,-521538.5,-487.728,0,907.476552,89494,0,0.02,434.539018,248.067804,nan,0.866142337,89494,0,-917.09,-223.52,108237,434.538987
0.4,1,7.38013507,3.67354589,3.70658934,0.00238307496,3.70658934,0.6,0.0795632,0.0118,-0.104113625,-0.485917,3.78935242,-6.12828991,531185.08,-531184.69,-513.362,0,,,,,,,,,,,,,,437.988705
0.41,1.005,7.5796156,3.77279445,3.80682132,0.00249820355,3.80682132,0.6,0.0798655,0.01212,-0.104688875,-0.496814,3.88987681,-6.12852807,532979.36,-532979.8,-518.529,0,978.092448,89494,0,0.02,438.67868,205.085862,nan,0.934280072,89494,0,-988.3,-178.45,108237,438.678649
0.42,1.01,7.78349125,3.87423032,3.90926111,0.002618644,3.90926111,0.6,0.080161225,0.012445,-0.10526435,-0.507939,3.99260409,-6.12878036,534727.5,-534725.47,-523.707,0,,,,,,,,,,,,,,439.368592
0.43,1.015,7.99168139,3.97781069,4.01387089,0.00274452286,4.01387089,0.6,0.08045025,0.01278,-0.1058402,-0.519287,4.0975038,-6.12903147,536425.79,-536425.56,-528.896,0,1003.07961,89494,0,0.02,440.058567,188.613315,nan,0.958400613,89494,0,-1013.5,-161.22,108237,440.058536
0.44,1.02,8.20403781,4.08346521,4.12057281,0.00287587518,4.12057281,0.6,0.08073245,0.01312,-0.1064161,-0.530851,4.20448581,-6.12929246,538076.4,-538074.58,-534.095,0,,,,,,,,,,,,,,440.748479
0.45,1.025,8.42037435,4.19109829,4.22927628,0.00301283138,4.22927628,0.6,0.08100775,0.013465,-0.10699285,-0.542622,4.3134694,-6.12955432,539676.82,-539675.65,-539.304,0,1028.7595,89494,0,0.02,441.438454,171.144388,nan,0.983366355,108091,0.6,-1039.4,-142.96,108237,441.438423
0.46,1.03,8.64051003,4.30061944,4.33989083,0.00315542911,4.33989083,0.6,0.081276075,0.01382,-0.1075699,-0.554589,4.42435419,-6.12982207,541228.08,-541227.57,-544.522,0,,,,,,,,,,,,,,442.128366
0.47,1.035,8.86422854,4.41192304,4.45230575,0.00330367195,4.45230575,0.6,0.0815374,0.014175,-0.10814705,-0.566746,4.53703936,-6.13008616,542728.43,-542728.04,-549.749,0,1054.9321,89494,0,0.02,442.818342,152.764348,nan,1.00897424,108091,0.6,-1065.8,-123.75,108237,442.81831
0.48,1.04,9.09131376,4.52490096,4.56641307,0.0034576038,4.56641307,0.6,0.08179175,0.01454,-0.1087244,-0.579104,4.65140452,-6.13036271,544179.98,-544178.02,-554.983,0,,,,,,,,,,,,,,443.508253
0.49,1.045,9.32155445,4.6394451,4.68210964,0.00361715824,4.68210964,0.6,0.08203905,0.014915,-0.10930235,-0.591626,4.76735902,-6.13064454,545580.18,-545578.23,-560.225,0,1081.59809,89494,0,0.02,444.198229,133.555359,nan,1.03499406,108091,0.6,-1092.7,-103.68,108237,444.198197
0.5,1.05,9.55479728,4.75546752,4.79933006,0.00378245512,4.79933006,0.6,0.08227925,0.015285,-0.10987865,-0.604303,4.88484224,-6.13092781,546929.71,-546927.51,-565.474,0,,,,,,,,,,,,,,444.88814
0.51,1.055,9.79081323,4.87285492,4.91795863,0.00395335994,4.91795863,0.6,0.082512425,0.015665,-0.110453725,-0.617122,5.00371391,-6.13120756,548226.9,-548225.13,-570.729,0,1108.55755,89494,0,0.02,445.578116,113.625333,nan,1.06142731,108091,0.6,-1119.9,-82.815,108237,445.578084
0.52,1.06,10.0293185,4.99146421,5.03785465,0.00412983014,5.03785465,0.6,0.08273865,0.01605,-0.11102665,-0.630069,5.12386285,-6.13149556,549473.78,-549473.13,-575.99,0,,,,,,,,,,,,,,446.268027
0.53,1.065,10.2700664,5.11118197,5.15888478,0.00431181174,5.15888478,0.6,0.082958025,0.01643,-0.111597475,-0.64313,5.24513863,-6.13178257,550672.62,-550671.06,-581.257,0,1135.81156,89494,0,0.02,446.958004,93.1121148,nan,1.0881764,108091,0.6,-1147.4,-61.286,108237,446.957971
0.54,1.07,10.5127681,5.23185519,5.28091334,0.00449918354,5.28091334,0.6,0.08317065,0.016825,-0.112166575,-0.656294,5.36741028,-6.1320793,551821.78,-551819.99,-586.529,0,,,,,,,,,,,,,,447.647914
0.55,1.075,10.7571819,5.3533729,5.40380946,0.00469183734,5.40380946,0.6,0.0833767,0.017215,-0.11273385,-0.669575,5.49054706,-6.1323714,552923.46,-552921.137,-591.806,0,1163.25979,89494,0,0.02,448.337891,72.2033581,nan,1.1150465,108091,0.6,-1175.1,-39.211,108237,448.337858
0.56,1.08,11.0030416,5.47560451,5.52743752,0.0048896552,5.52743752,0.6,0.083576375,0.01761,-0.1132992,-0.682932,5.61440827,-6.13267455,553977.319,-553975.73,-597.088,0,,,,,,,,,,,,,,449.027801
0.57,1.085,11.2501105,5.59842683,5.65168416,0.00509252891,5.65168416,0.6,0.083769775,0.01801,-0.113863,-0.696353,5.7388931,-6.13296865,554986.857,-554985.537,-602.375,0,1190.80328,89494,0,0.02,449.717779,51.2393443,nan,1.142037,108091,0.6,-1202.9,-16.698,108237,449.717745
0.58,1.09,11.498155,5.72173171,5.77642382,0.00530030933,5.77642382,0.6,0.083957125,0.01841,-0.11442585,-0.709825,5.86386105,-6.13326831,555952.625,-555950.067,-607.666,0,,,,,,,,,,,,,,450.407688
0.59,1.095,11.7469489,5.84540109,5.90154835,0.00551282265,5.90154835,0.6,0.0841386,0.018805,-0.114986825,-0.723336,5.98922127,-6.13357119,556875.654,-556874.4,-612.962,0,1218.34224,89494,0,0.02,451.097666,31.1464618,nan,1.16905127,108091,0.6,-1230.7,6.1456,108237,451.097632
0.6,1.1,11.9962933,5.96934426,6.0269496,0.00572999159,6.0269496,0.6,0.08431435,0.019205,-0.115546975,-0.736877,6.11485326,-6.1338728,557758.247,-557757.052,-618.262,0,,,,,,,,,,,,,,451.787576
0.61,1.105,12.2458817,6.09340049,6.15248176,0.00595152843,6.15248176,0.6,0.08448475,0.01961,-0.116103975,-0.75043,6.24060627,-6.13417628,558600.976,-558598.63,-623.565,0,1245.67771,89494,0,0.02,452.477553,17.1400101,nan,1.19579362,108091,0.6,-1258.3,29.415,108237,452.477519
0.62,1.11,12.4953341,6.21738611,6.2779486,0.0061771116,6.2779486,0.6,0.084650075,0.02001,-0.116653275,-0.76397,6.36628895,-6.13447202,559404.822,-559403.449,-628.864,0,,,,,,,,,,,,,,453.167463
0.63,1.115,12.7444297,6.34119064,6.40323968,0.00640655073,6.40323968,0.6,0.084810625,0.02041,-0.11719425,-0.777486,6.49179084,-6.13477672,560170.881,-560168.393,-634.159,0,1272.91038,89494,0,0.02,453.857441,24.9862172,nan,1.22238778,108091,0.6,-1285.8,52.809,108237,453.857406
0.64,1.12,12.9929243,6.46468835,6.52823664,0.00663951524,6.52823664,0.6,0.084966675,0.020805,-0.11772525,-0.790961,6.61700118,-6.13507576,560898.859,-560896.792,-639.449,0,,,,,,,,,,,,,,454.54735
0.65,1.125,13.2406369,6.58779364,6.65284397,0.00687589481,6.65284397,0.6,0.08511845,0.021205,-0.11824535,-0.804387,6.74180945,-6.13537129,561591.517,-561589.379,-644.731,0,1299.74077,89494,0,0.02,455.237328,44.3628937,nan,1.24875599,108091,0.6,-1312.9,76.097,108237,455.237293
0.66,1.13,13.487447,6.7104463,6.77700142,0.00711553622,6.77700142,0.6,0.085266225,0.021605,-0.11875425,-0.817757,6.86617531,-6.13567156,562251.614,-562249.394,-650.007,0,,,,,,,,,,,,,,455.927237
0.67,1.135,13.7332437,6.83258838,6.9006561,0.00735817941,6.9006561,0.6,0.0854102,0.021995,-0.11925285,-0.831095,6.99002844,-6.13596929,562878.338,-562876.741,-655.276,0,1326.26999,89494,0,0.02,456.617215,65.6978728,nan,1.27489457,108091,0.6,-1339.7,99.163,108237,456.61718
0.68,1.14,13.9779944,6.95420738,7.0237879,0.00760382956,7.0237879,0.6,0.08555055,0.02239,-0.119741825,-0.844376,7.11336862,-6.13626591,563475.234,-563471.009,-660.54,0,,,,,,,,,,,,,,457.307124
0.69,1.145,14.2216062,7.07525055,7.14635656,0.00785229981,7.14635656,0.6,0.085687475,0.022785,-0.12022205,-0.857592,7.23613565,-6.13655795,564040.794,-564039.471,-665.799,0,1352.39713,89494,0,0.02,457.997103,87.4752126,nan,1.3005644,108091,0.6,-1366.1,122.31,107483,457.997067
0.7,1.15,14.4640187,7.19569268,7.26832691,0.00810349227,7.26832691,0.6,0.085821125,0.023175,-0.12069305,-0.870739,7.35830934,-6.13684973,564580.368,-564578.872,-671.054,0,,,,,,,,,,,,,,458.687011
0.71,1.155,14.7052042,7.31551876,7.38968643,0.00835731937,7.38968643,0.6,0.085951725,0.02356,-0.121157225,-0.883818,7.47986978,-6.137144,565093.817,-565091.931,-676.304,0,1378.12365,89494,0,0.02,459.37699,109.322712,nan,1.3259638,108091,0.6,-1392.1,145.28,107483,459.376954
0.72,1.16,14.9451149,7.43470605,7.51040986,0.00861366558,7.51040986,0.6,0.086079425,0.023945,-0.121614675,-0.896825,7.60079657,-6.13743265,565581.541,-565578.287,-681.551,0,,,,,,,,,,,,,,460.066898
0.73,1.165,15.1837006,7.55322451,7.63047713,0.00887243005,7.63047713,0.6,0.08620445,0.024335,-0.122065375,-0.90976,7.72106972,-6.13771901,566044.349,-566042.708,-686.795,0,1403.34957,89494,0,0.02,460.756877,131.099164,nan,1.35089552,108091,0.6,-1417.6,168.06,107483,460.756841
0.74,1.17,15.4209612,7.67107908,7.74988326,0.00913349697,7.74988326,0.6,0.08632685,0.024715,-0.122511025,-0.922622,7.84067916,-6.13800721,566483.453,-566482.585,-692.037,0,,,,,,,,,,,,,,461.446785
0.75,1.175,15.6567837,7.78821198,7.86857288,0.00939676004,7.86857288,0.6,0.08644685,0.02509,-0.12294975,-0.935406,7.95957455,-6.138293,566902.484,-566901.005,-697.275,0,1428.27441,89494,0,0.02,462.136765,152.738623,nan,1.3754576,108091,0.6,-1442.8,190.65,107554,462.136728
0.76,1.18,15.8912208,7.90464587,7.98657613,0.00966213169,7.98657613,0.6,0.08656445,0.02547,-0.12338365,-0.948127,8.07778615,-6.13857496,567300.972,-567297.545,-702.511,0,,,,,,,,,,,,,,462.826672
0.77,1.185,16.1242046,8.02035298,8.10385284,0.00992952817,8.10385284,0.6,0.086679675,0.025845,-0.12381185,-0.96079,8.1952637,-6.1388572,567676.238,-567675.482,-707.744,0,1452.79821,89494,0,0.02,463.516652,174.189366,nan,1.39964995,108091,0.6,-1467.6,213,107554,463.516615
0.78,1.19,16.3557753,8.13534601,8.2204306,0.0101988816,8.2204306,0.6,0.086792625,0.02622,-0.12423515,-0.973378,8.31204719,-6.13913489,568035.326,-568033.546,-712.975,0,,,,,,,,,,,,,,464.206559
0.79,1.195,16.5858349,8.24958214,8.33625413,0.0104700231,8.33625413,0.6,0.086903575,0.02659,-0.124652775,-0.985884,8.42807653,-6.13941112,568374.871,-568373.347,-718.204,0,1476.92197,89494,0,0.02,464.89654,195.428205,nan,1.42347198,108091,0.6,-1492,235.11,107554,464.896502
0.8,1.2,16.8144464,8.36308907,8.45135869,0.0107429771,8.45135869,0.6,0.08701275,0.02696,-0.125065825,-0.998308,8.54339182,-6.13968929,568697.883,-568694.813,-723.431,0,,,,,,,,,,,,,,465.586446
0.81,1.21,17.2670253,8.58776705,8.67925976,0.0112937096,8.67925976,0.6,0.0872266,0.02769,-0.125875625,-1.02291,8.77170929,-6.14023596,569292.358,-569289.125,-733.881,0,1512.21051,89494,0,0.02,466.966371,226.833675,nan,1.458466,108091,0.6,-1527.7,267.8,107554,466.966333
0.82,1.22,17.7139444,8.80960602,8.90434,0.0118509267,8.90434,0.6,0.087415525,0.02841,-0.12667065,-1.04724,8.99721096,-6.14077567,569827.683,-569822.758,-744.325,0,,,,,,,,,,,,,,468.34622
0.83,1.23,18.1550379,9.02851324,9.12652633,0.0124140113,9.12652633,0.6,0.08758935,0.02912,-0.127463375,-1.07127,9.21981621,-6.1413004,570304.038,-570300.094,-754.765,0,1558.05658,89494,0,0.02,469.726145,267.853189,nan,1.50388259,108091,0.6,-1574.1,310.45,107554,469.726107
0.84,1.24,18.5904116,9.24454377,9.34586965,0.0129825768,9.34586965,0.6,0.087747425,0.029825,-0.12825905,-1.09502,9.43958567,-6.14184596,570729.984,-570726.428,-765.203,0,,,,,,,,,,,,,,471.105994
0.85,1.25,19.0200417,9.45768517,9.56235847,0.0135561141,9.56235847,0.6,0.087896925,0.03052,-0.129065725,-1.11849,9.65649838,-6.14233292,571109.071,-571105.301,-775.638,0,1602.30292,89494,0,0.02,472.48592,307.845888,nan,1.54780902,108091,0.6,-1618.9,352.02,107554,472.485881
0.86,1.26,19.4442118,9.66808092,9.77613295,0.0141344225,9.77613295,0.6,0.0880392,0.0312,-0.129877775,-1.14174,9.87070657,-6.14286584,571443.315,-571440.597,-786.075,0,,,,,,,,,,,,,,473.865768
0.87,1.27,19.8627748,9.87566313,9.9871139,0.0147169495,9.9871139,0.6,0.08817615,0.0319,-0.130700425,-1.16474,10.0820888,-6.14337713,571737.796,-571734.203,-796.508,0,1645.04943,89494,0,0.02,475.245695,346.800794,nan,1.59044001,108091,0.6,-1662.2,392.49,107554,475.245655
0.88,1.28,20.2761197,10.0805874,10.1955346,0.0153036858,10.1955346,0.6,0.08830835,0.03305475,-0.131529,-1.18749,10.2909952,-6.14384045,571995.873,-571992.239,-806.943,0,,,,,,,,,,,,,,476.625542
0.89,1.29,20.6840978,10.2828741,10.4012263,0.0158941643,10.4012263,0.6,0.088436375,0.03422075,-0.132365725,-1.20997,10.4970877,-6.14436476,572219.298,-572214.632,-817.377,0,1686.59659,89494,0,0.02,478.005469,384.703604,nan,1.63177152,108091,0.6,-1704.3,431.9,107554,478.005429
0.9,1.3,21.0870667,10.4826156,10.6044538,0.0164882233,10.6044538,0.6,0.0885603,0.0354085,-0.133206175,-1.23221,10.7007662,-6.14487152,572409.369,-572406.273,-827.812,0,1706.80595,89494,0,0.02,479.385357,403.286361,nan,1.65197333,108091,0.6,-1724.8,451.21,107554,479.385317
