"# Raw three-mesh comparison, identical definitions; C = coarse 51,840, M = medium 159,840, F = fine 500,580 cells. RE-ANALYSIS 2026."
quantity,units,coarse,medium,fine,C_to_M_abs,C_to_M_pct,M_to_F_abs,M_to_F_pct,C_to_F_abs,C_to_F_pct
Mass flow (inlet),g/s,8.6312313,8.6621551,8.6759203,0.030924,0.3583,0.013765,0.1589,0.044689,0.5178
Mass flow / planar-area ratio,g/s,8.6869419,8.6869419,8.6869419,2.3981e-13,0.0000,-6.0396e-14,-0.0000,1.7941e-13,0.0000
"Pressure drop, static (area-wtd, inlet - outlet)",Pa,437.09427,438.12633,439.12124,1.0321,0.2361,0.99491,0.2271,2.027,0.4637
"Pressure drop, geometry-adjusted (estimate)",Pa,434.85357,437.12769,438.67612,2.2741,0.5230,1.5484,0.3542,3.8225,0.8790
  wall-shear term,Pa,241.01624,242.86798,244.27973,1.8517,0.7683,1.4117,0.5813,3.2635,1.3541
  1-D acceleration term,Pa,149.70628,149.30938,149.13386,-0.3969,-0.2651,-0.17552,-0.1176,-0.57241,-0.3824
"Outlet temperature, mass-weighted",K,369.11538,368.93236,368.85149,-0.18302,-0.0496,-0.080869,-0.0219,-0.26389,-0.0715
"Outlet temperature, geometry-corrected",K,368.78303,368.78498,368.78605,0.0019437,0.0005,0.001074,0.0003,0.0030177,0.0008
Heat-transfer rate,W,602.21731,602.75524,602.99441,0.53793,0.0893,0.23917,0.0397,0.7771,0.1290
Heat-transfer rate / lateral-area ratio,W,603.18579,603.18579,603.18579,2.2055e-11,0.0000,-3.763e-11,-0.0000,-1.5575e-11,-0.0000
Maximum solid temperature (outer-wall facet max),K,565.40354,562.57675,560.83073,-2.8268,-0.5000,-1.746,-0.3104,-4.5728,-0.8088
"Maximum solid temperature, geometry-corrected",K,565.07119,562.42937,560.7653,-2.6418,-0.4675,-1.6641,-0.2959,-4.3059,-0.7620
Maximum solid temperature (cell centre),K,564.65144,562.1271,560.60205,-2.5243,-0.4471,-1.5251,-0.2713,-4.0494,-0.7171
Minimum solid temperature (cell centre),K,425.40597,423.96647,423.08886,-1.4395,-0.3384,-0.87762,-0.2070,-2.3171,-0.5447
Peak inner-wall temperature,K,558.12216,555.2671,553.50403,-2.8551,-0.5115,-1.7631,-0.3175,-4.6181,-0.8274
"Inner-wall temperature, mid-span",K,534.24482,531.67203,530.17255,-2.5728,-0.4816,-1.4995,-0.2820,-4.0723,-0.7622
"Outer-wall temperature, mid-span",K,541.79865,539.25255,537.76917,-2.5461,-0.4699,-1.4834,-0.2751,-4.0295,-0.7437
"Inner-wall temperature, mid-span, geometry-corrected",K,534.07721,531.59775,530.13957,-2.4795,-0.4643,-1.4582,-0.2743,-3.9376,-0.7373
"Through-wall dT, MID-SPAN z = 300 mm",K,7.5538322,7.5805176,7.5966263,0.026685,0.3533,0.016109,0.2125,0.042794,0.5665
"Through-wall dT, z = 570 mm",K,7.3344775,7.3606072,7.3775563,0.02613,0.3563,0.016949,0.2303,0.043079,0.5873
"h, mid-span",W/m2K,79.692836,80.693507,81.291572,1.0007,1.2557,0.59806,0.7412,1.5987,2.0061
Fully developed Nu (exact window x/D 18-29),-,53.37984,54.171964,54.663499,0.79212,1.4839,0.49154,0.9074,1.2837,2.4048
Fully developed Darcy f (exact window x/D 18-29),-,0.021339153,0.021626268,0.0218095,0.00028712,1.3455,0.00018323,0.8473,0.00047035,2.2042
Volume-mean solid temperature,K,527.65554,525.48293,524.18435,-2.1726,-0.4117,-1.2986,-0.2471,-3.4712,-0.6579
y+ minimum,-,0.20683885,0.20816019,0.2089572,0.0013213,0.6388,0.00079702,0.3829,0.0021184,1.0242
y+ area mean,-,0.23811778,0.2409596,0.24267484,0.0028418,1.1935,0.0017152,0.7118,0.0045571,1.9138
"y+ mean, fully developed window",-,0.22516082,0.22864995,0.23074027,0.0034891,1.5496,0.0020903,0.9142,0.0055794,2.4780
y+ maximum,-,0.52173273,0.58483568,0.65298614,0.063103,12.0949,0.06815,11.6529,0.13125,25.1572
"Reynolds number, outlet",-,25535.445,25544.911,25549.1,9.4665,0.0371,4.1885,0.0164,13.655,0.0535
Mass imbalance,%,1.2058929e-13,7.0092628e-13,3.8789701e-12,5.8034e-13,481.2508,3.178e-12,453.4063,3.7584e-12,3116.6787
Energy imbalance,%,2.0463798e-11,3.0781469e-11,6.1915595e-11,1.0318e-11,50.4191,3.1134e-11,101.1457,4.1452e-11,202.5616
