cellnumber,    x-coordinate,    y-coordinate,    z-coordinate,    x-coordinate,    y-coordinate,    z-coordinate,face-area-magnitude,     temperature,       heat-flux
         1,-9.751372971E-03,-8.002744988E-03, 0.000000000E+00,-9.758760374E-03,-8.008807663E-03, 5.000000000E-03, 2.988688376E-06, 4.303760801E+02, 0.000000000E+00
         2,-8.940121159E-03,-7.336968090E-03, 0.000000000E+00,-8.944594849E-03,-7.340639285E-03, 5.000000000E-03, 2.041701249E-06, 4.284184514E+02, 0.000000000E+00
         3,-8.002744988E-03,-9.751373902E-03, 0.000000000E+00,-8.008807663E-03,-9.758760374E-03, 5.000000000E-03, 2.988688376E-06, 4.303760801E+02, 0.000000000E+00
         4,-1.112526190E-02,-5.946576130E-03, 0.000000000E+00,-1.113368940E-02,-5.951080966E-03, 5.000000000E-03, 2.988688376E-06, 4.303756798E+02, 0.000000000E+00
         5,-1.084010769E-02,-8.896246552E-03, 0.000000000E+00,-1.085207600E-02,-8.906068609E-03, 5.000000000E-03, 4.458764233E-06, 4.326075786E+02, 0.000000000E+00
         6,-8.335630409E-03,-6.840875372E-03, 0.000000000E+00,-8.338294284E-03,-6.843061271E-03, 5.000000000E-03, 1.418473309E-06, 4.267648595E+02, 0.000000000E+00
         7,-7.336968090E-03,-8.940121159E-03, 0.000000000E+00,-7.340639285E-03,-8.944594849E-03, 5.000000000E-03, 2.041701249E-06, 4.284184514E+02, 0.000000000E+00
         8,-1.019971073E-02,-5.451858975E-03, 0.000000000E+00,-1.020481465E-02,-5.454587070E-03, 5.000000000E-03, 2.041701249E-06, 4.284179290E+02, 0.000000000E+00
         9,-5.946576130E-03,-1.112526190E-02, 0.000000000E+00,-5.951080966E-03,-1.113368940E-02, 5.000000000E-03, 2.988688376E-06, 4.303756798E+02, 0.000000000E+00
        10,-8.896246552E-03,-1.084010769E-02, 0.000000000E+00,-8.906068609E-03,-1.085207600E-02, 5.000000000E-03, 4.458764233E-06, 4.326075786E+02, 0.000000000E+00
        11,-1.207161229E-02,-3.661883529E-03, 0.000000000E+00,-1.208075698E-02,-3.664657565E-03, 5.000000000E-03, 2.988688376E-06, 4.303751256E+02, 0.000000000E+00
        12,-1.236738916E-02,-6.610507611E-03, 0.000000000E+00,-1.238104419E-02,-6.617805996E-03, 5.000000000E-03, 4.458764233E-06, 4.326072825E+02, 0.000000000E+00
        13,-1.230123453E-02,-1.009536348E-02, 0.000000000E+00,-1.232023018E-02,-1.011095161E-02, 5.000000000E-03, 6.790405043E-06, 4.350239245E+02, 0.000000000E+00
        14,-7.885204628E-03,-6.471219938E-03, 0.000000000E+00,-7.886767611E-03,-6.472502906E-03, 5.000000000E-03, 9.998379003E-07, 4.254080535E+02, 0.000000000E+00
        15,-6.840874907E-03,-8.335630409E-03, 0.000000000E+00,-6.843061271E-03,-8.338294284E-03, 5.000000000E-03, 1.418473309E-06, 4.267648595E+02, 0.000000000E+00
        16,-9.510051459E-03,-5.083228927E-03, 0.000000000E+00,-9.513091325E-03,-5.084853250E-03, 5.000000000E-03, 1.418473309E-06, 4.267642112E+02, 0.000000000E+00
        17,-5.451858975E-03,-1.019971073E-02, 0.000000000E+00,-5.454587070E-03,-1.020481465E-02, 5.000000000E-03, 2.041701249E-06, 4.284179290E+02, 0.000000000E+00
        18,-1.106733084E-02,-3.357238136E-03, 0.000000000E+00,-1.107286915E-02,-3.358918133E-03, 5.000000000E-03, 2.041701249E-06, 4.284171703E+02, 0.000000000E+00
        19,-3.661883529E-03,-1.207161229E-02, 0.000000000E+00,-3.664657565E-03,-1.208075698E-02, 5.000000000E-03, 2.988688376E-06, 4.303751256E+02, 0.000000000E+00
        20,-6.610507146E-03,-1.236738916E-02, 0.000000000E+00,-6.617805996E-03,-1.238104419E-02, 5.000000000E-03, 4.458764233E-06, 4.326072825E+02, 0.000000000E+00
        21,-1.009536255E-02,-1.230123453E-02, 0.000000000E+00,-1.011095161E-02,-1.232023018E-02, 5.000000000E-03, 6.790405043E-06, 4.350239245E+02, 0.000000000E+00
        22,-1.255405694E-02,-1.236466807E-03, 0.000000000E+00,-1.256356784E-02,-1.237403428E-03, 5.000000000E-03, 2.988688376E-06, 4.303748960E+02, 0.000000000E+00
        23,-1.341939997E-02,-4.070730414E-03, 0.000000000E+00,-1.343421580E-02,-4.075224811E-03, 5.000000000E-03, 4.458764233E-06, 4.326068796E+02, 0.000000000E+00
        24,-1.403437741E-02,-7.501531392E-03, 0.000000000E+00,-1.405604922E-02,-7.513114836E-03, 5.000000000E-03, 6.790405043E-06, 4.350237042E+02, 0.000000000E+00
        25,-1.426212862E-02,-1.170462556E-02, 0.000000000E+00,-1.429163681E-02,-1.172884321E-02, 5.000000000E-03, 1.056567819E-05, 4.374466966E+02, 0.000000000E+00
        26,-6.471219938E-03,-7.885203697E-03, 0.000000000E+00,-6.472502906E-03,-7.886767611E-03, 5.000000000E-03, 9.998379003E-07, 4.254080535E+02, 0.000000000E+00
        27,-8.996164426E-03,-4.808550235E-03, 0.000000000E+00,-8.997948259E-03,-4.809503545E-03, 5.000000000E-03, 9.998379003E-07, 4.254072900E+02, 0.000000000E+00
        28,-5.083228927E-03,-9.510051459E-03, 0.000000000E+00,-5.084853250E-03,-9.513091325E-03, 5.000000000E-03, 1.418473309E-06, 4.267642112E+02, 0.000000000E+00
        29,-1.031900756E-02,-3.130236873E-03, 0.000000000E+00,-1.032230560E-02,-3.131237171E-03, 5.000000000E-03, 1.418473309E-06, 4.267631939E+02, 0.000000000E+00
        30,-3.357238136E-03,-1.106733084E-02, 0.000000000E+00,-3.358918133E-03,-1.107286915E-02, 5.000000000E-03, 2.041701249E-06, 4.284171703E+02, 0.000000000E+00
        31,-1.150964014E-02,-1.133600599E-03, 0.000000000E+00,-1.151539949E-02,-1.134167856E-03, 5.000000000E-03, 2.041701249E-06, 4.284169667E+02, 0.000000000E+00
        32,-1.236466807E-03,-1.255405694E-02, 0.000000000E+00,-1.237403428E-03,-1.256356784E-02, 5.000000000E-03, 2.988688376E-06, 4.303748960E+02, 0.000000000E+00
        33,-4.070730414E-03,-1.341939904E-02, 0.000000000E+00,-4.075224811E-03,-1.343421580E-02, 5.000000000E-03, 4.458764233E-06, 4.326068796E+02, 0.000000000E+00
        34,-7.501531392E-03,-1.403437741E-02, 0.000000000E+00,-7.513114836E-03,-1.405604922E-02, 5.000000000E-03, 6.790405043E-06, 4.350237042E+02, 0.000000000E+00
        35,-1.170462649E-02,-1.426212862E-02, 0.000000000E+00,-1.172884321E-02,-1.429163681E-02, 5.000000000E-03, 1.056567819E-05, 4.374466966E+02, 0.000000000E+00
        36,-1.255405694E-02, 1.236466807E-03, 0.000000000E+00,-1.256356784E-02, 1.237403428E-03, 5.000000000E-03, 2.988688376E-06, 4.303748960E+02, 0.000000000E+00
        37,-1.395571046E-02,-1.374517451E-03, 0.000000000E+00,-1.397111804E-02,-1.376035022E-03, 5.000000000E-03, 4.458764233E-06, 4.326066637E+02, 0.000000000E+00
        38,-1.522818673E-02,-4.619420040E-03, 0.000000000E+00,-1.525170217E-02,-4.626553272E-03, 5.000000000E-03, 6.790405043E-06, 4.350234032E+02, 0.000000000E+00
        39,-1.627154462E-02,-8.697321638E-03, 0.000000000E+00,-1.630521081E-02,-8.715316754E-03, 5.000000000E-03, 1.056567819E-05, 4.374465171E+02, 0.000000000E+00
        40,-4.808549769E-03,-8.996164426E-03, 0.000000000E+00,-4.809503545E-03,-8.997948259E-03, 5.000000000E-03, 9.998379003E-07, 4.254072900E+02, 0.000000000E+00
        41,-9.761407040E-03,-2.961090533E-03, 0.000000000E+00,-9.763342801E-03,-2.961677660E-03, 5.000000000E-03, 9.998379003E-07, 4.254059672E+02, 0.000000000E+00
        42,-3.130236873E-03,-1.031900756E-02, 0.000000000E+00,-3.131237171E-03,-1.032230560E-02, 5.000000000E-03, 1.418473309E-06, 4.267631939E+02, 0.000000000E+00
        43,-1.073140930E-02,-1.056951587E-03, 0.000000000E+00,-1.073483946E-02,-1.057289403E-03, 5.000000000E-03, 1.418473309E-06, 4.267630745E+02, 0.000000000E+00
        44,-1.133600599E-03,-1.150964014E-02, 0.000000000E+00,-1.134167856E-03,-1.151539949E-02, 5.000000000E-03, 2.041701249E-06, 4.284169667E+02, 0.000000000E+00
        45,-1.150964014E-02, 1.133600599E-03, 0.000000000E+00,-1.151539949E-02, 1.134167856E-03, 5.000000000E-03, 2.041701249E-06, 4.284169667E+02, 0.000000000E+00
        46, 1.236466807E-03,-1.255405694E-02, 0.000000000E+00, 1.237403428E-03,-1.256356784E-02, 5.000000000E-03, 2.988688376E-06, 4.303748960E+02, 0.000000000E+00
        47,-1.374517451E-03,-1.395570952E-02, 0.000000000E+00,-1.376035022E-03,-1.397111804E-02, 5.000000000E-03, 4.458764233E-06, 4.326066637E+02, 0.000000000E+00
        48,-4.619420040E-03,-1.522818673E-02, 0.000000000E+00,-4.626553272E-03,-1.525170217E-02, 5.000000000E-03, 6.790405043E-06, 4.350234032E+02, 0.000000000E+00
        49,-8.697321638E-03,-1.627154462E-02, 0.000000000E+00,-8.715316754E-03,-1.630521081E-02, 5.000000000E-03, 1.056567819E-05, 4.374465171E+02, 0.000000000E+00
        50,-1.207161229E-02, 3.661883529E-03, 0.000000000E+00,-1.208075698E-02, 3.664657565E-03, 5.000000000E-03, 2.988688376E-06, 4.303751256E+02, 0.000000000E+00
        51,-1.395570952E-02, 1.374517451E-03, 0.000000000E+00,-1.397111804E-02, 1.376035022E-03, 5.000000000E-03, 4.458764233E-06, 4.326066637E+02, 0.000000000E+00
        52,-1.583678648E-02,-1.559787313E-03, 0.000000000E+00,-1.586124076E-02,-1.562195861E-03, 5.000000000E-03, 6.790405043E-06, 4.350232166E+02, 0.000000000E+00
        53,-1.765565388E-02,-5.355784204E-03, 0.000000000E+00,-1.769218471E-02,-5.366865558E-03, 5.000000000E-03, 1.056567819E-05, 4.374462698E+02, 0.000000000E+00
        54,-2.961090300E-03,-9.761407040E-03, 0.000000000E+00,-2.961677660E-03,-9.763342801E-03, 5.000000000E-03, 9.998379003E-07, 4.254059672E+02, 0.000000000E+00
        55,-1.015152503E-02,-9.998378810E-04, 0.000000000E+00,-1.015353756E-02,-1.000036163E-03, 5.000000000E-03, 9.998379003E-07, 4.254059944E+02, 0.000000000E+00
        56,-1.056951587E-03,-1.073140930E-02, 0.000000000E+00,-1.057289403E-03,-1.073483946E-02, 5.000000000E-03, 1.418473309E-06, 4.267630745E+02, 0.000000000E+00
        57,-1.073140930E-02, 1.056951587E-03, 0.000000000E+00,-1.073483946E-02, 1.057289403E-03, 5.000000000E-03, 1.418473309E-06, 4.267630745E+02, 0.000000000E+00
        58, 1.133600599E-03,-1.150964014E-02, 0.000000000E+00, 1.134167856E-03,-1.151539949E-02, 5.000000000E-03, 2.041701249E-06, 4.284169667E+02, 0.000000000E+00
        59,-1.106733084E-02, 3.357238136E-03, 0.000000000E+00,-1.107286915E-02, 3.358918133E-03, 5.000000000E-03, 2.041701249E-06, 4.284171703E+02, 0.000000000E+00
        60, 3.661883529E-03,-1.207161229E-02, 0.000000000E+00, 3.664657565E-03,-1.208075698E-02, 5.000000000E-03, 2.988688376E-06, 4.303751256E+02, 0.000000000E+00
        61, 1.374517451E-03,-1.395571046E-02, 0.000000000E+00, 1.376035022E-03,-1.397111804E-02, 5.000000000E-03, 4.458764233E-06, 4.326066637E+02, 0.000000000E+00
        62,-1.559787313E-03,-1.583678462E-02, 0.000000000E+00,-1.562195861E-03,-1.586124076E-02, 5.000000000E-03, 6.790405043E-06, 4.350232166E+02, 0.000000000E+00
        63,-5.355784204E-03,-1.765565574E-02, 0.000000000E+00,-5.366865558E-03,-1.769218471E-02, 5.000000000E-03, 1.056567819E-05, 4.374462698E+02, 0.000000000E+00
        64,-1.112526190E-02, 5.946576130E-03, 0.000000000E+00,-1.113368940E-02, 5.951080966E-03, 5.000000000E-03, 2.988688376E-06, 4.303756798E+02, 0.000000000E+00
        65,-1.341939904E-02, 4.070730414E-03, 0.000000000E+00,-1.343421580E-02, 4.075224811E-03, 5.000000000E-03, 4.458764233E-06, 4.326068796E+02, 0.000000000E+00
        66,-1.583678462E-02, 1.559787313E-03, 0.000000000E+00,-1.586124076E-02, 1.562195861E-03, 5.000000000E-03, 6.790405043E-06, 4.350232166E+02, 0.000000000E+00
        67,-1.836126857E-02,-1.808427041E-03, 0.000000000E+00,-1.839925787E-02,-1.812168729E-03, 5.000000000E-03, 1.056567819E-05, 4.374461054E+02, 0.000000000E+00
        68,-9.998378810E-04,-1.015152410E-02, 0.000000000E+00,-1.000036163E-03,-1.015353756E-02, 5.000000000E-03, 9.998379003E-07, 4.254059944E+02, 0.000000000E+00
        69,-1.015152410E-02, 9.998378810E-04, 0.000000000E+00,-1.015353756E-02, 1.000036163E-03, 5.000000000E-03, 9.998379003E-07, 4.254059944E+02, 0.000000000E+00
        70, 1.056951587E-03,-1.073140930E-02, 0.000000000E+00, 1.057289403E-03,-1.073483946E-02, 5.000000000E-03, 1.418473309E-06, 4.267630745E+02, 0.000000000E+00
        71,-1.031900756E-02, 3.130236873E-03, 0.000000000E+00,-1.032230560E-02, 3.131237171E-03, 5.000000000E-03, 1.418473309E-06, 4.267631939E+02, 0.000000000E+00
        72, 3.357238136E-03,-1.106733084E-02, 0.000000000E+00, 3.358918133E-03,-1.107286915E-02, 5.000000000E-03, 2.041701249E-06, 4.284171703E+02, 0.000000000E+00
        73,-1.019971073E-02, 5.451858975E-03, 0.000000000E+00,-1.020481465E-02, 5.454587070E-03, 5.000000000E-03, 2.041701249E-06, 4.284179290E+02, 0.000000000E+00
        74, 5.946576130E-03,-1.112526190E-02, 0.000000000E+00, 5.951080966E-03,-1.113368940E-02, 5.000000000E-03, 2.988688376E-06, 4.303756798E+02, 0.000000000E+00
        75, 4.070730414E-03,-1.341939997E-02, 0.000000000E+00, 4.075224811E-03,-1.343421580E-02, 5.000000000E-03, 4.458764233E-06, 4.326068796E+02, 0.000000000E+00
        76, 1.559787313E-03,-1.583678648E-02, 0.000000000E+00, 1.562195861E-03,-1.586124076E-02, 5.000000000E-03, 6.790405043E-06, 4.350232166E+02, 0.000000000E+00
        77,-1.808427041E-03,-1.836126857E-02, 0.000000000E+00,-1.812168729E-03,-1.839925787E-02, 5.000000000E-03, 1.056567819E-05, 4.374461054E+02, 0.000000000E+00
        78,-9.751373902E-03, 8.002744988E-03, 0.000000000E+00,-9.758760374E-03, 8.008807663E-03, 5.000000000E-03, 2.988688376E-06, 4.303760801E+02, 0.000000000E+00
        79,-1.236738916E-02, 6.610507146E-03, 0.000000000E+00,-1.238104419E-02, 6.617805996E-03, 5.000000000E-03, 4.458764233E-06, 4.326072825E+02, 0.000000000E+00
        80,-1.522818673E-02, 4.619420040E-03, 0.000000000E+00,-1.525170217E-02, 4.626553272E-03, 5.000000000E-03, 6.790405043E-06, 4.350234032E+02, 0.000000000E+00
        81,-1.836126857E-02, 1.808427041E-03, 0.000000000E+00,-1.839925787E-02, 1.812168729E-03, 5.000000000E-03, 1.056567819E-05, 4.374461054E+02, 0.000000000E+00
        82, 9.998378810E-04,-1.015152503E-02, 0.000000000E+00, 1.000036163E-03,-1.015353756E-02, 5.000000000E-03, 9.998379003E-07, 4.254059944E+02, 0.000000000E+00
        83,-9.761407040E-03, 2.961090300E-03, 0.000000000E+00,-9.763342801E-03, 2.961677660E-03, 5.000000000E-03, 9.998379003E-07, 4.254059672E+02, 0.000000000E+00
        84, 3.130236873E-03,-1.031900756E-02, 0.000000000E+00, 3.131237171E-03,-1.032230560E-02, 5.000000000E-03, 1.418473309E-06, 4.267631939E+02, 0.000000000E+00
        85,-9.510051459E-03, 5.083228927E-03, 0.000000000E+00,-9.513091325E-03, 5.084853250E-03, 5.000000000E-03, 1.418473309E-06, 4.267642112E+02, 0.000000000E+00
        86, 5.451858975E-03,-1.019971073E-02, 0.000000000E+00, 5.454587070E-03,-1.020481465E-02, 5.000000000E-03, 2.041701249E-06, 4.284179290E+02, 0.000000000E+00
        87,-8.940121159E-03, 7.336968090E-03, 0.000000000E+00,-8.944594849E-03, 7.340639285E-03, 5.000000000E-03, 2.041701249E-06, 4.284184514E+02, 0.000000000E+00
        88, 8.002744988E-03,-9.751372971E-03, 0.000000000E+00, 8.008807663E-03,-9.758760374E-03, 5.000000000E-03, 2.988688376E-06, 4.303760801E+02, 0.000000000E+00
        89, 6.610507611E-03,-1.236738916E-02, 0.000000000E+00, 6.617805996E-03,-1.238104419E-02, 5.000000000E-03, 4.458764233E-06, 4.326072825E+02, 0.000000000E+00
        90, 4.619420040E-03,-1.522818673E-02, 0.000000000E+00, 4.626553272E-03,-1.525170217E-02, 5.000000000E-03, 6.790405043E-06, 4.350234032E+02, 0.000000000E+00
        91, 1.808427041E-03,-1.836126857E-02, 0.000000000E+00, 1.812168729E-03,-1.839925787E-02, 5.000000000E-03, 1.056567819E-05, 4.374461054E+02, 0.000000000E+00
        92,-8.002744988E-03, 9.751372971E-03, 0.000000000E+00,-8.008807663E-03, 9.758760374E-03, 5.000000000E-03, 2.988688376E-06, 4.303760801E+02, 0.000000000E+00
        93,-1.084010769E-02, 8.896246552E-03, 0.000000000E+00,-1.085207600E-02, 8.906068609E-03, 5.000000000E-03, 4.458764233E-06, 4.326075786E+02, 0.000000000E+00
        94,-1.403437741E-02, 7.501531392E-03, 0.000000000E+00,-1.405604922E-02, 7.513114836E-03, 5.000000000E-03, 6.790405043E-06, 4.350237042E+02, 0.000000000E+00
        95,-1.765565574E-02, 5.355784204E-03, 0.000000000E+00,-1.769218471E-02, 5.366865558E-03, 5.000000000E-03, 1.056567819E-05, 4.374462698E+02, 0.000000000E+00
        96, 2.961090533E-03,-9.761407040E-03, 0.000000000E+00, 2.961677660E-03,-9.763342801E-03, 5.000000000E-03, 9.998379003E-07, 4.254059672E+02, 0.000000000E+00
        97,-8.996164426E-03, 4.808549769E-03, 0.000000000E+00,-8.997948259E-03, 4.809503545E-03, 5.000000000E-03, 9.998379003E-07, 4.254072900E+02, 0.000000000E+00
        98, 5.083228927E-03,-9.510051459E-03, 0.000000000E+00, 5.084853250E-03,-9.513091325E-03, 5.000000000E-03, 1.418473309E-06, 4.267642112E+02, 0.000000000E+00
        99,-8.335630409E-03, 6.840874907E-03, 0.000000000E+00,-8.338294284E-03, 6.843061271E-03, 5.000000000E-03, 1.418473309E-06, 4.267648595E+02, 0.000000000E+00
       100, 7.336968090E-03,-8.940121159E-03, 0.000000000E+00, 7.340639285E-03,-8.944594849E-03, 5.000000000E-03, 2.041701249E-06, 4.284184514E+02, 0.000000000E+00
       101,-7.336968090E-03, 8.940121159E-03, 0.000000000E+00,-7.340639285E-03, 8.944594849E-03, 5.000000000E-03, 2.041701249E-06, 4.284184514E+02, 0.000000000E+00
       102, 9.751373902E-03,-8.002744988E-03, 0.000000000E+00, 9.758760374E-03,-8.008807663E-03, 5.000000000E-03, 2.988688376E-06, 4.303760801E+02, 0.000000000E+00
       103, 8.896246552E-03,-1.084010769E-02, 0.000000000E+00, 8.906068609E-03,-1.085207600E-02, 5.000000000E-03, 4.458764233E-06, 4.326075786E+02, 0.000000000E+00
       104, 7.501531392E-03,-1.403437741E-02, 0.000000000E+00, 7.513114836E-03,-1.405604922E-02, 5.000000000E-03, 6.790405043E-06, 4.350237042E+02, 0.000000000E+00
       105, 5.355784204E-03,-1.765565388E-02, 0.000000000E+00, 5.366865558E-03,-1.769218471E-02, 5.000000000E-03, 1.056567819E-05, 4.374462698E+02, 0.000000000E+00
       106,-5.946576130E-03, 1.112526190E-02, 0.000000000E+00,-5.951080966E-03, 1.113368940E-02, 5.000000000E-03, 2.988688376E-06, 4.303756798E+02, 0.000000000E+00
       107,-8.896246552E-03, 1.084010769E-02, 0.000000000E+00,-8.906068609E-03, 1.085207600E-02, 5.000000000E-03, 4.458764233E-06, 4.326075786E+02, 0.000000000E+00
       108,-1.230123453E-02, 1.009536255E-02, 0.000000000E+00,-1.232023018E-02, 1.011095161E-02, 5.000000000E-03, 6.790405043E-06, 4.350239245E+02, 0.000000000E+00
       109,-1.627154462E-02, 8.697321638E-03, 0.000000000E+00,-1.630521081E-02, 8.715316754E-03, 5.000000000E-03, 1.056567819E-05, 4.374465171E+02, 0.000000000E+00
       110, 4.808550235E-03,-8.996164426E-03, 0.000000000E+00, 4.809503545E-03,-8.997948259E-03, 5.000000000E-03, 9.998379003E-07, 4.254072900E+02, 0.000000000E+00
       111,-7.885203697E-03, 6.471219938E-03, 0.000000000E+00,-7.886767611E-03, 6.472502906E-03, 5.000000000E-03, 9.998379003E-07, 4.254080535E+02, 0.000000000E+00
       112, 6.840875372E-03,-8.335630409E-03, 0.000000000E+00, 6.843061271E-03,-8.338294284E-03, 5.000000000E-03, 1.418473309E-06, 4.267648595E+02, 0.000000000E+00
       113,-6.840875372E-03, 8.335630409E-03, 0.000000000E+00,-6.843061271E-03, 8.338294284E-03, 5.000000000E-03, 1.418473309E-06, 4.267648595E+02, 0.000000000E+00
       114, 8.940121159E-03,-7.336968090E-03, 0.000000000E+00, 8.944594849E-03,-7.340639285E-03, 5.000000000E-03, 2.041701249E-06, 4.284184514E+02, 0.000000000E+00
       115,-5.451858975E-03, 1.019971073E-02, 0.000000000E+00,-5.454587070E-03, 1.020481465E-02, 5.000000000E-03, 2.041701249E-06, 4.284179290E+02, 0.000000000E+00
       116, 1.112526190E-02,-5.946576130E-03, 0.000000000E+00, 1.113368940E-02,-5.951080966E-03, 5.000000000E-03, 2.988688376E-06, 4.303756798E+02, 0.000000000E+00
       117, 1.084010769E-02,-8.896246552E-03, 0.000000000E+00, 1.085207600E-02,-8.906068609E-03, 5.000000000E-03, 4.458764233E-06, 4.326075786E+02, 0.000000000E+00
       118, 1.009536348E-02,-1.230123453E-02, 0.000000000E+00, 1.011095161E-02,-1.232023018E-02, 5.000000000E-03, 6.790405043E-06, 4.350239245E+02, 0.000000000E+00
       119, 8.697321638E-03,-1.627154462E-02, 0.000000000E+00, 8.715316754E-03,-1.630521081E-02, 5.000000000E-03, 1.056567819E-05, 4.374465171E+02, 0.000000000E+00
       120,-3.661883529E-03, 1.207161229E-02, 0.000000000E+00,-3.664657565E-03, 1.208075698E-02, 5.000000000E-03, 2.988688376E-06, 4.303751256E+02, 0.000000000E+00
       121,-6.610507611E-03, 1.236738916E-02, 0.000000000E+00,-6.617805996E-03, 1.238104419E-02, 5.000000000E-03, 4.458764233E-06, 4.326072825E+02, 0.000000000E+00
       122,-1.009536348E-02, 1.230123453E-02, 0.000000000E+00,-1.011095161E-02, 1.232023018E-02, 5.000000000E-03, 6.790405043E-06, 4.350239245E+02, 0.000000000E+00
       123,-1.426212862E-02, 1.170462649E-02, 0.000000000E+00,-1.429163681E-02, 1.172884321E-02, 5.000000000E-03, 1.056567819E-05, 4.374466966E+02, 0.000000000E+00
       124, 6.471219938E-03,-7.885204628E-03, 0.000000000E+00, 6.472502906E-03,-7.886767611E-03, 5.000000000E-03, 9.998379003E-07, 4.254080535E+02, 0.000000000E+00
       125,-6.471219938E-03, 7.885204628E-03, 0.000000000E+00,-6.472502906E-03, 7.886767611E-03, 5.000000000E-03, 9.998379003E-07, 4.254080535E+02, 0.000000000E+00
       126, 8.335630409E-03,-6.840874907E-03, 0.000000000E+00, 8.338294284E-03,-6.843061271E-03, 5.000000000E-03, 1.418473309E-06, 4.267648595E+02, 0.000000000E+00
       127,-5.083228927E-03, 9.510051459E-03, 0.000000000E+00,-5.084853250E-03, 9.513091325E-03, 5.000000000E-03, 1.418473309E-06, 4.267642112E+02, 0.000000000E+00
       128, 1.019971073E-02,-5.451858975E-03, 0.000000000E+00, 1.020481465E-02,-5.454587070E-03, 5.000000000E-03, 2.041701249E-06, 4.284179290E+02, 0.000000000E+00
       129,-3.357238136E-03, 1.106733084E-02, 0.000000000E+00,-3.358918133E-03, 1.107286915E-02, 5.000000000E-03, 2.041701249E-06, 4.284171703E+02, 0.000000000E+00
       130, 1.207161229E-02,-3.661883529E-03, 0.000000000E+00, 1.208075698E-02,-3.664657565E-03, 5.000000000E-03, 2.988688376E-06, 4.303751256E+02, 0.000000000E+00
       131, 1.236738916E-02,-6.610507146E-03, 0.000000000E+00, 1.238104419E-02,-6.617805996E-03, 5.000000000E-03, 4.458764233E-06, 4.326072825E+02, 0.000000000E+00
       132, 1.230123453E-02,-1.009536255E-02, 0.000000000E+00, 1.232023018E-02,-1.011095161E-02, 5.000000000E-03, 6.790405043E-06, 4.350239245E+02, 0.000000000E+00
       133, 1.170462556E-02,-1.426212862E-02, 0.000000000E+00, 1.172884321E-02,-1.429163681E-02, 5.000000000E-03, 1.056567819E-05, 4.374466966E+02, 0.000000000E+00
       134,-1.236466807E-03, 1.255405694E-02, 0.000000000E+00,-1.237403428E-03, 1.256356784E-02, 5.000000000E-03, 2.988688376E-06, 4.303748960E+02, 0.000000000E+00
       135,-4.070730414E-03, 1.341939997E-02, 0.000000000E+00,-4.075224811E-03, 1.343421580E-02, 5.000000000E-03, 4.458764233E-06, 4.326068796E+02, 0.000000000E+00
       136,-7.501531392E-03, 1.403437741E-02, 0.000000000E+00,-7.513114836E-03, 1.405604922E-02, 5.000000000E-03, 6.790405043E-06, 4.350237042E+02, 0.000000000E+00
       137,-1.170462556E-02, 1.426212862E-02, 0.000000000E+00,-1.172884321E-02, 1.429163681E-02, 5.000000000E-03, 1.056567819E-05, 4.374466966E+02, 0.000000000E+00
       138, 7.885203697E-03,-6.471219938E-03, 0.000000000E+00, 7.886767611E-03,-6.472502906E-03, 5.000000000E-03, 9.998379003E-07, 4.254080535E+02, 0.000000000E+00
       139,-4.808550235E-03, 8.996164426E-03, 0.000000000E+00,-4.809503545E-03, 8.997948259E-03, 5.000000000E-03, 9.998379003E-07, 4.254072900E+02, 0.000000000E+00
       140, 9.510051459E-03,-5.083228927E-03, 0.000000000E+00, 9.513091325E-03,-5.084853250E-03, 5.000000000E-03, 1.418473309E-06, 4.267642112E+02, 0.000000000E+00
       141,-3.130236873E-03, 1.031900756E-02, 0.000000000E+00,-3.131237171E-03, 1.032230560E-02, 5.000000000E-03, 1.418473309E-06, 4.267631939E+02, 0.000000000E+00
       142, 1.106733084E-02,-3.357238136E-03, 0.000000000E+00, 1.107286915E-02,-3.358918133E-03, 5.000000000E-03, 2.041701249E-06, 4.284171703E+02, 0.000000000E+00
       143,-1.133600599E-03, 1.150964014E-02, 0.000000000E+00,-1.134167856E-03, 1.151539949E-02, 5.000000000E-03, 2.041701249E-06, 4.284169667E+02, 0.000000000E+00
       144, 1.255405694E-02,-1.236466807E-03, 0.000000000E+00, 1.256356784E-02,-1.237403428E-03, 5.000000000E-03, 2.988688376E-06, 4.303748960E+02, 0.000000000E+00
       145, 1.341939904E-02,-4.070730414E-03, 0.000000000E+00, 1.343421580E-02,-4.075224811E-03, 5.000000000E-03, 4.458764233E-06, 4.326068796E+02, 0.000000000E+00
       146, 1.403437741E-02,-7.501531392E-03, 0.000000000E+00, 1.405604922E-02,-7.513114836E-03, 5.000000000E-03, 6.790405043E-06, 4.350237042E+02, 0.000000000E+00
       147, 1.426212862E-02,-1.170462649E-02, 0.000000000E+00, 1.429163681E-02,-1.172884321E-02, 5.000000000E-03, 1.056567819E-05, 4.374466966E+02, 0.000000000E+00
       148, 1.236466807E-03, 1.255405694E-02, 0.000000000E+00, 1.237403428E-03, 1.256356784E-02, 5.000000000E-03, 2.988688376E-06, 4.303748960E+02, 0.000000000E+00
       149,-1.374517451E-03, 1.395571046E-02, 0.000000000E+00,-1.376035022E-03, 1.397111804E-02, 5.000000000E-03, 4.458764233E-06, 4.326066637E+02, 0.000000000E+00
       150,-4.619420040E-03, 1.522818673E-02, 0.000000000E+00,-4.626553272E-03, 1.525170217E-02, 5.000000000E-03, 6.790405043E-06, 4.350234032E+02, 0.000000000E+00
       151,-8.697321638E-03, 1.627154462E-02, 0.000000000E+00,-8.715316754E-03, 1.630521081E-02, 5.000000000E-03, 1.056567819E-05, 4.374465171E+02, 0.000000000E+00
       152, 8.996164426E-03,-4.808549769E-03, 0.000000000E+00, 8.997948259E-03,-4.809503545E-03, 5.000000000E-03, 9.998379003E-07, 4.254072900E+02, 0.000000000E+00
       153,-2.961090533E-03, 9.761407040E-03, 0.000000000E+00,-2.961677660E-03, 9.763342801E-03, 5.000000000E-03, 9.998379003E-07, 4.254059672E+02, 0.000000000E+00
       154, 1.031900756E-02,-3.130236873E-03, 0.000000000E+00, 1.032230560E-02,-3.131237171E-03, 5.000000000E-03, 1.418473309E-06, 4.267631939E+02, 0.000000000E+00
       155,-1.056951587E-03, 1.073140930E-02, 0.000000000E+00,-1.057289403E-03, 1.073483946E-02, 5.000000000E-03, 1.418473309E-06, 4.267630745E+02, 0.000000000E+00
       156, 1.150964014E-02,-1.133600599E-03, 0.000000000E+00, 1.151539949E-02,-1.134167856E-03, 5.000000000E-03, 2.041701249E-06, 4.284169667E+02, 0.000000000E+00
       157, 1.133600599E-03, 1.150964014E-02, 0.000000000E+00, 1.134167856E-03, 1.151539949E-02, 5.000000000E-03, 2.041701249E-06, 4.284169667E+02, 0.000000000E+00
       158, 1.255405694E-02, 1.236466807E-03, 0.000000000E+00, 1.256356784E-02, 1.237403428E-03, 5.000000000E-03, 2.988688376E-06, 4.303748960E+02, 0.000000000E+00
       159, 1.395570952E-02,-1.374517451E-03, 0.000000000E+00, 1.397111804E-02,-1.376035022E-03, 5.000000000E-03, 4.458764233E-06, 4.326066637E+02, 0.000000000E+00
       160, 1.522818673E-02,-4.619420040E-03, 0.000000000E+00, 1.525170217E-02,-4.626553272E-03, 5.000000000E-03, 6.790405043E-06, 4.350234032E+02, 0.000000000E+00
       161, 1.627154462E-02,-8.697321638E-03, 0.000000000E+00, 1.630521081E-02,-8.715316754E-03, 5.000000000E-03, 1.056567819E-05, 4.374465171E+02, 0.000000000E+00
       162, 3.661883529E-03, 1.207161229E-02, 0.000000000E+00, 3.664657565E-03, 1.208075698E-02, 5.000000000E-03, 2.988688376E-06, 4.303751256E+02, 0.000000000E+00
       163, 1.374517451E-03, 1.395570952E-02, 0.000000000E+00, 1.376035022E-03, 1.397111804E-02, 5.000000000E-03, 4.458764233E-06, 4.326066637E+02, 0.000000000E+00
       164,-1.559787313E-03, 1.583678648E-02, 0.000000000E+00,-1.562195861E-03, 1.586124076E-02, 5.000000000E-03, 6.790405043E-06, 4.350232166E+02, 0.000000000E+00
       165,-5.355784204E-03, 1.765565388E-02, 0.000000000E+00,-5.366865558E-03, 1.769218471E-02, 5.000000000E-03, 1.056567819E-05, 4.374462698E+02, 0.000000000E+00
       166, 9.761407040E-03,-2.961090300E-03, 0.000000000E+00, 9.763342801E-03,-2.961677660E-03, 5.000000000E-03, 9.998379003E-07, 4.254059672E+02, 0.000000000E+00
       167,-9.998378810E-04, 1.015152503E-02, 0.000000000E+00,-1.000036163E-03, 1.015353756E-02, 5.000000000E-03, 9.998379003E-07, 4.254059944E+02, 0.000000000E+00
       168, 1.073140930E-02,-1.056951587E-03, 0.000000000E+00, 1.073483946E-02,-1.057289403E-03, 5.000000000E-03, 1.418473309E-06, 4.267630745E+02, 0.000000000E+00
       169, 1.056951587E-03, 1.073140930E-02, 0.000000000E+00, 1.057289403E-03, 1.073483946E-02, 5.000000000E-03, 1.418473309E-06, 4.267630745E+02, 0.000000000E+00
       170, 1.150964014E-02, 1.133600599E-03, 0.000000000E+00, 1.151539949E-02, 1.134167856E-03, 5.000000000E-03, 2.041701249E-06, 4.284169667E+02, 0.000000000E+00
       171, 3.357238136E-03, 1.106733084E-02, 0.000000000E+00, 3.358918133E-03, 1.107286915E-02, 5.000000000E-03, 2.041701249E-06, 4.284171703E+02, 0.000000000E+00
       172, 1.207161229E-02, 3.661883529E-03, 0.000000000E+00, 1.208075698E-02, 3.664657565E-03, 5.000000000E-03, 2.988688376E-06, 4.303751256E+02, 0.000000000E+00
       173, 1.395571046E-02, 1.374517451E-03, 0.000000000E+00, 1.397111804E-02, 1.376035022E-03, 5.000000000E-03, 4.458764233E-06, 4.326066637E+02, 0.000000000E+00
       174, 1.583678462E-02,-1.559787313E-03, 0.000000000E+00, 1.586124076E-02,-1.562195861E-03, 5.000000000E-03, 6.790405043E-06, 4.350232166E+02, 0.000000000E+00
       175, 1.765565574E-02,-5.355784204E-03, 0.000000000E+00, 1.769218471E-02,-5.366865558E-03, 5.000000000E-03, 1.056567819E-05, 4.374462698E+02, 0.000000000E+00
       176, 5.946576130E-03, 1.112526190E-02, 0.000000000E+00, 5.951080966E-03, 1.113368940E-02, 5.000000000E-03, 2.988688376E-06, 4.303756798E+02, 0.000000000E+00
       177, 4.070730414E-03, 1.341939904E-02, 0.000000000E+00, 4.075224811E-03, 1.343421580E-02, 5.000000000E-03, 4.458764233E-06, 4.326068796E+02, 0.000000000E+00
       178, 1.559787313E-03, 1.583678462E-02, 0.000000000E+00, 1.562195861E-03, 1.586124076E-02, 5.000000000E-03, 6.790405043E-06, 4.350232166E+02, 0.000000000E+00
       179,-1.808427041E-03, 1.836126857E-02, 0.000000000E+00,-1.812168729E-03, 1.839925787E-02, 5.000000000E-03, 1.056567819E-05, 4.374461054E+02, 0.000000000E+00
       180, 1.015152410E-02,-9.998378810E-04, 0.000000000E+00, 1.015353756E-02,-1.000036163E-03, 5.000000000E-03, 9.998379003E-07, 4.254059944E+02, 0.000000000E+00
       181, 9.998378810E-04, 1.015152410E-02, 0.000000000E+00, 1.000036163E-03, 1.015353756E-02, 5.000000000E-03, 9.998379003E-07, 4.254059944E+02, 0.000000000E+00
       182, 1.073140930E-02, 1.056951587E-03, 0.000000000E+00, 1.073483946E-02, 1.057289403E-03, 5.000000000E-03, 1.418473309E-06, 4.267630745E+02, 0.000000000E+00
       183, 3.130236873E-03, 1.031900756E-02, 0.000000000E+00, 3.131237171E-03, 1.032230560E-02, 5.000000000E-03, 1.418473309E-06, 4.267631939E+02, 0.000000000E+00
       184, 1.106733084E-02, 3.357238136E-03, 0.000000000E+00, 1.107286915E-02, 3.358918133E-03, 5.000000000E-03, 2.041701249E-06, 4.284171703E+02, 0.000000000E+00
       185, 5.451858975E-03, 1.019971073E-02, 0.000000000E+00, 5.454587070E-03, 1.020481465E-02, 5.000000000E-03, 2.041701249E-06, 4.284179290E+02, 0.000000000E+00
       186, 1.112526190E-02, 5.946576130E-03, 0.000000000E+00, 1.113368940E-02, 5.951080966E-03, 5.000000000E-03, 2.988688376E-06, 4.303756798E+02, 0.000000000E+00
       187, 1.341939997E-02, 4.070730414E-03, 0.000000000E+00, 1.343421580E-02, 4.075224811E-03, 5.000000000E-03, 4.458764233E-06, 4.326068796E+02, 0.000000000E+00
       188, 1.583678648E-02, 1.559787313E-03, 0.000000000E+00, 1.586124076E-02, 1.562195861E-03, 5.000000000E-03, 6.790405043E-06, 4.350232166E+02, 0.000000000E+00
       189, 1.836126857E-02,-1.808427041E-03, 0.000000000E+00, 1.839925787E-02,-1.812168729E-03, 5.000000000E-03, 1.056567819E-05, 4.374461054E+02, 0.000000000E+00
       190, 8.002744988E-03, 9.751373902E-03, 0.000000000E+00, 8.008807663E-03, 9.758760374E-03, 5.000000000E-03, 2.988688376E-06, 4.303760801E+02, 0.000000000E+00
       191, 6.610507146E-03, 1.236738916E-02, 0.000000000E+00, 6.617805996E-03, 1.238104419E-02, 5.000000000E-03, 4.458764233E-06, 4.326072825E+02, 0.000000000E+00
       192, 4.619420040E-03, 1.522818673E-02, 0.000000000E+00, 4.626553272E-03, 1.525170217E-02, 5.000000000E-03, 6.790405043E-06, 4.350234032E+02, 0.000000000E+00
       193, 1.808427041E-03, 1.836126857E-02, 0.000000000E+00, 1.812168729E-03, 1.839925787E-02, 5.000000000E-03, 1.056567819E-05, 4.374461054E+02, 0.000000000E+00
       194, 1.015152503E-02, 9.998378810E-04, 0.000000000E+00, 1.015353756E-02, 1.000036163E-03, 5.000000000E-03, 9.998379003E-07, 4.254059944E+02, 0.000000000E+00
       195, 2.961090300E-03, 9.761407040E-03, 0.000000000E+00, 2.961677660E-03, 9.763342801E-03, 5.000000000E-03, 9.998379003E-07, 4.254059672E+02, 0.000000000E+00
       196, 1.031900756E-02, 3.130236873E-03, 0.000000000E+00, 1.032230560E-02, 3.131237171E-03, 5.000000000E-03, 1.418473309E-06, 4.267631939E+02, 0.000000000E+00
       197, 5.083228927E-03, 9.510051459E-03, 0.000000000E+00, 5.084853250E-03, 9.513091325E-03, 5.000000000E-03, 1.418473309E-06, 4.267642112E+02, 0.000000000E+00
       198, 1.019971073E-02, 5.451858975E-03, 0.000000000E+00, 1.020481465E-02, 5.454587070E-03, 5.000000000E-03, 2.041701249E-06, 4.284179290E+02, 0.000000000E+00
       199, 7.336968090E-03, 8.940121159E-03, 0.000000000E+00, 7.340639285E-03, 8.944594849E-03, 5.000000000E-03, 2.041701249E-06, 4.284184514E+02, 0.000000000E+00
       200, 9.751372971E-03, 8.002744988E-03, 0.000000000E+00, 9.758760374E-03, 8.008807663E-03, 5.000000000E-03, 2.988688376E-06, 4.303760801E+02, 0.000000000E+00
       201, 1.236738916E-02, 6.610507611E-03, 0.000000000E+00, 1.238104419E-02, 6.617805996E-03, 5.000000000E-03, 4.458764233E-06, 4.326072825E+02, 0.000000000E+00
       202, 1.522818673E-02, 4.619420040E-03, 0.000000000E+00, 1.525170217E-02, 4.626553272E-03, 5.000000000E-03, 6.790405043E-06, 4.350234032E+02, 0.000000000E+00
       203, 1.836126857E-02, 1.808427041E-03, 0.000000000E+00, 1.839925787E-02, 1.812168729E-03, 5.000000000E-03, 1.056567819E-05, 4.374461054E+02, 0.000000000E+00
       204, 8.896246552E-03, 1.084010769E-02, 0.000000000E+00, 8.906068609E-03, 1.085207600E-02, 5.000000000E-03, 4.458764233E-06, 4.326075786E+02, 0.000000000E+00
       205, 7.501531392E-03, 1.403437741E-02, 0.000000000E+00, 7.513114836E-03, 1.405604922E-02, 5.000000000E-03, 6.790405043E-06, 4.350237042E+02, 0.000000000E+00
       206, 5.355784204E-03, 1.765565574E-02, 0.000000000E+00, 5.366865558E-03, 1.769218471E-02, 5.000000000E-03, 1.056567819E-05, 4.374462698E+02, 0.000000000E+00
       207, 9.761407040E-03, 2.961090533E-03, 0.000000000E+00, 9.763342801E-03, 2.961677660E-03, 5.000000000E-03, 9.998379003E-07, 4.254059672E+02, 0.000000000E+00
       208, 4.808549769E-03, 8.996164426E-03, 0.000000000E+00, 4.809503545E-03, 8.997948259E-03, 5.000000000E-03, 9.998379003E-07, 4.254072900E+02, 0.000000000E+00
       209, 9.510051459E-03, 5.083228927E-03, 0.000000000E+00, 9.513091325E-03, 5.084853250E-03, 5.000000000E-03, 1.418473309E-06, 4.267642112E+02, 0.000000000E+00
       210, 6.840874907E-03, 8.335630409E-03, 0.000000000E+00, 6.843061271E-03, 8.338294284E-03, 5.000000000E-03, 1.418473309E-06, 4.267648595E+02, 0.000000000E+00
       211, 8.940121159E-03, 7.336968090E-03, 0.000000000E+00, 8.944594849E-03, 7.340639285E-03, 5.000000000E-03, 2.041701249E-06, 4.284184514E+02, 0.000000000E+00
       212, 1.084010769E-02, 8.896246552E-03, 0.000000000E+00, 1.085207600E-02, 8.906068609E-03, 5.000000000E-03, 4.458764233E-06, 4.326075786E+02, 0.000000000E+00
       213, 1.403437741E-02, 7.501531392E-03, 0.000000000E+00, 1.405604922E-02, 7.513114836E-03, 5.000000000E-03, 6.790405043E-06, 4.350237042E+02, 0.000000000E+00
       214, 1.765565388E-02, 5.355784204E-03, 0.000000000E+00, 1.769218471E-02, 5.366865558E-03, 5.000000000E-03, 1.056567819E-05, 4.374462698E+02, 0.000000000E+00
       215, 1.009536255E-02, 1.230123453E-02, 0.000000000E+00, 1.011095161E-02, 1.232023018E-02, 5.000000000E-03, 6.790405043E-06, 4.350239245E+02, 0.000000000E+00
       216, 8.697321638E-03, 1.627154462E-02, 0.000000000E+00, 8.715316754E-03, 1.630521081E-02, 5.000000000E-03, 1.056567819E-05, 4.374465171E+02, 0.000000000E+00
       217, 8.996164426E-03, 4.808550235E-03, 0.000000000E+00, 8.997948259E-03, 4.809503545E-03, 5.000000000E-03, 9.998379003E-07, 4.254072900E+02, 0.000000000E+00
       218, 6.471219938E-03, 7.885203697E-03, 0.000000000E+00, 6.472502906E-03, 7.886767611E-03, 5.000000000E-03, 9.998379003E-07, 4.254080535E+02, 0.000000000E+00
       219, 8.335630409E-03, 6.840875372E-03, 0.000000000E+00, 8.338294284E-03, 6.843061271E-03, 5.000000000E-03, 1.418473309E-06, 4.267648595E+02, 0.000000000E+00
       220, 1.230123453E-02, 1.009536348E-02, 0.000000000E+00, 1.232023018E-02, 1.011095161E-02, 5.000000000E-03, 6.790405043E-06, 4.350239245E+02, 0.000000000E+00
       221, 1.627154462E-02, 8.697321638E-03, 0.000000000E+00, 1.630521081E-02, 8.715316754E-03, 5.000000000E-03, 1.056567819E-05, 4.374465171E+02, 0.000000000E+00
       222, 1.170462649E-02, 1.426212862E-02, 0.000000000E+00, 1.172884321E-02, 1.429163681E-02, 5.000000000E-03, 1.056567819E-05, 4.374466966E+02, 0.000000000E+00
       223, 7.885204628E-03, 6.471219938E-03, 0.000000000E+00, 7.886767611E-03, 6.472502906E-03, 5.000000000E-03, 9.998379003E-07, 4.254080535E+02, 0.000000000E+00
       224, 1.426212862E-02, 1.170462556E-02, 0.000000000E+00, 1.429163681E-02, 1.172884321E-02, 5.000000000E-03, 1.056567819E-05, 4.374466966E+02, 0.000000000E+00
         1,-1.522818673E-02, 4.619420040E-03, 6.000000238E-01,-1.525170217E-02, 4.626553272E-03, 5.950000000E-01, 6.790405043E-06, 5.630745013E+02, 0.000000000E+00
         2,-1.341939904E-02, 4.070730414E-03, 6.000000238E-01,-1.343421580E-02, 4.075224811E-03, 5.950000000E-01, 4.458764233E-06, 5.617334837E+02, 0.000000000E+00
         3,-1.403437648E-02, 7.501530927E-03, 6.000000238E-01,-1.405604922E-02, 7.513114836E-03, 5.950000000E-01, 6.790405043E-06, 5.630749227E+02, 0.000000000E+00
         4,-1.583678648E-02, 1.559787313E-03, 6.000000238E-01,-1.586124076E-02, 1.562195861E-03, 5.950000000E-01, 6.790405043E-06, 5.630742035E+02, 0.000000000E+00
         5,-1.765565388E-02, 5.355784670E-03, 6.000000238E-01,-1.769218471E-02, 5.366865558E-03, 5.950000000E-01, 1.056567819E-05, 5.646509117E+02, 0.000000000E+00
         6,-1.207161229E-02, 3.661883296E-03, 6.000000238E-01,-1.208075698E-02, 3.664657565E-03, 5.950000000E-01, 2.988688376E-06, 5.606150724E+02, 0.000000000E+00
         7,-1.236738916E-02, 6.610507611E-03, 6.000000238E-01,-1.238104419E-02, 6.617805996E-03, 5.950000000E-01, 4.458764233E-06, 5.617341123E+02, 0.000000000E+00
         8,-1.395570952E-02, 1.374517451E-03, 6.000000238E-01,-1.397111804E-02, 1.376035022E-03, 5.950000000E-01, 4.458764233E-06, 5.617330402E+02, 0.000000000E+00
         9,-1.230123453E-02, 1.009536255E-02, 6.000000238E-01,-1.232023018E-02, 1.011095161E-02, 5.950000000E-01, 6.790405043E-06, 5.630752192E+02, 0.000000000E+00
        10,-1.627154462E-02, 8.697321638E-03, 6.000000238E-01,-1.630521081E-02, 8.715316754E-03, 5.950000000E-01, 1.056567819E-05, 5.646512217E+02, 0.000000000E+00
        11,-1.583678648E-02,-1.559787197E-03, 6.000000238E-01,-1.586124076E-02,-1.562195861E-03, 5.950000000E-01, 6.790405043E-06, 5.630742035E+02, 0.000000000E+00
        12,-1.836126857E-02, 1.808427041E-03, 6.000000238E-01,-1.839925787E-02, 1.812168729E-03, 5.950000000E-01, 1.056567819E-05, 5.646506925E+02, 0.000000000E+00
        13,-1.112526190E-02, 5.946576130E-03, 6.000000238E-01,-1.113368940E-02, 5.951080966E-03, 5.950000000E-01, 2.988688376E-06, 5.606159936E+02, 0.000000000E+00
        14,-1.255405787E-02, 1.236466807E-03, 6.000000238E-01,-1.256356784E-02, 1.237403428E-03, 5.950000000E-01, 2.988688376E-06, 5.606144244E+02, 0.000000000E+00
        15,-1.106733177E-02, 3.357238136E-03, 6.000000238E-01,-1.107286915E-02, 3.358918133E-03, 5.950000000E-01, 2.041701249E-06, 5.596998875E+02, 0.000000000E+00
        16,-1.084010769E-02, 8.896246552E-03, 6.000000238E-01,-1.085207600E-02, 8.906068609E-03, 5.950000000E-01, 4.458764233E-06, 5.617345524E+02, 0.000000000E+00
        17,-1.395570952E-02,-1.374517451E-03, 6.000000238E-01,-1.397111804E-02,-1.376035022E-03, 5.950000000E-01, 4.458764233E-06, 5.617330402E+02, 0.000000000E+00
        18,-1.009536255E-02, 1.230123453E-02, 6.000000238E-01,-1.011095161E-02, 1.232023018E-02, 5.950000000E-01, 6.790405043E-06, 5.630752192E+02, 0.000000000E+00
        19,-1.426212862E-02, 1.170462649E-02, 6.000000238E-01,-1.429163681E-02, 1.172884321E-02, 5.950000000E-01, 1.056567819E-05, 5.646514404E+02, 0.000000000E+00
        20,-1.522818673E-02,-4.619420040E-03, 6.000000238E-01,-1.525170217E-02,-4.626553272E-03, 5.950000000E-01, 6.790405043E-06, 5.630745013E+02, 0.000000000E+00
        21,-1.836126857E-02,-1.808427158E-03, 6.000000238E-01,-1.839925787E-02,-1.812168729E-03, 5.950000000E-01, 1.056567819E-05, 5.646506925E+02, 0.000000000E+00
        22,-1.019971073E-02, 5.451858975E-03, 6.000000238E-01,-1.020481465E-02, 5.454587070E-03, 5.950000000E-01, 2.041701249E-06, 5.597011686E+02, 0.000000000E+00
        23,-9.751372971E-03, 8.002744988E-03, 6.000000238E-01,-9.758760374E-03, 8.008807663E-03, 5.950000000E-01, 2.988688376E-06, 5.606166342E+02, 0.000000000E+00
        24,-1.255405694E-02,-1.236466691E-03, 6.000000238E-01,-1.256356784E-02,-1.237403428E-03, 5.950000000E-01, 2.988688376E-06, 5.606144244E+02, 0.000000000E+00
        25,-1.150964014E-02, 1.133600599E-03, 6.000000238E-01,-1.151539949E-02, 1.134167856E-03, 5.950000000E-01, 2.041701249E-06, 5.596989905E+02, 0.000000000E+00
        26,-1.031900756E-02, 3.130236873E-03, 6.000000238E-01,-1.032230560E-02, 3.131237171E-03, 5.950000000E-01, 1.418473309E-06, 5.589639034E+02, 0.000000000E+00
        27,-8.896246552E-03, 1.084010676E-02, 6.000000238E-01,-8.906068609E-03, 1.085207600E-02, 5.950000000E-01, 4.458764233E-06, 5.617345524E+02, 0.000000000E+00
        28,-1.341939997E-02,-4.070730414E-03, 6.000000238E-01,-1.343421580E-02,-4.075224811E-03, 5.950000000E-01, 4.458764233E-06, 5.617334837E+02, 0.000000000E+00
        29,-7.501531392E-03, 1.403437741E-02, 6.000000238E-01,-7.513114836E-03, 1.405604922E-02, 5.950000000E-01, 6.790405043E-06, 5.630749227E+02, 0.000000000E+00
        30,-1.170462556E-02, 1.426212862E-02, 6.000000238E-01,-1.172884321E-02, 1.429163681E-02, 5.950000000E-01, 1.056567819E-05, 5.646514404E+02, 0.000000000E+00
        31,-1.403437741E-02,-7.501531392E-03, 6.000000238E-01,-1.405604922E-02,-7.513114836E-03, 5.950000000E-01, 6.790405043E-06, 5.630749227E+02, 0.000000000E+00
        32,-1.765565574E-02,-5.355784204E-03, 6.000000238E-01,-1.769218471E-02,-5.366865558E-03, 5.950000000E-01, 1.056567819E-05, 5.646509117E+02, 0.000000000E+00
        33,-9.510052390E-03, 5.083228927E-03, 6.000000238E-01,-9.513091325E-03, 5.084853250E-03, 5.950000000E-01, 1.418473309E-06, 5.589655855E+02, 0.000000000E+00
        34,-8.940121159E-03, 7.336968090E-03, 6.000000238E-01,-8.944594849E-03, 7.340639285E-03, 5.950000000E-01, 2.041701249E-06, 5.597020515E+02, 0.000000000E+00
        35,-8.002744988E-03, 9.751373902E-03, 6.000000238E-01,-8.008807663E-03, 9.758760374E-03, 5.950000000E-01, 2.988688376E-06, 5.606166342E+02, 0.000000000E+00
        36,-1.207161229E-02,-3.661883762E-03, 6.000000238E-01,-1.208075698E-02,-3.664657565E-03, 5.950000000E-01, 2.988688376E-06, 5.606150724E+02, 0.000000000E+00
        37,-1.150964014E-02,-1.133600599E-03, 6.000000238E-01,-1.151539949E-02,-1.134167856E-03, 5.950000000E-01, 2.041701249E-06, 5.596989905E+02, 0.000000000E+00
        38,-1.073140930E-02, 1.056951587E-03, 6.000000238E-01,-1.073483946E-02, 1.057289403E-03, 5.950000000E-01, 1.418473309E-06, 5.589627327E+02, 0.000000000E+00
        39,-9.761407040E-03, 2.961090533E-03, 6.000000238E-01,-9.763342801E-03, 2.961677660E-03, 5.950000000E-01, 9.998379003E-07, 5.583809838E+02, 0.000000000E+00
        40,-6.610508077E-03, 1.236738916E-02, 6.000000238E-01,-6.617805996E-03, 1.238104419E-02, 5.950000000E-01, 4.458764233E-06, 5.617341123E+02, 0.000000000E+00
        41,-1.236738916E-02,-6.610508077E-03, 6.000000238E-01,-1.238104419E-02,-6.617805996E-03, 5.950000000E-01, 4.458764233E-06, 5.617341123E+02, 0.000000000E+00
        42,-4.619420040E-03, 1.522818673E-02, 6.000000238E-01,-4.626553272E-03, 1.525170217E-02, 5.950000000E-01, 6.790405043E-06, 5.630745013E+02, 0.000000000E+00
        43,-8.697321638E-03, 1.627154462E-02, 6.000000238E-01,-8.715316754E-03, 1.630521081E-02, 5.950000000E-01, 1.056567819E-05, 5.646512217E+02, 0.000000000E+00
        44,-1.230123453E-02,-1.009536255E-02, 6.000000238E-01,-1.232023018E-02,-1.011095161E-02, 5.950000000E-01, 6.790405043E-06, 5.630752192E+02, 0.000000000E+00
        45,-1.627154462E-02,-8.697321638E-03, 6.000000238E-01,-1.630521081E-02,-8.715316754E-03, 5.950000000E-01, 1.056567819E-05, 5.646512217E+02, 0.000000000E+00
        46,-8.996164426E-03, 4.808549769E-03, 6.000000238E-01,-8.997948259E-03, 4.809503545E-03, 5.950000000E-01, 9.998379003E-07, 5.583830780E+02, 0.000000000E+00
        47,-8.335630409E-03, 6.840874907E-03, 6.000000238E-01,-8.338294284E-03, 6.843061271E-03, 5.950000000E-01, 1.418473309E-06, 5.589667321E+02, 0.000000000E+00
        48,-7.336968090E-03, 8.940121159E-03, 6.000000238E-01,-7.340639285E-03, 8.944594849E-03, 5.950000000E-01, 2.041701249E-06, 5.597020515E+02, 0.000000000E+00
        49,-5.946576130E-03, 1.112526096E-02, 6.000000238E-01,-5.951080966E-03, 1.113368940E-02, 5.950000000E-01, 2.988688376E-06, 5.606159936E+02, 0.000000000E+00
        50,-1.112526096E-02,-5.946576130E-03, 6.000000238E-01,-1.113368940E-02,-5.951080966E-03, 5.950000000E-01, 2.988688376E-06, 5.606159936E+02, 0.000000000E+00
        51,-1.106733084E-02,-3.357238369E-03, 6.000000238E-01,-1.107286915E-02,-3.358918133E-03, 5.950000000E-01, 2.041701249E-06, 5.596998875E+02, 0.000000000E+00
        52,-1.073140930E-02,-1.056951587E-03, 6.000000238E-01,-1.073483946E-02,-1.057289403E-03, 5.950000000E-01, 1.418473309E-06, 5.589627327E+02, 0.000000000E+00
        53,-1.015152410E-02, 9.998378810E-04, 6.000000238E-01,-1.015353756E-02, 1.000036163E-03, 5.950000000E-01, 9.998379003E-07, 5.583795369E+02, 0.000000000E+00
        54,-4.070730414E-03, 1.341939997E-02, 6.000000238E-01,-4.075224811E-03, 1.343421580E-02, 5.950000000E-01, 4.458764233E-06, 5.617334837E+02, 0.000000000E+00
        55,-1.084010676E-02,-8.896246552E-03, 6.000000238E-01,-1.085207600E-02,-8.906068609E-03, 5.950000000E-01, 4.458764233E-06, 5.617345524E+02, 0.000000000E+00
        56,-1.559787197E-03, 1.583678648E-02, 6.000000238E-01,-1.562195861E-03, 1.586124076E-02, 5.950000000E-01, 6.790405043E-06, 5.630742035E+02, 0.000000000E+00
        57,-5.355784204E-03, 1.765565574E-02, 6.000000238E-01,-5.366865558E-03, 1.769218471E-02, 5.950000000E-01, 1.056567819E-05, 5.646509117E+02, 0.000000000E+00
        58,-1.009536255E-02,-1.230123453E-02, 6.000000238E-01,-1.011095161E-02,-1.232023018E-02, 5.950000000E-01, 6.790405043E-06, 5.630752192E+02, 0.000000000E+00
        59,-1.426212862E-02,-1.170462556E-02, 6.000000238E-01,-1.429163681E-02,-1.172884321E-02, 5.950000000E-01, 1.056567819E-05, 5.646514404E+02, 0.000000000E+00
        60,-7.885203697E-03, 6.471219938E-03, 6.000000238E-01,-7.886767611E-03, 6.472502906E-03, 5.950000000E-01, 9.998379003E-07, 5.583844887E+02, 0.000000000E+00
        61,-6.840875372E-03, 8.335630409E-03, 6.000000238E-01,-6.843061271E-03, 8.338294284E-03, 5.950000000E-01, 1.418473309E-06, 5.589667321E+02, 0.000000000E+00
        62,-5.451858975E-03, 1.019971073E-02, 6.000000238E-01,-5.454587070E-03, 1.020481465E-02, 5.950000000E-01, 2.041701249E-06, 5.597011686E+02, 0.000000000E+00
        63,-3.661883762E-03, 1.207161229E-02, 6.000000238E-01,-3.664657565E-03, 1.208075698E-02, 5.950000000E-01, 2.988688376E-06, 5.606150724E+02, 0.000000000E+00
        64,-9.751373902E-03,-8.002744988E-03, 6.000000238E-01,-9.758760374E-03,-8.008807663E-03, 5.950000000E-01, 2.988688376E-06, 5.606166342E+02, 0.000000000E+00
        65,-1.019971073E-02,-5.451858975E-03, 6.000000238E-01,-1.020481465E-02,-5.454587070E-03, 5.950000000E-01, 2.041701249E-06, 5.597011686E+02, 0.000000000E+00
        66,-1.031900756E-02,-3.130236873E-03, 6.000000238E-01,-1.032230560E-02,-3.131237171E-03, 5.950000000E-01, 1.418473309E-06, 5.589639034E+02, 0.000000000E+00
        67,-1.015152503E-02,-9.998378810E-04, 6.000000238E-01,-1.015353756E-02,-1.000036163E-03, 5.950000000E-01, 9.998379003E-07, 5.583795369E+02, 0.000000000E+00
        68,-1.374517451E-03, 1.395570952E-02, 6.000000238E-01,-1.376035022E-03, 1.397111804E-02, 5.950000000E-01, 4.458764233E-06, 5.617330402E+02, 0.000000000E+00
        69,-8.896246552E-03,-1.084010769E-02, 6.000000238E-01,-8.906068609E-03,-1.085207600E-02, 5.950000000E-01, 4.458764233E-06, 5.617345524E+02, 0.000000000E+00
        70, 1.559787313E-03, 1.583678648E-02, 6.000000238E-01, 1.562195861E-03, 1.586124076E-02, 5.950000000E-01, 6.790405043E-06, 5.630742035E+02, 0.000000000E+00
        71,-1.808427158E-03, 1.836126857E-02, 6.000000238E-01,-1.812168729E-03, 1.839925787E-02, 5.950000000E-01, 1.056567819E-05, 5.646506925E+02, 0.000000000E+00
        72,-7.501530927E-03,-1.403437648E-02, 6.000000238E-01,-7.513114836E-03,-1.405604922E-02, 5.950000000E-01, 6.790405043E-06, 5.630749227E+02, 0.000000000E+00
        73,-1.170462649E-02,-1.426212862E-02, 6.000000238E-01,-1.172884321E-02,-1.429163681E-02, 5.950000000E-01, 1.056567819E-05, 5.646514404E+02, 0.000000000E+00
        74,-6.471219473E-03, 7.885203697E-03, 6.000000238E-01,-6.472502906E-03, 7.886767611E-03, 5.950000000E-01, 9.998379003E-07, 5.583844887E+02, 0.000000000E+00
        75,-5.083228927E-03, 9.510052390E-03, 6.000000238E-01,-5.084853250E-03, 9.513091325E-03, 5.950000000E-01, 1.418473309E-06, 5.589655855E+02, 0.000000000E+00
        76,-3.357238369E-03, 1.106733084E-02, 6.000000238E-01,-3.358918133E-03, 1.107286915E-02, 5.950000000E-01, 2.041701249E-06, 5.596998875E+02, 0.000000000E+00
        77,-1.236466691E-03, 1.255405694E-02, 6.000000238E-01,-1.237403428E-03, 1.256356784E-02, 5.950000000E-01, 2.988688376E-06, 5.606144244E+02, 0.000000000E+00
        78,-8.002744988E-03,-9.751372971E-03, 6.000000238E-01,-8.008807663E-03,-9.758760374E-03, 5.950000000E-01, 2.988688376E-06, 5.606166342E+02, 0.000000000E+00
        79,-8.940121159E-03,-7.336968090E-03, 6.000000238E-01,-8.944594849E-03,-7.340639285E-03, 5.950000000E-01, 2.041701249E-06, 5.597020515E+02, 0.000000000E+00
        80,-9.510052390E-03,-5.083228927E-03, 6.000000238E-01,-9.513091325E-03,-5.084853250E-03, 5.950000000E-01, 1.418473309E-06, 5.589655855E+02, 0.000000000E+00
        81,-9.761407040E-03,-2.961090533E-03, 6.000000238E-01,-9.763342801E-03,-2.961677660E-03, 5.950000000E-01, 9.998379003E-07, 5.583809838E+02, 0.000000000E+00
        82, 1.374517451E-03, 1.395570952E-02, 6.000000238E-01, 1.376035022E-03, 1.397111804E-02, 5.950000000E-01, 4.458764233E-06, 5.617330402E+02, 0.000000000E+00
        83,-6.610507611E-03,-1.236738916E-02, 6.000000238E-01,-6.617805996E-03,-1.238104419E-02, 5.950000000E-01, 4.458764233E-06, 5.617341123E+02, 0.000000000E+00
        84, 4.619420040E-03, 1.522818673E-02, 6.000000238E-01, 4.626553272E-03, 1.525170217E-02, 5.950000000E-01, 6.790405043E-06, 5.630745013E+02, 0.000000000E+00
        85, 1.808427041E-03, 1.836126857E-02, 6.000000238E-01, 1.812168729E-03, 1.839925787E-02, 5.950000000E-01, 1.056567819E-05, 5.646506925E+02, 0.000000000E+00
        86,-4.619420040E-03,-1.522818673E-02, 6.000000238E-01,-4.626553272E-03,-1.525170217E-02, 5.950000000E-01, 6.790405043E-06, 5.630745013E+02, 0.000000000E+00
        87,-8.697321638E-03,-1.627154462E-02, 6.000000238E-01,-8.715316754E-03,-1.630521081E-02, 5.950000000E-01, 1.056567819E-05, 5.646512217E+02, 0.000000000E+00
        88,-4.808550235E-03, 8.996164426E-03, 6.000000238E-01,-4.809503545E-03, 8.997948259E-03, 5.950000000E-01, 9.998379003E-07, 5.583830780E+02, 0.000000000E+00
        89,-3.130236873E-03, 1.031900756E-02, 6.000000238E-01,-3.131237171E-03, 1.032230560E-02, 5.950000000E-01, 1.418473309E-06, 5.589639034E+02, 0.000000000E+00
        90,-1.133600599E-03, 1.150964014E-02, 6.000000238E-01,-1.134167856E-03, 1.151539949E-02, 5.950000000E-01, 2.041701249E-06, 5.596989905E+02, 0.000000000E+00
        91, 1.236466807E-03, 1.255405787E-02, 6.000000238E-01, 1.237403428E-03, 1.256356784E-02, 5.950000000E-01, 2.988688376E-06, 5.606144244E+02, 0.000000000E+00
        92,-7.336968090E-03,-8.940121159E-03, 6.000000238E-01,-7.340639285E-03,-8.944594849E-03, 5.950000000E-01, 2.041701249E-06, 5.597020515E+02, 0.000000000E+00
        93,-5.946576130E-03,-1.112526190E-02, 6.000000238E-01,-5.951080966E-03,-1.113368940E-02, 5.950000000E-01, 2.988688376E-06, 5.606159936E+02, 0.000000000E+00
        94,-8.335630409E-03,-6.840875372E-03, 6.000000238E-01,-8.338294284E-03,-6.843061271E-03, 5.950000000E-01, 1.418473309E-06, 5.589667321E+02, 0.000000000E+00
        95,-8.996164426E-03,-4.808550235E-03, 6.000000238E-01,-8.997948259E-03,-4.809503545E-03, 5.950000000E-01, 9.998379003E-07, 5.583830780E+02, 0.000000000E+00
        96, 4.070730414E-03, 1.341939904E-02, 6.000000238E-01, 4.075224811E-03, 1.343421580E-02, 5.950000000E-01, 4.458764233E-06, 5.617334837E+02, 0.000000000E+00
        97,-4.070730414E-03,-1.341939904E-02, 6.000000238E-01,-4.075224811E-03,-1.343421580E-02, 5.950000000E-01, 4.458764233E-06, 5.617334837E+02, 0.000000000E+00
        98, 7.501530927E-03, 1.403437648E-02, 6.000000238E-01, 7.513114836E-03, 1.405604922E-02, 5.950000000E-01, 6.790405043E-06, 5.630749227E+02, 0.000000000E+00
        99, 5.355784670E-03, 1.765565388E-02, 6.000000238E-01, 5.366865558E-03, 1.769218471E-02, 5.950000000E-01, 1.056567819E-05, 5.646509117E+02, 0.000000000E+00
       100,-1.559787313E-03,-1.583678648E-02, 6.000000238E-01,-1.562195861E-03,-1.586124076E-02, 5.950000000E-01, 6.790405043E-06, 5.630742035E+02, 0.000000000E+00
       101,-5.355784670E-03,-1.765565388E-02, 6.000000238E-01,-5.366865558E-03,-1.769218471E-02, 5.950000000E-01, 1.056567819E-05, 5.646509117E+02, 0.000000000E+00
       102,-2.961090533E-03, 9.761407040E-03, 6.000000238E-01,-2.961677660E-03, 9.763342801E-03, 5.950000000E-01, 9.998379003E-07, 5.583809838E+02, 0.000000000E+00
       103,-1.056951587E-03, 1.073140930E-02, 6.000000238E-01,-1.057289403E-03, 1.073483946E-02, 5.950000000E-01, 1.418473309E-06, 5.589627327E+02, 0.000000000E+00
       104, 1.133600599E-03, 1.150964014E-02, 6.000000238E-01, 1.134167856E-03, 1.151539949E-02, 5.950000000E-01, 2.041701249E-06, 5.596989905E+02, 0.000000000E+00
       105, 3.661883296E-03, 1.207161229E-02, 6.000000238E-01, 3.664657565E-03, 1.208075698E-02, 5.950000000E-01, 2.988688376E-06, 5.606150724E+02, 0.000000000E+00
       106,-6.840874907E-03,-8.335630409E-03, 6.000000238E-01,-6.843061271E-03,-8.338294284E-03, 5.950000000E-01, 1.418473309E-06, 5.589667321E+02, 0.000000000E+00
       107,-5.451858975E-03,-1.019971073E-02, 6.000000238E-01,-5.454587070E-03,-1.020481465E-02, 5.950000000E-01, 2.041701249E-06, 5.597011686E+02, 0.000000000E+00
       108,-3.661883296E-03,-1.207161229E-02, 6.000000238E-01,-3.664657565E-03,-1.208075698E-02, 5.950000000E-01, 2.988688376E-06, 5.606150724E+02, 0.000000000E+00
       109,-7.885203697E-03,-6.471219473E-03, 6.000000238E-01,-7.886767611E-03,-6.472502906E-03, 5.950000000E-01, 9.998379003E-07, 5.583844887E+02, 0.000000000E+00
       110, 6.610507611E-03, 1.236738916E-02, 6.000000238E-01, 6.617805996E-03, 1.238104419E-02, 5.950000000E-01, 4.458764233E-06, 5.617341123E+02, 0.000000000E+00
       111,-1.374517451E-03,-1.395570952E-02, 6.000000238E-01,-1.376035022E-03,-1.397111804E-02, 5.950000000E-01, 4.458764233E-06, 5.617330402E+02, 0.000000000E+00
       112, 1.009536255E-02, 1.230123453E-02, 6.000000238E-01, 1.011095161E-02, 1.232023018E-02, 5.950000000E-01, 6.790405043E-06, 5.630752192E+02, 0.000000000E+00
       113, 8.697321638E-03, 1.627154462E-02, 6.000000238E-01, 8.715316754E-03, 1.630521081E-02, 5.950000000E-01, 1.056567819E-05, 5.646512217E+02, 0.000000000E+00
       114, 1.559787197E-03,-1.583678648E-02, 6.000000238E-01, 1.562195861E-03,-1.586124076E-02, 5.950000000E-01, 6.790405043E-06, 5.630742035E+02, 0.000000000E+00
       115,-1.808427041E-03,-1.836126857E-02, 6.000000238E-01,-1.812168729E-03,-1.839925787E-02, 5.950000000E-01, 1.056567819E-05, 5.646506925E+02, 0.000000000E+00
       116,-9.998378810E-04, 1.015152503E-02, 6.000000238E-01,-1.000036163E-03, 1.015353756E-02, 5.950000000E-01, 9.998379003E-07, 5.583795369E+02, 0.000000000E+00
       117, 1.056951587E-03, 1.073140930E-02, 6.000000238E-01, 1.057289403E-03, 1.073483946E-02, 5.950000000E-01, 1.418473309E-06, 5.589627327E+02, 0.000000000E+00
       118, 3.357238136E-03, 1.106733177E-02, 6.000000238E-01, 3.358918133E-03, 1.107286915E-02, 5.950000000E-01, 2.041701249E-06, 5.596998875E+02, 0.000000000E+00
       119, 5.946576130E-03, 1.112526190E-02, 6.000000238E-01, 5.951080966E-03, 1.113368940E-02, 5.950000000E-01, 2.988688376E-06, 5.606159936E+02, 0.000000000E+00
       120,-6.471219938E-03,-7.885203697E-03, 6.000000238E-01,-6.472502906E-03,-7.886767611E-03, 5.950000000E-01, 9.998379003E-07, 5.583844887E+02, 0.000000000E+00
       121,-5.083228927E-03,-9.510052390E-03, 6.000000238E-01,-5.084853250E-03,-9.513091325E-03, 5.950000000E-01, 1.418473309E-06, 5.589655855E+02, 0.000000000E+00
       122,-3.357238136E-03,-1.106733177E-02, 6.000000238E-01,-3.358918133E-03,-1.107286915E-02, 5.950000000E-01, 2.041701249E-06, 5.596998875E+02, 0.000000000E+00
       123,-1.236466807E-03,-1.255405787E-02, 6.000000238E-01,-1.237403428E-03,-1.256356784E-02, 5.950000000E-01, 2.988688376E-06, 5.606144244E+02, 0.000000000E+00
       124, 8.896246552E-03, 1.084010769E-02, 6.000000238E-01, 8.906068609E-03, 1.085207600E-02, 5.950000000E-01, 4.458764233E-06, 5.617345524E+02, 0.000000000E+00
       125, 1.374517451E-03,-1.395570952E-02, 6.000000238E-01, 1.376035022E-03,-1.397111804E-02, 5.950000000E-01, 4.458764233E-06, 5.617330402E+02, 0.000000000E+00
       126, 1.230123453E-02, 1.009536255E-02, 6.000000238E-01, 1.232023018E-02, 1.011095161E-02, 5.950000000E-01, 6.790405043E-06, 5.630752192E+02, 0.000000000E+00
       127, 1.170462649E-02, 1.426212862E-02, 6.000000238E-01, 1.172884321E-02, 1.429163681E-02, 5.950000000E-01, 1.056567819E-05, 5.646514404E+02, 0.000000000E+00
       128, 4.619420040E-03,-1.522818673E-02, 6.000000238E-01, 4.626553272E-03,-1.525170217E-02, 5.950000000E-01, 6.790405043E-06, 5.630745013E+02, 0.000000000E+00
       129, 1.808427158E-03,-1.836126857E-02, 6.000000238E-01, 1.812168729E-03,-1.839925787E-02, 5.950000000E-01, 1.056567819E-05, 5.646506925E+02, 0.000000000E+00
       130, 9.998378810E-04, 1.015152410E-02, 6.000000238E-01, 1.000036163E-03, 1.015353756E-02, 5.950000000E-01, 9.998379003E-07, 5.583795369E+02, 0.000000000E+00
       131, 3.130236873E-03, 1.031900756E-02, 6.000000238E-01, 3.131237171E-03, 1.032230560E-02, 5.950000000E-01, 1.418473309E-06, 5.589639034E+02, 0.000000000E+00
       132, 5.451858975E-03, 1.019971073E-02, 6.000000238E-01, 5.454587070E-03, 1.020481465E-02, 5.950000000E-01, 2.041701249E-06, 5.597011686E+02, 0.000000000E+00
       133, 8.002744988E-03, 9.751372971E-03, 6.000000238E-01, 8.008807663E-03, 9.758760374E-03, 5.950000000E-01, 2.988688376E-06, 5.606166342E+02, 0.000000000E+00
       134,-4.808549769E-03,-8.996164426E-03, 6.000000238E-01,-4.809503545E-03,-8.997948259E-03, 5.950000000E-01, 9.998379003E-07, 5.583830780E+02, 0.000000000E+00
       135,-3.130236873E-03,-1.031900756E-02, 6.000000238E-01,-3.131237171E-03,-1.032230560E-02, 5.950000000E-01, 1.418473309E-06, 5.589639034E+02, 0.000000000E+00
       136,-1.133600599E-03,-1.150964014E-02, 6.000000238E-01,-1.134167856E-03,-1.151539949E-02, 5.950000000E-01, 2.041701249E-06, 5.596989905E+02, 0.000000000E+00
       137, 1.236466691E-03,-1.255405694E-02, 6.000000238E-01, 1.237403428E-03,-1.256356784E-02, 5.950000000E-01, 2.988688376E-06, 5.606144244E+02, 0.000000000E+00
       138, 1.084010676E-02, 8.896246552E-03, 6.000000238E-01, 1.085207600E-02, 8.906068609E-03, 5.950000000E-01, 4.458764233E-06, 5.617345524E+02, 0.000000000E+00
       139, 4.070730414E-03,-1.341939997E-02, 6.000000238E-01, 4.075224811E-03,-1.343421580E-02, 5.950000000E-01, 4.458764233E-06, 5.617334837E+02, 0.000000000E+00
       140, 1.403437741E-02, 7.501531392E-03, 6.000000238E-01, 1.405604922E-02, 7.513114836E-03, 5.950000000E-01, 6.790405043E-06, 5.630749227E+02, 0.000000000E+00
       141, 1.426212862E-02, 1.170462556E-02, 6.000000238E-01, 1.429163681E-02, 1.172884321E-02, 5.950000000E-01, 1.056567819E-05, 5.646514404E+02, 0.000000000E+00
       142, 7.501531392E-03,-1.403437741E-02, 6.000000238E-01, 7.513114836E-03,-1.405604922E-02, 5.950000000E-01, 6.790405043E-06, 5.630749227E+02, 0.000000000E+00
       143, 5.355784204E-03,-1.765565574E-02, 6.000000238E-01, 5.366865558E-03,-1.769218471E-02, 5.950000000E-01, 1.056567819E-05, 5.646509117E+02, 0.000000000E+00
       144, 2.961090533E-03, 9.761407040E-03, 6.000000238E-01, 2.961677660E-03, 9.763342801E-03, 5.950000000E-01, 9.998379003E-07, 5.583809838E+02, 0.000000000E+00
       145, 5.083228927E-03, 9.510052390E-03, 6.000000238E-01, 5.084853250E-03, 9.513091325E-03, 5.950000000E-01, 1.418473309E-06, 5.589655855E+02, 0.000000000E+00
       146, 7.336968090E-03, 8.940121159E-03, 6.000000238E-01, 7.340639285E-03, 8.944594849E-03, 5.950000000E-01, 2.041701249E-06, 5.597020515E+02, 0.000000000E+00
       147, 9.751373902E-03, 8.002744988E-03, 6.000000238E-01, 9.758760374E-03, 8.008807663E-03, 5.950000000E-01, 2.988688376E-06, 5.606166342E+02, 0.000000000E+00
       148,-2.961090533E-03,-9.761407040E-03, 6.000000238E-01,-2.961677660E-03,-9.763342801E-03, 5.950000000E-01, 9.998379003E-07, 5.583809838E+02, 0.000000000E+00
       149,-1.056951587E-03,-1.073140930E-02, 6.000000238E-01,-1.057289403E-03,-1.073483946E-02, 5.950000000E-01, 1.418473309E-06, 5.589627327E+02, 0.000000000E+00
       150, 1.133600599E-03,-1.150964014E-02, 6.000000238E-01, 1.134167856E-03,-1.151539949E-02, 5.950000000E-01, 2.041701249E-06, 5.596989905E+02, 0.000000000E+00
       151, 3.661883762E-03,-1.207161229E-02, 6.000000238E-01, 3.664657565E-03,-1.208075698E-02, 5.950000000E-01, 2.988688376E-06, 5.606150724E+02, 0.000000000E+00
       152, 1.236738916E-02, 6.610508077E-03, 6.000000238E-01, 1.238104419E-02, 6.617805996E-03, 5.950000000E-01, 4.458764233E-06, 5.617341123E+02, 0.000000000E+00
       153, 6.610508077E-03,-1.236738916E-02, 6.000000238E-01, 6.617805996E-03,-1.238104419E-02, 5.950000000E-01, 4.458764233E-06, 5.617341123E+02, 0.000000000E+00
       154, 1.522818673E-02, 4.619420040E-03, 6.000000238E-01, 1.525170217E-02, 4.626553272E-03, 5.950000000E-01, 6.790405043E-06, 5.630745013E+02, 0.000000000E+00
       155, 1.627154462E-02, 8.697321638E-03, 6.000000238E-01, 1.630521081E-02, 8.715316754E-03, 5.950000000E-01, 1.056567819E-05, 5.646512217E+02, 0.000000000E+00
       156, 1.009536255E-02,-1.230123453E-02, 6.000000238E-01, 1.011095161E-02,-1.232023018E-02, 5.950000000E-01, 6.790405043E-06, 5.630752192E+02, 0.000000000E+00
       157, 8.697321638E-03,-1.627154462E-02, 6.000000238E-01, 8.715316754E-03,-1.630521081E-02, 5.950000000E-01, 1.056567819E-05, 5.646512217E+02, 0.000000000E+00
       158, 4.808549769E-03, 8.996164426E-03, 6.000000238E-01, 4.809503545E-03, 8.997948259E-03, 5.950000000E-01, 9.998379003E-07, 5.583830780E+02, 0.000000000E+00
       159, 6.840874907E-03, 8.335630409E-03, 6.000000238E-01, 6.843061271E-03, 8.338294284E-03, 5.950000000E-01, 1.418473309E-06, 5.589667321E+02, 0.000000000E+00
       160, 8.940121159E-03, 7.336968090E-03, 6.000000238E-01, 8.944594849E-03, 7.340639285E-03, 5.950000000E-01, 2.041701249E-06, 5.597020515E+02, 0.000000000E+00
       161, 1.112526096E-02, 5.946576130E-03, 6.000000238E-01, 1.113368940E-02, 5.951080966E-03, 5.950000000E-01, 2.988688376E-06, 5.606159936E+02, 0.000000000E+00
       162,-9.998378810E-04,-1.015152410E-02, 6.000000238E-01,-1.000036163E-03,-1.015353756E-02, 5.950000000E-01, 9.998379003E-07, 5.583795369E+02, 0.000000000E+00
       163, 1.056951587E-03,-1.073140930E-02, 6.000000238E-01, 1.057289403E-03,-1.073483946E-02, 5.950000000E-01, 1.418473309E-06, 5.589627327E+02, 0.000000000E+00
       164, 3.357238369E-03,-1.106733084E-02, 6.000000238E-01, 3.358918133E-03,-1.107286915E-02, 5.950000000E-01, 2.041701249E-06, 5.596998875E+02, 0.000000000E+00
       165, 5.946576130E-03,-1.112526096E-02, 6.000000238E-01, 5.951080966E-03,-1.113368940E-02, 5.950000000E-01, 2.988688376E-06, 5.606159936E+02, 0.000000000E+00
       166, 1.341939997E-02, 4.070730414E-03, 6.000000238E-01, 1.343421580E-02, 4.075224811E-03, 5.950000000E-01, 4.458764233E-06, 5.617334837E+02, 0.000000000E+00
       167, 8.896246552E-03,-1.084010676E-02, 6.000000238E-01, 8.906068609E-03,-1.085207600E-02, 5.950000000E-01, 4.458764233E-06, 5.617345524E+02, 0.000000000E+00
       168, 1.583678648E-02, 1.559787197E-03, 6.000000238E-01, 1.586124076E-02, 1.562195861E-03, 5.950000000E-01, 6.790405043E-06, 5.630742035E+02, 0.000000000E+00
       169, 1.765565574E-02, 5.355784204E-03, 6.000000238E-01, 1.769218471E-02, 5.366865558E-03, 5.950000000E-01, 1.056567819E-05, 5.646509117E+02, 0.000000000E+00
       170, 1.230123453E-02,-1.009536255E-02, 6.000000238E-01, 1.232023018E-02,-1.011095161E-02, 5.950000000E-01, 6.790405043E-06, 5.630752192E+02, 0.000000000E+00
       171, 1.170462556E-02,-1.426212862E-02, 6.000000238E-01, 1.172884321E-02,-1.429163681E-02, 5.950000000E-01, 1.056567819E-05, 5.646514404E+02, 0.000000000E+00
       172, 6.471219938E-03, 7.885203697E-03, 6.000000238E-01, 6.472502906E-03, 7.886767611E-03, 5.950000000E-01, 9.998379003E-07, 5.583844887E+02, 0.000000000E+00
       173, 8.335630409E-03, 6.840875372E-03, 6.000000238E-01, 8.338294284E-03, 6.843061271E-03, 5.950000000E-01, 1.418473309E-06, 5.589667321E+02, 0.000000000E+00
       174, 1.019971073E-02, 5.451858975E-03, 6.000000238E-01, 1.020481465E-02, 5.454587070E-03, 5.950000000E-01, 2.041701249E-06, 5.597011686E+02, 0.000000000E+00
       175, 1.207161229E-02, 3.661883762E-03, 6.000000238E-01, 1.208075698E-02, 3.664657565E-03, 5.950000000E-01, 2.988688376E-06, 5.606150724E+02, 0.000000000E+00
       176, 9.998378810E-04,-1.015152503E-02, 6.000000238E-01, 1.000036163E-03,-1.015353756E-02, 5.950000000E-01, 9.998379003E-07, 5.583795369E+02, 0.000000000E+00
       177, 3.130236873E-03,-1.031900756E-02, 6.000000238E-01, 3.131237171E-03,-1.032230560E-02, 5.950000000E-01, 1.418473309E-06, 5.589639034E+02, 0.000000000E+00
       178, 5.451858975E-03,-1.019971073E-02, 6.000000238E-01, 5.454587070E-03,-1.020481465E-02, 5.950000000E-01, 2.041701249E-06, 5.597011686E+02, 0.000000000E+00
       179, 8.002744988E-03,-9.751373902E-03, 6.000000238E-01, 8.008807663E-03,-9.758760374E-03, 5.950000000E-01, 2.988688376E-06, 5.606166342E+02, 0.000000000E+00
       180, 1.395570952E-02, 1.374517451E-03, 6.000000238E-01, 1.397111804E-02, 1.376035022E-03, 5.950000000E-01, 4.458764233E-06, 5.617330402E+02, 0.000000000E+00
       181, 1.084010769E-02,-8.896246552E-03, 6.000000238E-01, 1.085207600E-02,-8.906068609E-03, 5.950000000E-01, 4.458764233E-06, 5.617345524E+02, 0.000000000E+00
       182, 1.583678648E-02,-1.559787313E-03, 6.000000238E-01, 1.586124076E-02,-1.562195861E-03, 5.950000000E-01, 6.790405043E-06, 5.630742035E+02, 0.000000000E+00
       183, 1.836126857E-02, 1.808427158E-03, 6.000000238E-01, 1.839925787E-02, 1.812168729E-03, 5.950000000E-01, 1.056567819E-05, 5.646506925E+02, 0.000000000E+00
       184, 1.403437648E-02,-7.501530927E-03, 6.000000238E-01, 1.405604922E-02,-7.513114836E-03, 5.950000000E-01, 6.790405043E-06, 5.630749227E+02, 0.000000000E+00
       185, 1.426212862E-02,-1.170462649E-02, 6.000000238E-01, 1.429163681E-02,-1.172884321E-02, 5.950000000E-01, 1.056567819E-05, 5.646514404E+02, 0.000000000E+00
       186, 7.885203697E-03, 6.471219473E-03, 6.000000238E-01, 7.886767611E-03, 6.472502906E-03, 5.950000000E-01, 9.998379003E-07, 5.583844887E+02, 0.000000000E+00
       187, 9.510052390E-03, 5.083228927E-03, 6.000000238E-01, 9.513091325E-03, 5.084853250E-03, 5.950000000E-01, 1.418473309E-06, 5.589655855E+02, 0.000000000E+00
       188, 1.106733084E-02, 3.357238369E-03, 6.000000238E-01, 1.107286915E-02, 3.358918133E-03, 5.950000000E-01, 2.041701249E-06, 5.596998875E+02, 0.000000000E+00
       189, 1.255405694E-02, 1.236466691E-03, 6.000000238E-01, 1.256356784E-02, 1.237403428E-03, 5.950000000E-01, 2.988688376E-06, 5.606144244E+02, 0.000000000E+00
       190, 2.961090533E-03,-9.761407040E-03, 6.000000238E-01, 2.961677660E-03,-9.763342801E-03, 5.950000000E-01, 9.998379003E-07, 5.583809838E+02, 0.000000000E+00
       191, 5.083228927E-03,-9.510052390E-03, 6.000000238E-01, 5.084853250E-03,-9.513091325E-03, 5.950000000E-01, 1.418473309E-06, 5.589655855E+02, 0.000000000E+00
       192, 7.336968090E-03,-8.940121159E-03, 6.000000238E-01, 7.340639285E-03,-8.944594849E-03, 5.950000000E-01, 2.041701249E-06, 5.597020515E+02, 0.000000000E+00
       193, 9.751372971E-03,-8.002744988E-03, 6.000000238E-01, 9.758760374E-03,-8.008807663E-03, 5.950000000E-01, 2.988688376E-06, 5.606166342E+02, 0.000000000E+00
       194, 1.395570952E-02,-1.374517451E-03, 6.000000238E-01, 1.397111804E-02,-1.376035022E-03, 5.950000000E-01, 4.458764233E-06, 5.617330402E+02, 0.000000000E+00
       195, 1.236738916E-02,-6.610507611E-03, 6.000000238E-01, 1.238104419E-02,-6.617805996E-03, 5.950000000E-01, 4.458764233E-06, 5.617341123E+02, 0.000000000E+00
       196, 1.522818673E-02,-4.619420040E-03, 6.000000238E-01, 1.525170217E-02,-4.626553272E-03, 5.950000000E-01, 6.790405043E-06, 5.630745013E+02, 0.000000000E+00
       197, 1.836126857E-02,-1.808427041E-03, 6.000000238E-01, 1.839925787E-02,-1.812168729E-03, 5.950000000E-01, 1.056567819E-05, 5.646506925E+02, 0.000000000E+00
       198, 1.627154462E-02,-8.697321638E-03, 6.000000238E-01, 1.630521081E-02,-8.715316754E-03, 5.950000000E-01, 1.056567819E-05, 5.646512217E+02, 0.000000000E+00
       199, 8.996164426E-03, 4.808550235E-03, 6.000000238E-01, 8.997948259E-03, 4.809503545E-03, 5.950000000E-01, 9.998379003E-07, 5.583830780E+02, 0.000000000E+00
       200, 1.031900756E-02, 3.130236873E-03, 6.000000238E-01, 1.032230560E-02, 3.131237171E-03, 5.950000000E-01, 1.418473309E-06, 5.589639034E+02, 0.000000000E+00
       201, 1.150964014E-02, 1.133600599E-03, 6.000000238E-01, 1.151539949E-02, 1.134167856E-03, 5.950000000E-01, 2.041701249E-06, 5.596989905E+02, 0.000000000E+00
       202, 1.255405787E-02,-1.236466807E-03, 6.000000238E-01, 1.256356784E-02,-1.237403428E-03, 5.950000000E-01, 2.988688376E-06, 5.606144244E+02, 0.000000000E+00
       203, 4.808550235E-03,-8.996164426E-03, 6.000000238E-01, 4.809503545E-03,-8.997948259E-03, 5.950000000E-01, 9.998379003E-07, 5.583830780E+02, 0.000000000E+00
       204, 6.840875372E-03,-8.335630409E-03, 6.000000238E-01, 6.843061271E-03,-8.338294284E-03, 5.950000000E-01, 1.418473309E-06, 5.589667321E+02, 0.000000000E+00
       205, 8.940121159E-03,-7.336968090E-03, 6.000000238E-01, 8.944594849E-03,-7.340639285E-03, 5.950000000E-01, 2.041701249E-06, 5.597020515E+02, 0.000000000E+00
       206, 1.112526190E-02,-5.946576130E-03, 6.000000238E-01, 1.113368940E-02,-5.951080966E-03, 5.950000000E-01, 2.988688376E-06, 5.606159936E+02, 0.000000000E+00
       207, 1.341939904E-02,-4.070730414E-03, 6.000000238E-01, 1.343421580E-02,-4.075224811E-03, 5.950000000E-01, 4.458764233E-06, 5.617334837E+02, 0.000000000E+00
       208, 1.765565388E-02,-5.355784670E-03, 6.000000238E-01, 1.769218471E-02,-5.366865558E-03, 5.950000000E-01, 1.056567819E-05, 5.646509117E+02, 0.000000000E+00
       209, 9.761407040E-03, 2.961090533E-03, 6.000000238E-01, 9.763342801E-03, 2.961677660E-03, 5.950000000E-01, 9.998379003E-07, 5.583809838E+02, 0.000000000E+00
       210, 1.073140930E-02, 1.056951587E-03, 6.000000238E-01, 1.073483946E-02, 1.057289403E-03, 5.950000000E-01, 1.418473309E-06, 5.589627327E+02, 0.000000000E+00
       211, 1.150964014E-02,-1.133600599E-03, 6.000000238E-01, 1.151539949E-02,-1.134167856E-03, 5.950000000E-01, 2.041701249E-06, 5.596989905E+02, 0.000000000E+00
       212, 1.207161229E-02,-3.661883296E-03, 6.000000238E-01, 1.208075698E-02,-3.664657565E-03, 5.950000000E-01, 2.988688376E-06, 5.606150724E+02, 0.000000000E+00
       213, 6.471219473E-03,-7.885203697E-03, 6.000000238E-01, 6.472502906E-03,-7.886767611E-03, 5.950000000E-01, 9.998379003E-07, 5.583844887E+02, 0.000000000E+00
       214, 8.335630409E-03,-6.840874907E-03, 6.000000238E-01, 8.338294284E-03,-6.843061271E-03, 5.950000000E-01, 1.418473309E-06, 5.589667321E+02, 0.000000000E+00
       215, 1.019971073E-02,-5.451858975E-03, 6.000000238E-01, 1.020481465E-02,-5.454587070E-03, 5.950000000E-01, 2.041701249E-06, 5.597011686E+02, 0.000000000E+00
       216, 1.015152503E-02, 9.998378810E-04, 6.000000238E-01, 1.015353756E-02, 1.000036163E-03, 5.950000000E-01, 9.998379003E-07, 5.583795369E+02, 0.000000000E+00
       217, 1.073140930E-02,-1.056951587E-03, 6.000000238E-01, 1.073483946E-02,-1.057289403E-03, 5.950000000E-01, 1.418473309E-06, 5.589627327E+02, 0.000000000E+00
       218, 1.106733177E-02,-3.357238136E-03, 6.000000238E-01, 1.107286915E-02,-3.358918133E-03, 5.950000000E-01, 2.041701249E-06, 5.596998875E+02, 0.000000000E+00
       219, 7.885203697E-03,-6.471219938E-03, 6.000000238E-01, 7.886767611E-03,-6.472502906E-03, 5.950000000E-01, 9.998379003E-07, 5.583844887E+02, 0.000000000E+00
       220, 9.510052390E-03,-5.083228927E-03, 6.000000238E-01, 9.513091325E-03,-5.084853250E-03, 5.950000000E-01, 1.418473309E-06, 5.589655855E+02, 0.000000000E+00
       221, 1.015152410E-02,-9.998378810E-04, 6.000000238E-01, 1.015353756E-02,-1.000036163E-03, 5.950000000E-01, 9.998379003E-07, 5.583795369E+02, 0.000000000E+00
       222, 1.031900756E-02,-3.130236873E-03, 6.000000238E-01, 1.032230560E-02,-3.131237171E-03, 5.950000000E-01, 1.418473309E-06, 5.589639034E+02, 0.000000000E+00
       223, 8.996164426E-03,-4.808549769E-03, 6.000000238E-01, 8.997948259E-03,-4.809503545E-03, 5.950000000E-01, 9.998379003E-07, 5.583830780E+02, 0.000000000E+00
       224, 9.761407040E-03,-2.961090533E-03, 6.000000238E-01, 9.763342801E-03,-2.961677660E-03, 5.950000000E-01, 9.998379003E-07, 5.583809838E+02, 0.000000000E+00
