case,variable_value,dp_Pa,Tout_K,Tmax_K,LC1_maxdef_mm,LC2_maxvm_MPa,lambda1_S1,Pcr_kN
V01,21.15,379.93,376.56,587.47,2.0375,663.001,1.00307,604.14
P00,23.5,438.13,368.93,562.58,1.8443,605.161,1.10805,608.25
V03,25.85,499.69,362.69,542.1,1.6874,557.544,1.21087,611.53
Q01,7200,419.74,362.06,534.45,1.6284,538.526,1.25464,612.79
P00,8000,438.13,368.93,562.58,1.8443,605.161,1.10805,608.25
Q03,8800,456.64,375.79,591.13,2.068,673.024,0.98834,603.45
T01,8,438.11,368.93,561.97,1.8355,602.309,0.94497,385.73
P00,10,438.13,368.93,562.58,1.8443,605.161,1.10805,608.25
T03,12,438.14,368.93,563.07,1.8528,607.735,1.28702,907.89
