z_mm,w_bulk_m_s,w_centreline_max_m_s,p_static_area_avg_Pa,T_bulk_K,T_wall_inner_K,T_wall_outer_K
3.3333,23.3137,23.9003,438.1263,301.7333,423.2122,438.3317
10.0,23.7604,24.6467,406.0208,302.3888,432.6635,442.261
16.6667,23.7454,24.7838,402.1181,303.0503,438.9942,447.3111
23.3333,23.7926,24.9615,396.805,303.7595,444.2974,452.3797
30.0,23.8512,25.143,390.9558,304.4702,449.1844,457.2184
36.6667,23.906,25.3205,385.4407,305.1851,453.7864,461.7973
43.3333,23.9621,25.4925,379.999,305.9025,458.1352,466.126
50.0,24.0187,25.6614,374.6502,306.6226,462.2465,470.2185
56.6667,24.0752,25.8282,369.409,307.3451,466.1338,474.0884
63.3333,24.132,25.9902,364.2506,308.07,469.81,477.7466
70.0,24.189,26.1499,359.1708,308.7971,473.2875,481.2054
76.6667,24.2462,26.3076,354.1604,309.5265,476.5775,484.4771
83.3333,24.3035,26.4626,349.2107,310.2581,479.6907,487.5738
90.0,24.3609,26.6143,344.3163,310.9918,482.6393,490.5072
96.6667,24.4186,26.7648,339.4699,311.7276,485.4346,493.2883
103.3333,24.4764,26.914,334.6659,312.4654,488.0875,495.9278
110.0,24.5343,27.061,329.8997,313.2051,490.6078,498.4354
116.6667,24.5924,27.2069,325.1683,313.9465,493.0048,500.8203
123.3333,24.6506,27.3514,320.4682,314.6895,495.2871,503.0909
130.0,24.7089,27.4942,315.7952,315.434,497.4628,505.2553
136.6667,24.7674,27.6362,311.1469,316.18,499.5391,507.3206
143.3333,24.8259,27.7769,306.5221,316.9273,501.5228,509.2935
150.0,24.8845,27.9166,301.9188,317.6757,503.4199,511.1802
156.6667,24.9432,28.0553,297.3354,318.4253,505.2362,512.9863
163.3333,25.002,28.1931,292.7688,319.1759,506.9769,514.7171
170.0,25.0609,28.3299,288.2187,319.9275,508.6469,516.3773
176.6667,25.1198,28.4654,283.6848,320.68,510.2505,517.9714
183.3333,25.1788,28.5994,279.1652,321.4333,511.7918,519.5035
190.0,25.2379,28.7322,274.6593,322.1872,513.2747,520.9773
196.6667,25.297,28.8639,270.1627,322.9419,514.7025,522.3962
203.3333,25.3562,28.9944,265.6758,323.6972,516.0784,523.7635
210.0,25.4155,29.1237,261.1984,324.453,517.4055,525.0821
216.6667,25.4747,29.2521,256.7274,325.2093,518.6864,526.3548
223.3333,25.534,29.3793,252.2637,325.9662,519.9237,527.5841
230.0,25.5933,29.5056,247.8077,326.7235,521.1198,528.7723
236.6667,25.6527,29.6308,243.3583,327.4812,522.277,529.9218
243.3333,25.7121,29.755,238.9152,328.2393,523.3972,531.0345
250.0,25.7715,29.8783,234.4777,328.9978,524.4824,532.1124
256.6667,25.8309,30.0006,230.045,329.7566,525.5345,533.1574
263.3333,25.8904,30.122,225.6166,330.5157,526.5552,534.1711
270.0,25.9499,30.2425,221.1917,331.2751,527.546,535.1551
276.6667,26.0094,30.3621,216.7696,332.0349,528.5085,536.1111
283.3333,26.0689,30.4809,212.3504,332.7949,529.4442,537.0403
290.0,26.1285,30.5988,207.9331,333.5552,530.3544,537.9442
296.6667,26.188,30.716,203.5177,334.3157,531.2405,538.824
303.3333,26.2476,30.8323,199.1033,335.0765,532.1036,539.6811
310.0,26.3072,30.9478,194.6898,335.8376,532.9448,540.5164
316.6667,26.3669,31.0627,190.2765,336.5988,533.7654,541.3311
323.3333,26.4265,31.1767,185.8625,337.3603,534.5662,542.1262
330.0,26.4862,31.29,181.4483,338.1219,535.3484,542.9027
336.6667,26.5459,31.4027,177.0332,338.8838,536.1126,543.6614
343.3333,26.6055,31.5145,172.617,339.6458,536.8599,544.4033
350.0,26.6652,31.6257,168.1998,340.408,537.591,545.1291
356.6667,26.725,31.7361,163.7808,341.1703,538.3067,545.8394
363.3333,26.7847,31.8458,159.3598,341.9327,539.0077,546.5352
370.0,26.8444,31.9548,154.9367,342.6953,539.6945,547.2169
376.6667,26.9042,32.0631,150.5109,343.458,540.3679,547.8851
383.3333,26.9639,32.1707,146.082,344.2208,541.0284,548.5405
390.0,27.0237,32.2775,141.6501,344.9836,541.6764,549.1835
396.6667,27.0834,32.3835,137.2154,345.7466,542.3123,549.8144
403.3333,27.1432,32.4886,132.7775,346.5095,542.9366,550.4336
410.0,27.203,32.5929,128.3364,347.2726,543.5494,551.0415
416.6667,27.2627,32.6964,123.8921,348.0356,544.151,551.6382
423.3333,27.3225,32.7988,119.4443,348.7986,544.7416,552.2239
430.0,27.3823,32.9003,114.9933,349.5617,545.3213,552.7988
436.6667,27.4421,33.0008,110.5383,350.3247,545.8903,553.363
443.3333,27.5018,33.1002,106.0795,351.0878,546.4486,553.9166
450.0,27.5616,33.1985,101.6165,351.8508,546.9963,554.4596
456.6667,27.6214,33.2955,97.1493,352.6138,547.5335,554.9921
463.3333,27.6811,33.3912,92.6779,353.3767,548.06,555.514
470.0,27.7409,33.4856,88.202,354.1396,548.5758,556.0252
476.6667,27.8007,33.5785,83.7216,354.9025,549.0808,556.5256
483.3333,27.8604,33.6699,79.2362,355.6652,549.5748,557.0149
490.0,27.9201,33.7598,74.7459,356.4278,550.0574,557.4928
496.6667,27.9799,33.8482,70.2503,357.1903,550.5283,557.9589
503.3333,28.0396,33.935,65.7494,357.9526,550.987,558.4127
510.0,28.0993,34.0201,61.2426,358.7147,551.4328,558.8535
516.6667,28.159,34.1034,56.7305,359.4765,551.8649,559.2804
523.3333,28.2186,34.1851,52.2118,360.238,552.2824,559.6924
530.0,28.2783,34.2649,47.6883,360.9992,552.6838,560.0882
536.6667,28.3378,34.3425,43.1565,361.7598,553.0676,560.466
543.3333,28.3974,34.4184,38.6233,362.5201,553.4321,560.824
550.0,28.4567,34.4922,34.0764,363.2793,553.7747,561.1597
556.6667,28.5165,34.5645,29.5387,364.0386,554.093,561.4706
563.3333,28.5752,34.6343,24.9691,364.7953,554.3834,561.753
570.0,28.6358,34.7037,20.4433,365.5548,554.6427,562.0033
576.6667,28.6925,34.7689,15.8245,366.3024,554.8653,562.2167
583.3333,28.7568,34.8376,11.3643,367.0838,555.0477,562.3879
590.0,28.806,34.8933,6.6236,367.7279,555.1811,562.5104
596.6667,28.894,34.9874,2.528,368.9324,555.2666,562.5767
