case,group,parameter,value,units,Re_in,Re_out,Re_min,Mach_max,mdot_g_s,Q_W,qpp_bore,dp_Pa,dp_fric_Pa,dp_acc_Pa,h_exit,h_mean,T_out_K,Twi_max_K,Two_max_K,dTwall_exit_K,Tsm_K,u_tau_over_nu,A_mm2,I_mm4,r_g_mm,eps_th_mean,dL_mm,sig_LC2_MPa,N_LC2_kN,sig_LC1_bore_MPa,EI_over_L2,anch_dp_Pa,anch_T_out_K,anch_Q_W,anch_mdot_g_s,anch_T_interface_max_K,anch_T_fluid_max_K,anch_T_solid_max_K,anch_T_solid_mean_K,anch_T_solid_min_K,anch_yplus_max,anch_LC1_dL_mm,anch_LC1_vm_max_MPa,anch_LC2_mean_axial_MPa,anch_LC2_vm_max_MPa,anch_LC2_N_kN,anch_LC2_T_at_peak_K,anch_LC2_utilisation,anch_first_yield_factor,anch_lambda1_S1,anch_lambda1_S2,anch_lambda1_S3_hand,anch_Pcr_S1_kN,anch_area_change_pct,flags,valid
cand_V_0.700,velocity sweep,inlet velocity,16.45,m/s,20969.5883143483,16879.305060271534,16879.305060271534,0.05458500971340281,6.080530594317776,603.1857894892403,16000.0,267.5171778509275,148.91801398845922,104.2716769194986,57.48684163500671,53.30136163408903,398.24944486192345,676.5740065344205,683.0595941887825,6.48558765436206,653.4058353915342,59585.958184573625,942.477796076938,117809.72450961724,11.180339887498947,0.004981438739633952,2.988863243780371,-903.5437773864736,851.5699479702353,14.314060143915112,59357.150647930044,265.4582956302941,398.3601019866361,602.76,6.063540000000001,650.2851977407821,647.7328787538355,656.4321005196551,612.8115075224521,471.98528733172964,0.4279303089854277,2.630849201291633,21.306136110872828,-807.6774187512862,839.1849364895045,761.2180335658225,491.4354263039878,0.8097560417062213,1.2349398442189075,0.7753233354618264,3.008763686304895,1.5540795002926018,590.190104797946,0.8769456045921498,INVALID: near-wall air 650 K above the 600 K air-property table; NOTE: lambda_1(S1) < 1 - the ideal straight column would bifurcate below this load,False
cand_V_0.750,velocity sweep,inlet velocity,17.625,m/s,22467.416051087464,18313.199420564873,18313.199420564873,0.05800283124792902,6.514854208197617,603.1857894892403,16000.0,294.1547204342943,165.95765627983366,111.74969393931686,60.95720869659062,56.82409830405918,391.72413878005403,654.2033490673562,660.8284063298984,6.625057262542243,631.4658075374551,63287.626675100924,942.477796076938,117809.72450961724,11.180339887498947,0.004652662955535501,2.7915977733213007,-851.0553068635228,802.1007299523151,14.648094195120155,59859.74066072329,291.89082871383425,391.8274465338883,602.76,6.496650000000001,629.4762464099215,627.0755498207318,635.7462617995211,593.3916437261582,461.3081518215888,0.45451469546128487,2.4583257804643943,21.80333780550636,-760.2813259176819,789.9399208050103,716.548268449349,479.550793497306,0.7604937244829739,1.3149352424700884,0.8297349334461225,3.2199164178700492,1.6631436095976415,594.5451298327549,0.8193207725172513,INVALID: near-wall air 629 K above the 600 K air-property table; NOTE: lambda_1(S1) < 1 - the ideal straight column would bifurcate below this load,False
cand_V_0.800,velocity sweep,inlet velocity,18.8,m/s,23965.243787826632,19752.323473686556,19752.323473686556,0.06141686145037846,6.949177822077459,603.1857894892403,16000.0,321.7498308939065,183.80943574139732,119.22694281883443,64.39205184983324,60.31250825851718,386.0110523357502,634.4889240661356,641.2656164062088,6.776692340073177,612.2856328226352,66962.7750857536,942.477796076938,117809.72450961724,11.180339887498947,0.004367361055476347,2.620416633285808,-804.7321566671069,758.4421894478561,15.040209214346167,60299.109485567584,319.27355998061057,386.1079255115566,602.76,6.929760000000002,611.1380947051591,608.8710172728263,617.5433335598775,576.4146196754948,451.9741014776082,0.48090862186364763,2.302847050886608,22.386991631657033,-716.7573327678323,744.7180555166437,675.5278713090111,469.16113787928657,0.715526181212039,1.3975728998568397,0.8857552120351168,3.4373118865809844,1.7754322027224425,598.3523328869442,0.7674031698773343,INVALID: near-wall air 611 K above the 600 K air-property table; NOTE: lambda_1(S1) < 1 - the ideal straight column would bifurcate below this load,False
cand_V_0.850,velocity sweep,inlet velocity,19.975,m/s,25463.071524565792,21195.905226673018,21195.905226673018,0.06482769892672292,7.383501435957299,603.1857894892403,16000.0,350.2931472247506,202.4639974887186,126.70341643746956,67.7944883400047,63.7686522592174,380.9674200526914,616.9748063722889,623.892153249089,6.9173468768001625,595.3683706513649,70613.39670199493,942.477796076938,117809.72450961724,11.180339887498947,0.004117358695408216,2.4704152172449296,-763.5424059293923,719.6217639516165,15.403186931086603,60686.64076253925,347.5971994780506,381.0586126483445,602.76,7.36287,594.8466458181164,592.6982744418415,601.3775461462845,561.4405763717539,443.7412996842572,0.5071264034320488,2.1652645436173317,22.927275280065004,-677.2946901337349,703.7159741364279,638.3352068518551,459.9972730776047,0.6749427946952451,1.4816070456038086,0.9420367519780526,3.6557212209121333,1.8882444753185152,601.3352249359599,0.7214726415917028,MARGINAL: near-wall air 595 K within 10 K of the 600 K air table; NOTE: lambda_1(S1) < 1 - the ideal straight column would bifurcate below this load,True
cand_V_0.875,velocity sweep,inlet velocity,20.5625,m/s,26211.985392935378,21919.167042941677,21919.167042941677,0.06653207376479195,7.6006632428972205,603.1857894892403,16000.0,364.9176391434469,212.08958005555004,130.44136073950668,69.48435534768208,65.48519203431353,378.66092366898624,608.928584927972,615.9125266012668,6.983941673294841,587.6343932406189,72430.06055392312,942.477796076938,117809.72450961724,11.180339887498947,0.004002722121691673,2.401633273015004,-744.4506466692974,701.6282047609307,15.574807115098642,60863.80643578551,362.109137479129,378.7495184865212,602.76,7.5794250000000005,587.3621348832623,585.2682986671662,593.9526046212743,554.5949702987252,439.9775521905844,0.5201731941049484,2.1028562503404524,23.182727818560025,-659.2127370674162,684.9286435966874,621.2933675771445,455.80787631506604,0.6563961374962816,1.5234702687531658,0.9699943957235665,3.7642152380644047,1.9442835483531304,602.651084650052,0.7006417160116962,NOTE: lambda_1(S1) < 1 - the ideal straight column would bifurcate below this load,True
cand_V_0.900,velocity sweep,inlet velocity,21.15,m/s,26960.899261304963,22643.31750948996,22643.31750948996,0.06823582216129193,7.8178250498371415,603.1857894892403,16000.0,379.7759651326019,221.91264288827156,134.17910913452323,71.16702174801611,67.19431815109516,376.48208386395567,601.3053180952603,608.3535477707647,7.048229675504467,580.3288157160986,74241.2252877854,942.477796076938,117809.72450961724,11.180339887498947,0.0038898943203432667,2.33393659220596,-725.4554994905319,683.7257003117307,15.740343832826808,61031.1585615864,376.8531099024562,376.56822468138535,602.76,7.795980000000001,580.2710518993308,578.228884168956,586.9190705623109,548.1285555146129,436.4222859107086,0.5331804915924604,2.0441870234605886,23.429125263016953,-642.1425437826558,667.1925416146827,605.2050894315162,451.85053829812597,0.6389142650297368,1.5651552246269806,0.997833737536118,3.8722501660294473,2.000085493726998,603.8940563633304,0.6810607976937444,NOTE: lambda_1(S1) < 1 - the ideal straight column would bifurcate below this load,True
cand_V_1.000,velocity sweep,inlet velocity,23.5,m/s,29956.55473478329,25547.662796803845,25547.662796803845,0.0750454040096926,8.686472277596822,603.1857894892403,16000.0,441.5281159457997,263.1602118425078,149.12813483192514,77.83028933469372,73.96035901181513,368.85245234142315,574.4279440525436,581.7125934457423,7.2846493931986895,554.7411007837161,81434.4089515116,942.477796076938,117809.72450961724,11.180339887498947,0.003499303896779092,2.099582338067455,-658.2349286634675,620.3718048676054,16.313329014976805,61557.06478891713,438.13,368.93,602.76,8.6622,555.27,553.41,562.13,525.48,423.97,0.58484,1.84086,24.282,-582.44,605.161,548.9367675470519,437.99,0.5779775594251179,1.7301709792931137,1.1080466618007407,4.299948687564783,2.220999322104067,608.2475528202,0.6132149151520938,OK,True
cand_V_1.100,velocity sweep,inlet velocity,25.85,m/s,32952.21020826162,28462.195872758646,28462.195872758646,0.08184794684939976,9.555119505356506,603.1857894892403,16000.0,506.94710564767195,307.49299014072096,164.07399468859722,84.39483618808603,80.62142365996353,362.60574800374934,552.1908070272646,559.6622323332294,7.4714253059648605,533.7712007594748,88552.53218555382,942.477796076938,117809.72450961724,11.180339887498947,0.003184525129813964,1.9107150778883784,-603.0303658210124,568.3427301464575,16.710640144357175,61968.80781305881,503.04550803437337,362.67626007711846,602.76,9.528420000000002,534.5852479859846,532.8759654175121,541.6124182769939,506.9188292940588,413.7649781248203,0.6359604446105331,1.6767345474465896,24.873388111816848,-533.623270537269,554.4399286134267,502.92808395133295,426.63087304544604,0.5283883611182624,1.8925473639949895,1.2165066801711413,4.7208447831201195,2.438399577508991,611.8153737724691,0.5584664381629301,OK,True
cand_V_1.125,velocity sweep,inlet velocity,26.4375,m/s,33701.124076631204,29192.143585429207,29192.143585429207,0.08354768414543641,9.772281312296426,603.1857894892403,16000.0,523.8685092605524,319.0519635836329,167.80996269284594,86.02174199653376,82.27136619578827,361.21706771274694,547.2165560821163,554.730788829469,7.514232747352697,529.1053544375421,90321.32712491565,942.477796076938,117809.72450961724,11.180339887498947,0.0031151382009471443,1.8690829205682866,-590.7631530534433,556.7811544932721,16.800396168832563,62060.42149135732,519.8366800960442,361.28601573281924,602.76,9.744975000000002,529.9582518426002,528.2826834310076,537.0237725589257,502.7889302497636,411.49433955589495,0.6486634536414247,1.6405234559323734,25.006987807152516,-522.7764747702449,543.1699990530117,492.7052197823314,424.1034436986202,0.5173987249179058,1.932745389271431,1.243358496622797,4.825047464189874,2.4922220997838833,612.6092213467645,0.5463892569957052,OK,True
cand_V_1.250,velocity sweep,inlet velocity,29.375,m/s,37445.69341847911,32848.37652165027,32848.37652165027,0.09204197517582265,10.858090346996029,603.1857894892403,16000.0,611.837405806603,379.66345525428386,186.48681106580855,94.0773167603098,90.43533999370749,355.1046088173619,525.1774866478554,532.8874384162922,7.709951768436745,508.54091370624053,99106.40369171559,942.477796076938,117809.72450961724,11.180339887498947,0.002812147634740162,1.6872885808440972,-536.7730250486335,505.89665764138715,17.209503973141253,62464.203340898835,607.1285449893151,355.1666724511943,602.76,10.827750000000002,509.4577402277677,507.93154679797317,516.6988116696325,484.58664533449684,401.4866348328791,0.7117555082836646,1.4822576085779764,25.615934987406373,-475.04050140487357,493.57184408810286,447.7151248113488,412.9639488633459,0.46915816217322653,2.131477358014655,1.3761162472961637,5.3402347170843285,2.7583254006777507,616.1080574131269,0.49361269078869174,OK,True
cand_V_1.500,velocity sweep,inlet velocity,35.25,m/s,44934.83210217493,40212.43715142502,40212.43715142502,0.10901413516186133,13.029708416395234,603.1857894892403,16000.0,804.3213556391349,514.703933745759,223.82794103280082,109.81424294649327,106.37680187725485,345.929488489908,491.6300786018055,499.6583291912005,8.028250589394968,477.5390096496321,116417.20250012484,942.477796076938,117809.72450961724,11.180339887498947,0.0023640959496777315,1.4184575698066388,-455.64795589165465,429.43808125572855,17.870719506661796,63072.92430359593,798.1310879632252,345.9812183001167,602.76,12.993300000000001,478.2522925410135,476.9534745673923,485.77954641906825,457.1458071455346,386.3995286137659,0.8360770046321948,1.2493254052649525,26.60013849180487,-403.8171955764663,419.57011519169333,380.5887405048778,396.1706134824034,0.3975476162211973,2.5154219499673607,1.6326881445350312,6.335902165786655,3.27260519545859,621.3827245658334,0.4159624992747135,OK,True
cand_Q_6000,heat-flux sweep,outer heat flux,6000,W/m2,29956.55473478329,26468.207042002512,26468.207042002512,0.07327606964637708,8.686472277596822,452.3893421169302,12000.0,395.9230008831138,254.78214417153325,111.90108744021376,80.56662594438123,77.7472268367975,351.6647264355199,500.60977482667477,506.5651522471656,5.955377420490831,483.31313294962,81434.4089515116,942.477796076938,117809.72450961724,11.180339887498947,0.0024467458825280794,1.4680475295168476,-470.7299591060352,443.6525344056432,13.26557625918675,62959.549657719916,392.87587383951023,351.72291577271625,452.06999999999994,8.6622,486.6051119422458,485.2454319633506,492.20625779009833,462.2566797831883,389.20951123257873,0.58484,1.2922738683939532,19.74549292972932,-417.03896452965665,433.3076657058778,393.0499641681191,399.2983823101036,0.41080760051387205,2.4342295486965613,1.578426081135214,6.125329726606691,3.163840817403333,620.4003146322206,0.4302775261326719,OK,True
cand_Q_7000,heat-flux sweep,outer heat flux,7000,W/m2,29956.55473478329,25999.59388599553,25999.59388599553,0.07416638897200184,8.686472277596822,527.7875658030853,14000.0,418.7202219688055,258.9579359471909,130.5225167502479,79.137274207547,75.79486744491388,360.26223941013956,537.1700257875355,543.821954818684,6.651929031148561,518.4007487386814,81434.4089515116,942.477796076938,117809.72450961724,11.180339887498947,0.0029568442902127828,1.7741065741276696,-562.6429829289176,530.2785185290006,14.860936599791156,62270.60593275181,415.49764154478635,360.330112019,527.415,8.6622,520.6130745606299,519.0055988733859,526.8732406843262,493.3139201883585,406.28493296855953,0.58484,1.5578687761179728,22.120148633356177,-497.9132728509397,517.3368829609014,469.2722040340087,418.30489554191763,0.49224750937187994,2.0314983437417995,1.3093264394998354,5.081046402839697,2.624450065862851,614.430504064089,0.5188248531523998,OK,True
cand_Q_7200,heat-flux sweep,outer heat flux,7200,W/m2,29956.55473478329,25907.90203399554,25907.90203399554,0.07434308335931118,8.686472277596822,542.8672105403163,14400.0,423.28086596543136,259.7961926467026,134.244904047362,78.86653941813418,75.41879514152136,361.98086543774815,544.5678041602894,551.3513094976022,6.783505337312874,525.5691225489218,81434.4089515116,942.477796076938,117809.72450961724,11.180339887498947,0.0030627081430918022,1.8376248858550812,-581.4700032076593,548.0225671080049,15.16329382171558,62129.855242124075,420.02318563151215,362.05067371367466,542.484,8.6622,527.494410540217,525.8367946683762,533.8792098454633,499.65889130515257,409.77342892983756,0.58484,1.6131536537817555,22.570200125361797,-514.5595549528051,534.6325369734126,484.9609553022499,422.1879120595973,0.5090805532583008,1.9643256722332763,1.2644541163581378,4.906912321981085,2.534506742431886,613.2108762049047,0.5372613180754771,OK,True
cand_Q_7500,heat-flux sweep,outer heat flux,7500,W/m2,29956.55473478329,25771.599288487763,25771.599288487763,0.07460728431431952,8.686472277596822,565.4866776461628,15000.0,430.1226842376303,261.05561530603603,139.82729966022754,78.46935880590937,74.86338398392786,364.5582572110644,555.7156749376466,562.6919734263922,6.976298488745615,536.4154026848319,81434.4089515116,942.477796076938,117809.72450961724,11.180339887498947,0.0032239530586416756,1.9343718351850052,-609.9850590083258,574.897374054028,15.60686197857853,61916.889029663136,426.81234747951214,364.63096837120867,565.0875,8.6622,537.8640432070388,536.1308700164362,544.4315539891634,509.2593022224369,415.0517815172765,0.58484,1.69730552870456,23.23044071605042,-539.7728140313093,560.829365963878,508.7238921504753,428.06320344897136,0.5346235321907907,1.8704750909526568,1.2017628784838303,4.663629150511256,2.4088466943302835,611.3654889842529,0.5653276277825858,OK,True
cand_Q_8000,heat-flux sweep,outer heat flux,8000,W/m2,29956.55473478329,25547.662796803845,25547.662796803845,0.0750454040096926,8.686472277596822,603.1857894892403,16000.0,441.5281159457997,263.1602118425078,149.12813483192514,77.83028933469372,73.96035901181513,368.85245234142315,574.4279440525436,581.7125934457423,7.2846493931986895,554.7411007837161,81434.4089515116,942.477796076938,117809.72450961724,11.180339887498947,0.003499303896779092,2.099582338067455,-658.2349286634675,620.3718048676054,16.313329014976805,61557.06478891713,438.13,368.93,602.76,8.6622,555.27,553.41,562.13,525.48,423.97,0.58484,1.84086,24.282,-582.44,605.161,548.9367675470519,437.99,0.5779775594251179,1.7301709792931137,1.1080466618007407,4.299948687564783,2.220999322104067,608.2475528202,0.6132149151520938,OK,True
cand_Q_8500,heat-flux sweep,outer heat flux,8500,W/m2,29956.55473478329,25327.67695923793,25327.67695923793,0.07548079663022696,8.686472277596822,640.8849013323178,17000.0,452.93670729195276,265.2719106305109,158.42502739007512,77.21846422791943,73.08480547740872,373.14482716730555,593.2994258112399,600.8612712497699,7.561845438529998,573.3733231992603,81434.4089515116,942.477796076938,117809.72450961724,11.180339887498947,0.0037830139481892715,2.2698083689135626,-707.3644698769508,666.6753065927603,16.911499620617867,61190.49113382701,449.4507878410707,373.22720927412877,640.4325,8.6622,572.8240547270946,570.8361488165199,579.9476021574857,541.9720128606332,433.037388834188,0.58484,1.988583965115161,25.17236263737717,-625.9000315594474,650.3164085546093,589.8968823086338,448.08283685754293,0.6223043534654743,1.6069307476819386,1.025734298186593,3.9805226632872435,2.0560101478298507,605.0774645773057,0.6625049737166933,OK,True
cand_Q_8800,heat-flux sweep,outer heat flux,8800,W/m2,29956.55473478329,25197.538487147896,25197.538487147896,0.07574074287506609,8.686472277596822,663.5043684381643,17600.0,459.78343510457296,266.54239338716076,164.00127244604548,76.86381979375257,72.57225725551055,375.719379228813,604.6957695152279,612.4172107313399,7.72144121611199,584.6978248304634,81434.4089515116,942.477796076938,117809.72450961724,11.180339887498947,0.003957299638402424,2.3743797830414546,-736.8161581694384,694.4328688654089,17.231876793175502,60931.0757193363,456.2448214443837,375.804661021522,663.036,8.6622,583.4248143084876,581.3596669953927,590.7002574763447,551.995713865096,438.54846836906137,0.58484,2.079240472647719,25.649236394836635,-652.3499408619041,677.798129527386,614.8253345344482,454.21717472168086,0.6493646806914398,1.539966723991218,0.9810114821615937,3.8069687682207927,1.966366500591491,603.1507127021367,0.6927596955633275,NOTE: lambda_1(S1) < 1 - the ideal straight column would bifurcate below this load,True
cand_Q_9000,heat-flux sweep,outer heat flux,9000,W/m2,29956.55473478329,25111.53809185165,25111.53809185165,0.07591350932100532,8.686472277596822,678.5840131753953,18000.0,464.34858931593385,267.3908379144,167.71798213016714,76.63238702405813,72.23575867473777,377.4353839027889,612.3230169129391,620.1481702099294,7.8251532969903055,592.3074958629466,81434.4089515116,942.477796076938,117809.72450961724,11.180339887498947,0.0040722893916236855,2.4433736349742112,-756.0570755315366,712.5670062553377,17.438358160880977,60756.75758779132,460.77484103405146,377.522598410166,678.1049999999999,8.6622,590.519599972301,588.402757194268,597.8938173500285,558.7312921409435,442.2517220450274,0.58484,2.140528493240257,25.956578971328614,-670.1371144910701,696.2791812762351,631.5893507349024,458.3392363071173,0.667597744988126,1.4979079955067647,0.9529229740617918,3.6979669114369713,1.910065119431973,601.8560024880593,0.7132158718368808,MARGINAL: near-wall air 591 K within 10 K of the 600 K air table; NOTE: lambda_1(S1) < 1 - the ideal straight column would bifurcate below this load,True
cand_Q_9500,heat-flux sweep,outer heat flux,9500,W/m2,29956.55473478329,24899.14610432752,24899.14610432752,0.07634358787876733,8.686472277596822,716.2831250184728,19000.0,475.7638509911593,269.517077740253,177.00700397953958,76.070658626573,71.41228036204308,381.7241248228251,631.4919110236646,639.5673314552882,8.075420431623723,611.5410040356343,81434.4089515116,942.477796076938,117809.72450961724,11.180339887498947,0.004356324649193687,2.613794789516212,-802.9256519960784,756.7395989069025,17.930639577401344,60316.16702961785,472.1022478675961,381.8161696856257,715.7774999999999,8.6622,608.3503045550237,606.1035400841797,615.9631009237013,575.7555234465141,451.6117271672182,0.58484,2.296760305628316,26.68932808372458,-715.0394305075014,742.9331378431255,673.9087865728187,468.75778197793363,0.7137559072416316,1.4010391926065904,0.8881025907858081,3.446421257626649,1.7801373535015028,598.5001393086405,0.765370950189026,INVALID: near-wall air 608 K above the 600 K air-property table; NOTE: lambda_1(S1) < 1 - the ideal straight column would bifurcate below this load,False
cand_Q_10000,heat-flux sweep,outer heat flux,10000,W/m2,29956.55473478329,24690.404342108202,24690.404342108202,0.07677107681297304,8.686472277596822,753.9822368615504,20000.0,487.1825507120088,271.65068328621345,186.29209815442857,75.53197016216576,70.61346105284416,386.01105233575015,650.7995909778568,659.1130297194256,8.313438741568792,631.0745761030943,81434.4089515116,942.477796076938,117809.72450961724,11.180339887498947,0.004646823722914364,2.7880942337486188,-850.114465578693,801.2140079317305,18.39027817409216,59868.702773848585,483.4330662866657,386.1079255115565,753.45,8.6622,626.3101062761014,623.9324794587176,634.1501255906164,593.0453514963284,461.1177586703913,0.58484,2.45526041504634,27.37348913966845,-759.4324891529071,789.0579708953065,715.748258646055,479.33886842725894,0.7596136545076596,1.3164586945822423,0.8307708483150915,3.22393644783342,1.6652200259626335,594.6227880154327,0.8182970536216194,INVALID: near-wall air 626 K above the 600 K air-property table; NOTE: lambda_1(S1) < 1 - the ideal straight column would bifurcate below this load,False
cand_Q_12000,heat-flux sweep,outer heat flux,12000,W/m2,29956.55473478329,23898.557555984018,23898.557555984018,0.07845596562809862,8.686472277596822,904.7786842338604,24000.0,532.8913720808416,280.2587043184649,223.39289849101,73.60397723999567,67.64794931337578,403.140489982658,729.2098261782322,738.9382076597753,9.72838148154309,712.3358323453393,81434.4089515116,942.477796076938,117809.72450961724,11.180339887498947,0.005891434644940992,3.534860786964595,-1060.4582360893785,999.4583411811549,21.83285325726232,58904.86225480862,528.7901006024263,403.25665583050557,904.1399999999999,8.6622,699.2464860194393,696.3374153726882,708.4264425900335,664.9724492482459,500.6636266334267,0.58484,3.1002660644487383,32.497679799514394,-932.9253704105936,969.3188140976667,879.2614470088372,523.357052828479,0.9411240646384207,1.0625591646986514,0.6579302341927236,2.5532013628636707,1.3187735268829202,578.4926897471572,1.0338196436399105,INVALID: near-wall air 699 K above the 600 K air-property table; INVALID: solid 708 K above the 673 K Inconel E/k/S_y tables; FLAG: thermal expansion outside the small-strain / one-way-coupling basis; NOTE: lambda_1(S1) < 1 - the ideal straight column would bifurcate below this load,False
cand_T_6,thickness,wall thickness,6,mm,29956.55473478329,25547.662796803845,25547.662796803845,0.0750454040096926,8.686472277596822,603.1857894892403,16000.0,441.5281159457997,263.1602118425078,149.12813483192514,77.83028933469372,73.96035901181513,368.85245234142315,574.4279440525436,579.3674601446675,4.939516092123856,553.5365622250847,81434.4089515116,490.08845396000766,43617.8724024407,9.433981132056607,0.003481092814750583,2.08865568885035,-655.0609281970079,321.03779754967917,10.432782627019472,22799.644235641048,438.13,368.93,602.76,8.6622,555.27,553.41,559.9478831670542,524.4138220123701,423.3838101599855,0.58484,1.8313712798787618,15.528947372833148,-579.6330440097026,602.2445445813399,284.0714624028482,437.3375168506606,0.5751204292739396,1.7387662637240158,0.7930168315842613,3.077426070347868,1.5895448324381947,225.2734510582143,0.6100492905046329,NOTE: lambda_1(S1) < 1 - the ideal straight column would bifurcate below this load,True
cand_T_8,thickness,wall thickness,8,mm,29956.55473478329,25547.662796803845,25547.662796803845,0.0750454040096926,8.686472277596822,603.1857894892403,16000.0,441.5281159457997,263.1602118425078,149.12813483192514,77.83028933469372,73.96035901181513,368.85245234142315,574.4279440525436,580.6053042033135,6.177360150769885,554.1723601550057,81434.4089515116,703.7167544041139,74593.9759668361,10.295630140987,0.003490703294984748,2.0944219769908488,-656.7362347584251,462.1562916237771,13.467233035641788,38983.36267341288,438.13,368.93,602.76,8.6622,555.27,553.41,561.0996813849617,524.9765883535595,423.6932218298331,0.58484,1.8363788323904089,20.045654217556336,-581.1146126231082,603.7839092260365,408.9400891319376,437.6819204670377,0.5766283931578262,1.734219146795109,0.9419164570519933,3.6552543976029166,1.8880033528473767,385.18739990168103,0.6117199028280007,NOTE: lambda_1(S1) < 1 - the ideal straight column would bifurcate below this load,True
cand_T_10,thickness,wall thickness,10,mm,29956.55473478329,25547.662796803845,25547.662796803845,0.0750454040096926,8.686472277596822,603.1857894892403,16000.0,441.5281159457997,263.1602118425078,149.12813483192514,77.83028933469372,73.96035901181513,368.85245234142315,574.4279440525436,581.7125934457423,7.2846493931986895,554.7411007837161,81434.4089515116,942.477796076938,117809.72450961724,11.180339887498947,0.003499303896779092,2.099582338067455,-658.2349286634675,620.3718048676054,16.313329014976805,61557.06478891713,438.13,368.93,602.76,8.6622,555.27,553.41,562.13,525.48,423.97,0.58484,1.84086,24.282,-582.44,605.161,548.9367675470519,437.99,0.5779775594251179,1.7301709792931137,1.1080466618007407,4.299948687564783,2.220999322104067,608.2475528202,0.6132149151520938,OK,True
cand_T_12,thickness,wall thickness,12,mm,29956.55473478329,25547.662796803845,25547.662796803845,0.0750454040096926,8.686472277596822,603.1857894892402,15999.999999999996,441.5281159457997,263.1602118425078,149.12813483192514,77.83028933469372,73.96035901181513,368.85245234142315,574.4279440525436,582.7142584065899,8.286314354046333,555.2555892640162,81434.4089515116,1206.3715789784803,176130.25053085812,12.083045973594572,0.003507087125332662,2.104252275199597,-659.5907278876628,795.7115078814048,18.98961226913109,92015.17131120089,438.13,368.93,602.7599999999999,8.6622,555.27,553.41,563.0620365588752,525.9353912273331,424.22037631032674,0.58484,1.8449151403495612,28.265583603181973,-583.6390228453179,606.4067967586282,704.0855295433635,438.2686918372347,0.5791982292063206,1.7265246155367344,1.2913538408431329,5.011300917680774,2.5884252928915457,909.2235528578935,0.6145678053421921,OK,True
cand_T_14,thickness,wall thickness,14,mm,29956.55473478329,25547.662796803845,25547.662796803845,0.0750454040096926,8.686472277596822,603.1857894892403,16000.0,441.5281159457997,263.1602118425078,149.12813483192514,77.83028933469372,73.96035901181513,368.85245234142315,574.4279440525436,583.6287068705898,9.200762818046213,555.7252804471418,81434.4089515116,1495.3981031087417,252722.27942537732,13.0,0.003514195176053645,2.108517105632187,-660.828529845836,988.2017300116017,21.51275364056808,132009.1198421398,438.13,368.93,602.76,8.6622,555.27,553.41,563.9129192721269,526.3511308454997,424.4489519731976,0.58484,1.848618380516879,32.02121917731804,-584.7336979655998,607.544175184672,874.4096627615179,438.52311755087146,0.5803127795236667,1.7232086476207222,1.4917918682989617,5.789132089245422,2.9901888092219866,1304.43722446967,0.6158033013014652,OK,True
cand_Tq_8,thickness (const q''),wall thickness,8,mm,29956.55473478329,25907.90203399554,25907.90203399554,0.07434308335931118,8.686472277596822,542.8672105403163,14400.0,423.28086596543136,259.7961926467026,134.244904047362,78.86653941813418,75.41879514152136,361.98086543774815,544.5678041602894,550.3201957019297,5.752391541640312,525.0396987955127,81434.4089515116,703.7167544041139,74593.9759668361,10.295630140987,0.0030548703573906356,1.8329222144343813,-580.0790008141322,408.21131175090244,12.517448347425582,39345.54951362954,420.02318563151215,362.05067371367466,542.484,8.6622,527.494410540217,525.8367946683762,532.9197715187856,499.1902803603485,409.5157843545876,0.58484,1.6090615361150786,18.63192242939141,-513.3296552207325,533.3546588198504,361.23867891131675,421.90112997571623,0.507836013890334,1.9691395896470387,1.0749840231633891,4.171643937848679,2.1547276563592406,388.325808378315,0.5358966160082801,OK,True
cand_Tq_12,thickness (const q''),wall thickness,12,mm,29956.55473478329,25197.538487147896,25197.538487147896,0.07574074287506609,8.686472277596822,663.5043684381642,17599.999999999996,459.78343510457296,266.54239338716076,164.00127244604548,76.86381979375257,72.57225725551055,375.719379228813,604.6957695152278,613.4789361069832,8.78316659175537,585.2444111048792,81434.4089515116,1206.3715789784803,176130.25053085812,12.083045973594572,0.003965747047729619,2.379448228637772,-738.2372616661146,890.5884510169001,20.05675490579834,91075.67620337689,456.2448214443837,375.804661021522,663.036,8.6622,583.4248143084876,581.3596669953924,591.6881794904559,552.4795159401286,438.81446510155115,0.58484,2.0836327452008803,29.853999890241763,-653.6271970816715,679.1252115464964,788.5172738066944,454.51325352394156,0.6506730057472223,1.5368702730361716,1.1434060335284115,4.437166269905964,2.2918746230679763,901.5954084119489,0.6942256405371827,OK,True
corner_Vlow_Qhigh,factorial corner (not proposed),V 0.9x & q 8800,0,-,26960.899261304963,22304.460477223452,22304.460477223452,0.06892325877760677,7.8178250498371415,663.5043684381643,17600.0,396.3017623253881,225.06319108771643,147.55435812786453,70.27480438731723,65.87567699662318,384.1059749585405,634.5513536891197,642.0051750121538,7.453821323034148,613.5510587864115,74241.2252877854,942.477796076938,117809.72450961724,11.180339887498947,0.004386123207868851,2.6316739247213103,-807.8007583618866,761.33427841019,16.54176379302943,60270.12180808818,393.2517202345879,384.2007024694506,663.036,7.795980000000001,611.1961660867532,608.9286655229527,618.2314834753824,577.5346911733194,452.58992223149016,0.5331804915924604,2.3131974287230284,24.622019702635885,-719.6766300099509,747.7512346223676,678.2792441398566,469.8466029581619,0.7185351089151136,1.3917204428741952,0.8817919095511592,3.421931670294227,1.767488049796737,598.101149899001,0.7708589622787976,INVALID: near-wall air 611 K above the 600 K air-property table; NOTE: lambda_1(S1) < 1 - the ideal straight column would bifurcate below this load,False
corner_Vhigh_Qlow,factorial corner (not proposed),V 1.1x & q 7200,0,-,32952.21020826162,28831.52453086409,28831.52453086409,0.08113943675827107,9.555119505356506,542.8672105403163,14400.0,486.9728943162132,303.8999397231939,147.6928337746655,85.49844578098354,82.1388364370699,356.3551850541916,524.7792992993207,531.7215228311477,6.942223531827028,507.16953594124925,88552.53218555382,942.477796076938,117809.72450961724,11.180339887498947,0.0027921061253313867,1.675263675198832,-533.177312908008,502.50777878776336,15.494897270510977,62491.130280347534,483.2250234613676,356.4186571964466,542.484,9.528420000000002,509.0873505256133,507.5638559043196,515.6139419852648,483.3727922990074,400.8192525337411,0.6359604446105331,1.4717806086255287,23.063783926452153,-471.86141697253703,490.26874348691274,444.71890832201774,412.22109104727707,0.4659526406568655,2.1461408579856402,1.3859122520627636,5.378249648487185,2.7779607830998123,616.3413837674613,0.49011943745573827,OK,True
corner_Vlow_Qlow,factorial corner (not proposed),V 0.9x & q 7200,0,-,26960.899261304963,22992.896517123463,22992.896517123463,0.06754086360872336,7.8178250498371415,542.8672105403163,14400.0,363.2593425581204,218.78134023445386,120.79378921385941,72.1289480561799,68.58557579851427,368.85245234142315,568.4949036465787,575.0959284433192,6.601024796740439,548.0045535542865,74241.2252877854,942.477796076938,117809.72450961724,11.180339887498947,0.003397659059149162,2.0385954354894973,-640.4883832956509,603.6460799013663,14.780140966018326,61689.33658445798,360.46360357836534,368.93,542.484,7.795980000000001,549.7511479397277,547.9313605179082,555.9732770226184,519.5172532558795,420.6916528567118,0.5331804915924604,1.7878887303243514,21.99988626523556,-566.7460679848393,588.8548472765834,534.1455850896218,434.3408984246,0.5620121251407163,1.7793210417828984,1.140875683842174,4.427346851475757,2.2868027202938768,609.3937096604005,0.595543289234346,OK,True
corner_Vhigh_Qhigh,factorial corner (not proposed),V 1.1x & q 8800,0,-,32952.21020826162,28102.429076484226,28102.429076484226,0.08254994441066187,9.555119505356506,663.5043684381643,17600.0,526.9281607808972,311.1029968159139,180.44504314662944,83.36062736926829,79.17198890764422,368.85245234142315,579.9833009857603,587.9412419507325,7.957940964972342,561.0668299283564,88552.53218555382,942.477796076938,117809.72450961724,11.180339887498947,0.0035952004815012623,2.1571202889007575,-674.9089751723142,636.0867234729476,17.82228008566802,61432.85938760838,522.872783737456,368.93,663.036,9.528420000000002,560.4375348486767,558.5398821091517,567.9256785411781,531.079117704781,427.04842212995254,0.6359604446105331,1.8908130857034413,26.528037572397736,-597.1863752730022,620.482631767367,562.8348988144744,441.4165666670335,0.5929990888049487,1.6863432320195748,1.0787733558992467,4.186349037269147,2.1623230995185465,607.1712926113036,0.6298810734379323,OK,True
