cellnumber,    x-coordinate,    y-coordinate,    z-coordinate,face-area-magnitude,radial-coordinate,     temperature,       heat-flux
         1, 1.003152505E-02,-1.995394472E-03, 6.000000238E-01, 6.689467351E-07, 1.023008213E-02, 5.555301671E+02, 0.000000000E+00
         2, 9.685252793E-03,-3.287700238E-03, 6.000000238E-01, 6.689467351E-07, 1.023008213E-02, 5.555306044E+02, 0.000000000E+00
         3, 1.020615548E-02,-6.689467118E-04, 6.000000238E-01, 6.689467351E-07, 1.023008213E-02, 5.555298739E+02, 0.000000000E+00
         4, 1.055681333E-02,-2.099880716E-03, 6.000000238E-01, 8.073982343E-07, 1.076616810E-02, 5.560666015E+02, 0.000000000E+00
         5, 9.173262864E-03,-4.523752723E-03, 6.000000238E-01, 6.689467351E-07, 1.023008213E-02, 5.555309603E+02, 0.000000000E+00
         6, 1.019240823E-02,-3.459856613E-03, 6.000000238E-01, 8.073982343E-07, 1.076616810E-02, 5.560669377E+02, 0.000000000E+00
         7, 1.020615548E-02, 6.689467700E-04, 6.000000238E-01, 6.689467351E-07, 1.023008213E-02, 5.555298739E+02, 0.000000000E+00
         8, 1.074058749E-02,-7.039752672E-04, 6.000000238E-01, 8.073982343E-07, 1.076616810E-02, 5.560663774E+02, 0.000000000E+00
         9, 1.115927286E-02,-2.219717251E-03, 6.000000238E-01, 9.788614787E-07, 1.138105008E-02, 5.566502569E+02, 0.000000000E+00
        10, 8.504316211E-03,-5.682402290E-03, 6.000000238E-01, 6.689467351E-07, 1.023008213E-02, 5.555310788E+02, 0.000000000E+00
        11, 9.653609246E-03,-4.760633223E-03, 6.000000238E-01, 8.073982343E-07, 1.076616810E-02, 5.560672205E+02, 0.000000000E+00
        12, 1.077407226E-02,-3.657304682E-03, 6.000000238E-01, 9.788614787E-07, 1.138105008E-02, 5.566505118E+02, 0.000000000E+00
        13, 1.003152505E-02, 1.995394239E-03, 6.000000238E-01, 6.689467351E-07, 1.023008213E-02, 5.555301671E+02, 0.000000000E+00
        14, 1.074058656E-02, 7.039752672E-04, 6.000000238E-01, 8.073982343E-07, 1.076616810E-02, 5.560663774E+02, 0.000000000E+00
        15, 1.135353465E-02,-7.441499620E-04, 6.000000238E-01, 9.788614787E-07, 1.138105008E-02, 5.566500885E+02, 0.000000000E+00
        16, 1.185024064E-02,-2.357159508E-03, 6.000000238E-01, 1.192183004E-06, 1.208630853E-02, 5.572825110E+02, 0.000000000E+00
        17, 7.689858321E-03,-6.743824575E-03, 6.000000238E-01, 6.689467351E-07, 1.023008213E-02, 5.555310101E+02, 0.000000000E+00
        18, 8.949633688E-03,-5.979953799E-03, 6.000000238E-01, 8.073982343E-07, 1.076616810E-02, 5.560673375E+02, 0.000000000E+00
        19, 1.020452380E-02,-5.032314453E-03, 6.000000238E-01, 9.788614787E-07, 1.138105008E-02, 5.566507344E+02, 0.000000000E+00
        20, 1.144118980E-02,-3.883760655E-03, 6.000000238E-01, 1.192183004E-06, 1.208630853E-02, 5.572827022E+02, 0.000000000E+00
        21, 9.685252793E-03, 3.287700238E-03, 6.000000238E-01, 6.689467351E-07, 1.023008213E-02, 5.555306044E+02, 0.000000000E+00
        22, 1.055681333E-02, 2.099880716E-03, 6.000000238E-01, 8.073982343E-07, 1.076616810E-02, 5.560666015E+02, 0.000000000E+00
        23, 1.135353465E-02, 7.441499620E-04, 6.000000238E-01, 9.788614787E-07, 1.138105008E-02, 5.566500885E+02, 0.000000000E+00
        24, 1.205653138E-02,-7.902267971E-04, 6.000000238E-01, 1.192183004E-06, 1.208630853E-02, 5.572823863E+02, 0.000000000E+00
        25, 1.264272165E-02,-2.514793770E-03, 6.000000238E-01, 1.458769606E-06, 1.289522510E-02, 5.579643707E+02, 0.000000000E+00
        26, 6.743824575E-03,-7.689857855E-03, 6.000000238E-01, 6.689467351E-07, 1.023008213E-02, 5.555310101E+02, 0.000000000E+00
        27, 8.092528209E-03,-7.096956484E-03, 6.000000238E-01, 8.073982343E-07, 1.076616810E-02, 5.560673202E+02, 0.000000000E+00
        28, 9.460374713E-03,-6.321220193E-03, 6.000000238E-01, 9.788614787E-07, 1.138105008E-02, 5.566508440E+02, 0.000000000E+00
        29, 1.083637588E-02,-5.343909375E-03, 6.000000238E-01, 1.192183004E-06, 1.208630853E-02, 5.572828758E+02, 0.000000000E+00
        30, 1.220631506E-02,-4.143485799E-03, 6.000000238E-01, 1.458769606E-06, 1.289522510E-02, 5.579645128E+02, 0.000000000E+00
        31, 9.173262864E-03, 4.523752723E-03, 6.000000238E-01, 6.689467351E-07, 1.023008213E-02, 5.555309603E+02, 0.000000000E+00
        32, 1.019240823E-02, 3.459856380E-03, 6.000000238E-01, 8.073982343E-07, 1.076616810E-02, 5.560669377E+02, 0.000000000E+00
        33, 1.115927193E-02, 2.219717251E-03, 6.000000238E-01, 9.788614787E-07, 1.138105008E-02, 5.566502569E+02, 0.000000000E+00
        34, 1.205653138E-02, 7.902267971E-04, 6.000000238E-01, 1.192183004E-06, 1.208630853E-02, 5.572823863E+02, 0.000000000E+00
        35, 1.286280714E-02,-8.430729504E-04, 6.000000238E-01, 1.458769606E-06, 1.289522510E-02, 5.579642793E+02, 0.000000000E+00
        36, 1.355162822E-02,-2.695586300E-03, 6.000000238E-01, 1.793362078E-06, 1.382303236E-02, 5.586964561E+02, 0.000000000E+00
        37, 5.682402290E-03,-8.504316211E-03, 6.000000238E-01, 6.689467351E-07, 1.023008213E-02, 5.555310788E+02, 0.000000000E+00
        38, 7.096956484E-03,-8.092528209E-03, 6.000000238E-01, 8.073982343E-07, 1.076616810E-02, 5.560673202E+02, 0.000000000E+00
        39, 8.554355241E-03,-7.501967717E-03, 6.000000238E-01, 9.788614787E-07, 1.138105008E-02, 5.566508563E+02, 0.000000000E+00
        40, 1.004614867E-02,-6.712622475E-03, 6.000000238E-01, 1.192183004E-06, 1.208630853E-02, 5.572829741E+02, 0.000000000E+00
        41, 1.156105474E-02,-5.701281130E-03, 6.000000238E-01, 1.458769606E-06, 1.289522510E-02, 5.579646472E+02, 0.000000000E+00
        42, 1.308384724E-02,-4.441367462E-03, 6.000000238E-01, 1.793362078E-06, 1.382303236E-02, 5.586965614E+02, 0.000000000E+00
        43, 8.504316211E-03, 5.682402290E-03, 6.000000238E-01, 6.689467351E-07, 1.023008213E-02, 5.555310788E+02, 0.000000000E+00
        44, 9.653609246E-03, 4.760633223E-03, 6.000000238E-01, 8.073982343E-07, 1.076616810E-02, 5.560672205E+02, 0.000000000E+00
        45, 1.077407226E-02, 3.657304449E-03, 6.000000238E-01, 9.788614787E-07, 1.138105008E-02, 5.566505118E+02, 0.000000000E+00
        46, 1.185024064E-02, 2.357159508E-03, 6.000000238E-01, 1.192183004E-06, 1.208630853E-02, 5.572825110E+02, 0.000000000E+00
        47, 1.286280714E-02, 8.430729504E-04, 6.000000238E-01, 1.458769606E-06, 1.289522510E-02, 5.579642793E+02, 0.000000000E+00
        48, 1.378753595E-02,-9.036828997E-04, 6.000000238E-01, 1.793362078E-06, 1.382303236E-02, 5.586963894E+02, 0.000000000E+00
        49, 1.459406409E-02,-2.902939683E-03, 6.000000238E-01, 2.215048024E-06, 1.488720032E-02, 5.594790067E+02, 0.000000000E+00
        50, 4.523752723E-03,-9.173262864E-03, 6.000000238E-01, 6.689467351E-07, 1.023008213E-02, 5.555309603E+02, 0.000000000E+00
        51, 5.979953799E-03,-8.949633688E-03, 6.000000238E-01, 8.073982343E-07, 1.076616810E-02, 5.560673375E+02, 0.000000000E+00
        52, 7.501967717E-03,-8.554354310E-03, 6.000000238E-01, 9.788614787E-07, 1.138105008E-02, 5.566508563E+02, 0.000000000E+00
        53, 9.084030055E-03,-7.966480218E-03, 6.000000238E-01, 1.192183004E-06, 1.208630853E-02, 5.572830010E+02, 0.000000000E+00
        54, 1.071798149E-02,-7.161526475E-03, 6.000000238E-01, 1.458769606E-06, 1.289522510E-02, 5.579647322E+02, 0.000000000E+00
        55, 1.239219774E-02,-6.111155730E-03, 6.000000238E-01, 1.793362078E-06, 1.382303236E-02, 5.586966651E+02, 0.000000000E+00
        56, 1.409029961E-02,-4.783012439E-03, 6.000000238E-01, 2.215048024E-06, 1.488720032E-02, 5.594790854E+02, 0.000000000E+00
        57, 7.689857855E-03, 6.743824575E-03, 6.000000238E-01, 6.689467351E-07, 1.023008213E-02, 5.555310101E+02, 0.000000000E+00
        58, 8.949633688E-03, 5.979953799E-03, 6.000000238E-01, 8.073982343E-07, 1.076616810E-02, 5.560673375E+02, 0.000000000E+00
        59, 1.020452473E-02, 5.032314453E-03, 6.000000238E-01, 9.788614787E-07, 1.138105008E-02, 5.566507344E+02, 0.000000000E+00
        60, 1.144118980E-02, 3.883760422E-03, 6.000000238E-01, 1.192183004E-06, 1.208630853E-02, 5.572827022E+02, 0.000000000E+00
        61, 1.264272165E-02, 2.514793538E-03, 6.000000238E-01, 1.458769606E-06, 1.289522510E-02, 5.579643707E+02, 0.000000000E+00
        62, 1.378753595E-02, 9.036828415E-04, 6.000000238E-01, 1.793362078E-06, 1.382303236E-02, 5.586963894E+02, 0.000000000E+00
        63, 1.484811865E-02,-9.731971659E-04, 6.000000238E-01, 2.215048024E-06, 1.488720032E-02, 5.594789579E+02, 0.000000000E+00
        64, 1.578964666E-02,-3.140755929E-03, 6.000000238E-01, 2.748588435E-06, 1.610776497E-02, 5.603119114E+02, 0.000000000E+00
        65, 3.287700238E-03,-9.685252793E-03, 6.000000238E-01, 6.689467351E-07, 1.023008213E-02, 5.555306044E+02, 0.000000000E+00
        66, 4.760633223E-03,-9.653609246E-03, 6.000000238E-01, 8.073982343E-07, 1.076616810E-02, 5.560672205E+02, 0.000000000E+00
        67, 6.321219727E-03,-9.460374713E-03, 6.000000238E-01, 9.788614787E-07, 1.138105008E-02, 5.566508440E+02, 0.000000000E+00
        68, 7.966480218E-03,-9.084030055E-03, 6.000000238E-01, 1.192183004E-06, 1.208630853E-02, 5.572830010E+02, 0.000000000E+00
        69, 9.691521525E-03,-8.499235846E-03, 6.000000238E-01, 1.458769606E-06, 1.289522510E-02, 5.579647643E+02, 0.000000000E+00
        70, 1.148851495E-02,-7.676380686E-03, 6.000000238E-01, 1.793362078E-06, 1.382303236E-02, 5.586967365E+02, 0.000000000E+00
        71, 1.334544737E-02,-6.581246387E-03, 6.000000238E-01, 2.215048024E-06, 1.488720032E-02, 5.594791657E+02, 0.000000000E+00
        72, 1.524461340E-02,-5.174848717E-03, 6.000000238E-01, 2.748588435E-06, 1.610776497E-02, 5.603119715E+02, 0.000000000E+00
        73, 6.743824575E-03, 7.689858321E-03, 6.000000238E-01, 6.689467351E-07, 1.023008213E-02, 5.555310101E+02, 0.000000000E+00
        74, 8.092528209E-03, 7.096956484E-03, 6.000000238E-01, 8.073982343E-07, 1.076616810E-02, 5.560673202E+02, 0.000000000E+00
        75, 9.460374713E-03, 6.321219727E-03, 6.000000238E-01, 9.788614787E-07, 1.138105008E-02, 5.566508440E+02, 0.000000000E+00
        76, 1.083637588E-02, 5.343909375E-03, 6.000000238E-01, 1.192183004E-06, 1.208630853E-02, 5.572828758E+02, 0.000000000E+00
        77, 1.220631506E-02, 4.143485799E-03, 6.000000238E-01, 1.458769606E-06, 1.289522510E-02, 5.579645128E+02, 0.000000000E+00
        78, 1.355162822E-02, 2.695586067E-03, 6.000000238E-01, 1.793362078E-06, 1.382303236E-02, 5.586964561E+02, 0.000000000E+00
        79, 1.484811958E-02, 9.731971659E-04, 6.000000238E-01, 2.215048024E-06, 1.488720032E-02, 5.594789579E+02, 0.000000000E+00
        80, 1.606451534E-02,-1.052923966E-03, 6.000000238E-01, 2.748588435E-06, 1.610776497E-02, 5.603118747E+02, 0.000000000E+00
        81, 1.716087759E-02,-3.413510509E-03, 6.000000238E-01, 3.426156140E-06, 1.750770518E-02, 5.611947648E+02, 0.000000000E+00
        82, 1.995394239E-03,-1.003152505E-02, 6.000000238E-01, 6.689467351E-07, 1.023008213E-02, 5.555301671E+02, 0.000000000E+00
        83, 3.459856380E-03,-1.019240823E-02, 6.000000238E-01, 8.073982343E-07, 1.076616810E-02, 5.560669377E+02, 0.000000000E+00
        84, 5.032314453E-03,-1.020452473E-02, 6.000000238E-01, 9.788614787E-07, 1.138105008E-02, 5.566507344E+02, 0.000000000E+00
        85, 6.712622475E-03,-1.004614960E-02, 6.000000238E-01, 1.192183004E-06, 1.208630853E-02, 5.572829741E+02, 0.000000000E+00
        86, 8.499235846E-03,-9.691521525E-03, 6.000000238E-01, 1.458769606E-06, 1.289522510E-02, 5.579647643E+02, 0.000000000E+00
        87, 1.038826071E-02,-9.110259824E-03, 6.000000238E-01, 1.793362078E-06, 1.382303236E-02, 5.586967683E+02, 0.000000000E+00
        88, 1.237224974E-02,-8.266872726E-03, 6.000000238E-01, 2.215048024E-06, 1.488720032E-02, 5.594792247E+02, 0.000000000E+00
        89, 1.443873998E-02,-7.120399270E-03, 6.000000238E-01, 2.748588435E-06, 1.610776497E-02, 5.603120347E+02, 0.000000000E+00
        90, 1.656850986E-02,-5.624251440E-03, 6.000000238E-01, 3.426156140E-06, 1.750770518E-02, 5.611948130E+02, 0.000000000E+00
        91, 5.682402290E-03, 8.504316211E-03, 6.000000238E-01, 6.689467351E-07, 1.023008213E-02, 5.555310788E+02, 0.000000000E+00
        92, 7.096956484E-03, 8.092528209E-03, 6.000000238E-01, 8.073982343E-07, 1.076616810E-02, 5.560673202E+02, 0.000000000E+00
        93, 8.554354310E-03, 7.501967717E-03, 6.000000238E-01, 9.788614787E-07, 1.138105008E-02, 5.566508563E+02, 0.000000000E+00
        94, 1.004614960E-02, 6.712622475E-03, 6.000000238E-01, 1.192183004E-06, 1.208630853E-02, 5.572829741E+02, 0.000000000E+00
        95, 1.156105474E-02, 5.701281130E-03, 6.000000238E-01, 1.458769606E-06, 1.289522510E-02, 5.579646472E+02, 0.000000000E+00
        96, 1.308384724E-02, 4.441367462E-03, 6.000000238E-01, 1.793362078E-06, 1.382303236E-02, 5.586965614E+02, 0.000000000E+00
        97, 1.459406316E-02, 2.902939683E-03, 6.000000238E-01, 2.215048024E-06, 1.488720032E-02, 5.594790067E+02, 0.000000000E+00
        98, 1.606451534E-02, 1.052923966E-03, 6.000000238E-01, 2.748588435E-06, 1.610776497E-02, 5.603118747E+02, 0.000000000E+00
        99, 1.745961607E-02,-1.144363661E-03, 6.000000238E-01, 3.426156140E-06, 1.750770518E-02, 5.611947358E+02, 0.000000000E+00
       100, 1.873355731E-02,-3.726336407E-03, 6.000000238E-01, 4.289615098E-06, 1.911337499E-02, 5.621269547E+02, 0.000000000E+00
       101, 6.689467700E-04,-1.020615548E-02, 6.000000238E-01, 6.689467351E-07, 1.023008213E-02, 5.555298739E+02, 0.000000000E+00
       102, 2.099880716E-03,-1.055681333E-02, 6.000000238E-01, 8.073982343E-07, 1.076616810E-02, 5.560666015E+02, 0.000000000E+00
       103, 3.657304449E-03,-1.077407226E-02, 6.000000238E-01, 9.788614787E-07, 1.138105008E-02, 5.566505118E+02, 0.000000000E+00
       104, 5.343909375E-03,-1.083637588E-02, 6.000000238E-01, 1.192183004E-06, 1.208630853E-02, 5.572828758E+02, 0.000000000E+00
       105, 7.161526009E-03,-1.071798149E-02, 6.000000238E-01, 1.458769606E-06, 1.289522510E-02, 5.579647322E+02, 0.000000000E+00
       106, 9.110260755E-03,-1.038826071E-02, 6.000000238E-01, 1.793362078E-06, 1.382303236E-02, 5.586967683E+02, 0.000000000E+00
       107, 1.118735969E-02,-9.811051190E-03, 6.000000238E-01, 2.215048024E-06, 1.488720032E-02, 5.594792537E+02, 0.000000000E+00
       108, 1.338581648E-02,-8.944116533E-03, 6.000000238E-01, 2.748588435E-06, 1.610776497E-02, 5.603120837E+02, 0.000000000E+00
       109, 1.569265313E-02,-7.738759741E-03, 6.000000238E-01, 3.426156140E-06, 1.750770518E-02, 5.611948651E+02, 0.000000000E+00
       110, 1.808690466E-02,-6.139676552E-03, 6.000000238E-01, 4.289615098E-06, 1.911337499E-02, 5.621269970E+02, 0.000000000E+00
       111, 4.523752723E-03, 9.173262864E-03, 6.000000238E-01, 6.689467351E-07, 1.023008213E-02, 5.555309603E+02, 0.000000000E+00
       112, 5.979953799E-03, 8.949633688E-03, 6.000000238E-01, 8.073982343E-07, 1.076616810E-02, 5.560673375E+02, 0.000000000E+00
       113, 7.501967717E-03, 8.554355241E-03, 6.000000238E-01, 9.788614787E-07, 1.138105008E-02, 5.566508563E+02, 0.000000000E+00
       114, 9.084030055E-03, 7.966480218E-03, 6.000000238E-01, 1.192183004E-06, 1.208630853E-02, 5.572830010E+02, 0.000000000E+00
       115, 1.071798149E-02, 7.161526009E-03, 6.000000238E-01, 1.458769606E-06, 1.289522510E-02, 5.579647322E+02, 0.000000000E+00
       116, 1.239219774E-02, 6.111155730E-03, 6.000000238E-01, 1.793362078E-06, 1.382303236E-02, 5.586966651E+02, 0.000000000E+00
       117, 1.409029961E-02, 4.783012439E-03, 6.000000238E-01, 2.215048024E-06, 1.488720032E-02, 5.594790854E+02, 0.000000000E+00
       118, 1.578964666E-02, 3.140755929E-03, 6.000000238E-01, 2.748588435E-06, 1.610776497E-02, 5.603119114E+02, 0.000000000E+00
       119, 1.745961607E-02, 1.144363661E-03, 6.000000238E-01, 3.426156140E-06, 1.750770518E-02, 5.611947358E+02, 0.000000000E+00
       120, 1.905967295E-02,-1.249236986E-03, 6.000000238E-01, 4.289615098E-06, 1.911337499E-02, 5.621269294E+02, 0.000000000E+00
       121,-6.689467118E-04,-1.020615548E-02, 6.000000238E-01, 6.689467351E-07, 1.023008213E-02, 5.555298739E+02, 0.000000000E+00
       122, 7.039752672E-04,-1.074058656E-02, 6.000000238E-01, 8.073982343E-07, 1.076616810E-02, 5.560663774E+02, 0.000000000E+00
       123, 2.219717251E-03,-1.115927193E-02, 6.000000238E-01, 9.788614787E-07, 1.138105008E-02, 5.566502569E+02, 0.000000000E+00
       124, 3.883760422E-03,-1.144118980E-02, 6.000000238E-01, 1.192183004E-06, 1.208630853E-02, 5.572827022E+02, 0.000000000E+00
       125, 5.701281130E-03,-1.156105474E-02, 6.000000238E-01, 1.458769606E-06, 1.289522510E-02, 5.579646472E+02, 0.000000000E+00
       126, 7.676380221E-03,-1.148851495E-02, 6.000000238E-01, 1.793362078E-06, 1.382303236E-02, 5.586967365E+02, 0.000000000E+00
       127, 9.811051190E-03,-1.118735969E-02, 6.000000238E-01, 2.215048024E-06, 1.488720032E-02, 5.594792537E+02, 0.000000000E+00
       128, 1.210385654E-02,-1.061479747E-02, 6.000000238E-01, 2.748588435E-06, 1.610776497E-02, 5.603121092E+02, 0.000000000E+00
       129, 1.454828773E-02,-9.720855393E-03, 6.000000238E-01, 3.426156140E-06, 1.750770518E-02, 5.611949069E+02, 0.000000000E+00
       130, 1.713077910E-02,-8.447965607E-03, 6.000000238E-01, 4.289615098E-06, 1.911337499E-02, 5.621270435E+02, 0.000000000E+00
       131, 3.287700238E-03, 9.685252793E-03, 6.000000238E-01, 6.689467351E-07, 1.023008213E-02, 5.555306044E+02, 0.000000000E+00
       132, 4.760633223E-03, 9.653609246E-03, 6.000000238E-01, 8.073982343E-07, 1.076616810E-02, 5.560672205E+02, 0.000000000E+00
       133, 6.321220193E-03, 9.460374713E-03, 6.000000238E-01, 9.788614787E-07, 1.138105008E-02, 5.566508440E+02, 0.000000000E+00
       134, 7.966480218E-03, 9.084030055E-03, 6.000000238E-01, 1.192183004E-06, 1.208630853E-02, 5.572830010E+02, 0.000000000E+00
       135, 9.691521525E-03, 8.499235846E-03, 6.000000238E-01, 1.458769606E-06, 1.289522510E-02, 5.579647643E+02, 0.000000000E+00
       136, 1.148851495E-02, 7.676380221E-03, 6.000000238E-01, 1.793362078E-06, 1.382303236E-02, 5.586967365E+02, 0.000000000E+00
       137, 1.334544644E-02, 6.581245922E-03, 6.000000238E-01, 2.215048024E-06, 1.488720032E-02, 5.594791657E+02, 0.000000000E+00
       138, 1.524461340E-02, 5.174849182E-03, 6.000000238E-01, 2.748588435E-06, 1.610776497E-02, 5.603119715E+02, 0.000000000E+00
       139, 1.716087759E-02, 3.413510509E-03, 6.000000238E-01, 3.426156140E-06, 1.750770518E-02, 5.611947648E+02, 0.000000000E+00
       140, 1.905967295E-02, 1.249236986E-03, 6.000000238E-01, 4.289615098E-06, 1.911337499E-02, 5.621269294E+02, 0.000000000E+00
       141,-1.995394472E-03,-1.003152505E-02, 6.000000238E-01, 6.689467351E-07, 1.023008213E-02, 5.555301671E+02, 0.000000000E+00
       142,-7.039752672E-04,-1.074058749E-02, 6.000000238E-01, 8.073982343E-07, 1.076616810E-02, 5.560663774E+02, 0.000000000E+00
       143, 7.441499620E-04,-1.135353465E-02, 6.000000238E-01, 9.788614787E-07, 1.138105008E-02, 5.566500885E+02, 0.000000000E+00
       144, 2.357159508E-03,-1.185024064E-02, 6.000000238E-01, 1.192183004E-06, 1.208630853E-02, 5.572825110E+02, 0.000000000E+00
       145, 4.143485799E-03,-1.220631506E-02, 6.000000238E-01, 1.458769606E-06, 1.289522510E-02, 5.579645128E+02, 0.000000000E+00
       146, 6.111155730E-03,-1.239219774E-02, 6.000000238E-01, 1.793362078E-06, 1.382303236E-02, 5.586966651E+02, 0.000000000E+00
       147, 8.266872726E-03,-1.237224974E-02, 6.000000238E-01, 2.215048024E-06, 1.488720032E-02, 5.594792247E+02, 0.000000000E+00
       148, 1.061479840E-02,-1.210385747E-02, 6.000000238E-01, 2.748588435E-06, 1.610776497E-02, 5.603121092E+02, 0.000000000E+00
       149, 1.315500028E-02,-1.153662521E-02, 6.000000238E-01, 3.426156140E-06, 1.750770518E-02, 5.611949294E+02, 0.000000000E+00
       150, 1.588154212E-02,-1.061170828E-02, 6.000000238E-01, 4.289615098E-06, 1.911337499E-02, 5.621270814E+02, 0.000000000E+00
       151, 1.995394472E-03, 1.003152505E-02, 6.000000238E-01, 6.689467351E-07, 1.023008213E-02, 5.555301671E+02, 0.000000000E+00
       152, 3.459856613E-03, 1.019240823E-02, 6.000000238E-01, 8.073982343E-07, 1.076616810E-02, 5.560669377E+02, 0.000000000E+00
       153, 5.032314453E-03, 1.020452380E-02, 6.000000238E-01, 9.788614787E-07, 1.138105008E-02, 5.566507344E+02, 0.000000000E+00
       154, 6.712622475E-03, 1.004614867E-02, 6.000000238E-01, 1.192183004E-06, 1.208630853E-02, 5.572829741E+02, 0.000000000E+00
       155, 8.499235846E-03, 9.691521525E-03, 6.000000238E-01, 1.458769606E-06, 1.289522510E-02, 5.579647643E+02, 0.000000000E+00
       156, 1.038826071E-02, 9.110260755E-03, 6.000000238E-01, 1.793362078E-06, 1.382303236E-02, 5.586967683E+02, 0.000000000E+00
       157, 1.237224974E-02, 8.266872726E-03, 6.000000238E-01, 2.215048024E-06, 1.488720032E-02, 5.594792247E+02, 0.000000000E+00
       158, 1.443873998E-02, 7.120399270E-03, 6.000000238E-01, 2.748588435E-06, 1.610776497E-02, 5.603120347E+02, 0.000000000E+00
       159, 1.656851172E-02, 5.624251440E-03, 6.000000238E-01, 3.426156140E-06, 1.750770518E-02, 5.611948130E+02, 0.000000000E+00
       160, 1.873355731E-02, 3.726336174E-03, 6.000000238E-01, 4.289615098E-06, 1.911337499E-02, 5.621269547E+02, 0.000000000E+00
       161,-3.287700238E-03,-9.685252793E-03, 6.000000238E-01, 6.689467351E-07, 1.023008213E-02, 5.555306044E+02, 0.000000000E+00
       162,-2.099880716E-03,-1.055681333E-02, 6.000000238E-01, 8.073982343E-07, 1.076616810E-02, 5.560666015E+02, 0.000000000E+00
       163,-7.441499620E-04,-1.135353465E-02, 6.000000238E-01, 9.788614787E-07, 1.138105008E-02, 5.566500885E+02, 0.000000000E+00
       164, 7.902267971E-04,-1.205653138E-02, 6.000000238E-01, 1.192183004E-06, 1.208630853E-02, 5.572823863E+02, 0.000000000E+00
       165, 2.514793538E-03,-1.264272165E-02, 6.000000238E-01, 1.458769606E-06, 1.289522510E-02, 5.579643707E+02, 0.000000000E+00
       166, 4.441367462E-03,-1.308384724E-02, 6.000000238E-01, 1.793362078E-06, 1.382303236E-02, 5.586965614E+02, 0.000000000E+00
       167, 6.581245922E-03,-1.334544644E-02, 6.000000238E-01, 2.215048024E-06, 1.488720032E-02, 5.594791657E+02, 0.000000000E+00
       168, 8.944116533E-03,-1.338581648E-02, 6.000000238E-01, 2.748588435E-06, 1.610776497E-02, 5.603120837E+02, 0.000000000E+00
       169, 1.153662428E-02,-1.315499935E-02, 6.000000238E-01, 3.426156140E-06, 1.750770518E-02, 5.611949294E+02, 0.000000000E+00
       170, 1.436056942E-02,-1.259388123E-02, 6.000000238E-01, 4.289615098E-06, 1.911337499E-02, 5.621271022E+02, 0.000000000E+00
       171, 6.689467118E-04, 1.020615548E-02, 6.000000238E-01, 6.689467351E-07, 1.023008213E-02, 5.555298739E+02, 0.000000000E+00
       172, 2.099880716E-03, 1.055681333E-02, 6.000000238E-01, 8.073982343E-07, 1.076616810E-02, 5.560666015E+02, 0.000000000E+00
       173, 3.657304682E-03, 1.077407226E-02, 6.000000238E-01, 9.788614787E-07, 1.138105008E-02, 5.566505118E+02, 0.000000000E+00
       174, 5.343909375E-03, 1.083637588E-02, 6.000000238E-01, 1.192183004E-06, 1.208630853E-02, 5.572828758E+02, 0.000000000E+00
       175, 7.161526475E-03, 1.071798149E-02, 6.000000238E-01, 1.458769606E-06, 1.289522510E-02, 5.579647322E+02, 0.000000000E+00
       176, 9.110259824E-03, 1.038826071E-02, 6.000000238E-01, 1.793362078E-06, 1.382303236E-02, 5.586967683E+02, 0.000000000E+00
       177, 1.118735969E-02, 9.811051190E-03, 6.000000238E-01, 2.215048024E-06, 1.488720032E-02, 5.594792537E+02, 0.000000000E+00
       178, 1.338581648E-02, 8.944116533E-03, 6.000000238E-01, 2.748588435E-06, 1.610776497E-02, 5.603120837E+02, 0.000000000E+00
       179, 1.569265127E-02, 7.738759741E-03, 6.000000238E-01, 3.426156140E-06, 1.750770518E-02, 5.611948651E+02, 0.000000000E+00
       180, 1.808690466E-02, 6.139677018E-03, 6.000000238E-01, 4.289615098E-06, 1.911337499E-02, 5.621269970E+02, 0.000000000E+00
       181,-4.523752723E-03,-9.173262864E-03, 6.000000238E-01, 6.689467351E-07, 1.023008213E-02, 5.555309603E+02, 0.000000000E+00
       182,-3.459856613E-03,-1.019240823E-02, 6.000000238E-01, 8.073982343E-07, 1.076616810E-02, 5.560669377E+02, 0.000000000E+00
       183,-2.219717251E-03,-1.115927286E-02, 6.000000238E-01, 9.788614787E-07, 1.138105008E-02, 5.566502569E+02, 0.000000000E+00
       184,-7.902267971E-04,-1.205653138E-02, 6.000000238E-01, 1.192183004E-06, 1.208630853E-02, 5.572823863E+02, 0.000000000E+00
       185, 8.430729504E-04,-1.286280714E-02, 6.000000238E-01, 1.458769606E-06, 1.289522510E-02, 5.579642793E+02, 0.000000000E+00
       186, 2.695586067E-03,-1.355162822E-02, 6.000000238E-01, 1.793362078E-06, 1.382303236E-02, 5.586964561E+02, 0.000000000E+00
       187, 4.783012439E-03,-1.409029961E-02, 6.000000238E-01, 2.215048024E-06, 1.488720032E-02, 5.594790854E+02, 0.000000000E+00
       188, 7.120399270E-03,-1.443873998E-02, 6.000000238E-01, 2.748588435E-06, 1.610776497E-02, 5.603120347E+02, 0.000000000E+00
       189, 9.720856324E-03,-1.454828866E-02, 6.000000238E-01, 3.426156140E-06, 1.750770518E-02, 5.611949069E+02, 0.000000000E+00
       190, 1.259388123E-02,-1.436056849E-02, 6.000000238E-01, 4.289615098E-06, 1.911337499E-02, 5.621271022E+02, 0.000000000E+00
       191,-6.689467700E-04, 1.020615548E-02, 6.000000238E-01, 6.689467351E-07, 1.023008213E-02, 5.555298739E+02, 0.000000000E+00
       192, 7.039752672E-04, 1.074058749E-02, 6.000000238E-01, 8.073982343E-07, 1.076616810E-02, 5.560663774E+02, 0.000000000E+00
       193, 2.219717251E-03, 1.115927286E-02, 6.000000238E-01, 9.788614787E-07, 1.138105008E-02, 5.566502569E+02, 0.000000000E+00
       194, 3.883760655E-03, 1.144118980E-02, 6.000000238E-01, 1.192183004E-06, 1.208630853E-02, 5.572827022E+02, 0.000000000E+00
       195, 5.701281130E-03, 1.156105474E-02, 6.000000238E-01, 1.458769606E-06, 1.289522510E-02, 5.579646472E+02, 0.000000000E+00
       196, 7.676380686E-03, 1.148851495E-02, 6.000000238E-01, 1.793362078E-06, 1.382303236E-02, 5.586967365E+02, 0.000000000E+00
       197, 9.811051190E-03, 1.118735969E-02, 6.000000238E-01, 2.215048024E-06, 1.488720032E-02, 5.594792537E+02, 0.000000000E+00
       198, 1.210385747E-02, 1.061479840E-02, 6.000000238E-01, 2.748588435E-06, 1.610776497E-02, 5.603121092E+02, 0.000000000E+00
       199, 1.454828866E-02, 9.720856324E-03, 6.000000238E-01, 3.426156140E-06, 1.750770518E-02, 5.611949069E+02, 0.000000000E+00
       200, 1.713077910E-02, 8.447965607E-03, 6.000000238E-01, 4.289615098E-06, 1.911337499E-02, 5.621270435E+02, 0.000000000E+00
       201,-5.682402290E-03,-8.504316211E-03, 6.000000238E-01, 6.689467351E-07, 1.023008213E-02, 5.555310788E+02, 0.000000000E+00
       202,-4.760633223E-03,-9.653609246E-03, 6.000000238E-01, 8.073982343E-07, 1.076616810E-02, 5.560672205E+02, 0.000000000E+00
       203,-3.657304682E-03,-1.077407226E-02, 6.000000238E-01, 9.788614787E-07, 1.138105008E-02, 5.566505118E+02, 0.000000000E+00
       204,-2.357159508E-03,-1.185024064E-02, 6.000000238E-01, 1.192183004E-06, 1.208630853E-02, 5.572825110E+02, 0.000000000E+00
       205,-8.430729504E-04,-1.286280714E-02, 6.000000238E-01, 1.458769606E-06, 1.289522510E-02, 5.579642793E+02, 0.000000000E+00
       206, 9.036828415E-04,-1.378753595E-02, 6.000000238E-01, 1.793362078E-06, 1.382303236E-02, 5.586963894E+02, 0.000000000E+00
       207, 2.902939683E-03,-1.459406316E-02, 6.000000238E-01, 2.215048024E-06, 1.488720032E-02, 5.594790067E+02, 0.000000000E+00
       208, 5.174849182E-03,-1.524461340E-02, 6.000000238E-01, 2.748588435E-06, 1.610776497E-02, 5.603119715E+02, 0.000000000E+00
       209, 7.738759741E-03,-1.569265127E-02, 6.000000238E-01, 3.426156140E-06, 1.750770518E-02, 5.611948651E+02, 0.000000000E+00
       210, 1.061170828E-02,-1.588154212E-02, 6.000000238E-01, 4.289615098E-06, 1.911337499E-02, 5.621270814E+02, 0.000000000E+00
       211,-1.995394239E-03, 1.003152505E-02, 6.000000238E-01, 6.689467351E-07, 1.023008213E-02, 5.555301671E+02, 0.000000000E+00
       212,-7.039752672E-04, 1.074058656E-02, 6.000000238E-01, 8.073982343E-07, 1.076616810E-02, 5.560663774E+02, 0.000000000E+00
       213, 7.441499620E-04, 1.135353465E-02, 6.000000238E-01, 9.788614787E-07, 1.138105008E-02, 5.566500885E+02, 0.000000000E+00
       214, 2.357159508E-03, 1.185024064E-02, 6.000000238E-01, 1.192183004E-06, 1.208630853E-02, 5.572825110E+02, 0.000000000E+00
       215, 4.143485799E-03, 1.220631506E-02, 6.000000238E-01, 1.458769606E-06, 1.289522510E-02, 5.579645128E+02, 0.000000000E+00
       216, 6.111155730E-03, 1.239219774E-02, 6.000000238E-01, 1.793362078E-06, 1.382303236E-02, 5.586966651E+02, 0.000000000E+00
       217, 8.266872726E-03, 1.237224974E-02, 6.000000238E-01, 2.215048024E-06, 1.488720032E-02, 5.594792247E+02, 0.000000000E+00
       218, 1.061479747E-02, 1.210385654E-02, 6.000000238E-01, 2.748588435E-06, 1.610776497E-02, 5.603121092E+02, 0.000000000E+00
       219, 1.315499935E-02, 1.153662428E-02, 6.000000238E-01, 3.426156140E-06, 1.750770518E-02, 5.611949294E+02, 0.000000000E+00
       220, 1.588154212E-02, 1.061170828E-02, 6.000000238E-01, 4.289615098E-06, 1.911337499E-02, 5.621270814E+02, 0.000000000E+00
       221,-6.743824575E-03,-7.689858321E-03, 6.000000238E-01, 6.689467351E-07, 1.023008213E-02, 5.555310101E+02, 0.000000000E+00
       222,-5.979953799E-03,-8.949633688E-03, 6.000000238E-01, 8.073982343E-07, 1.076616810E-02, 5.560673375E+02, 0.000000000E+00
       223,-5.032314453E-03,-1.020452380E-02, 6.000000238E-01, 9.788614787E-07, 1.138105008E-02, 5.566507344E+02, 0.000000000E+00
       224,-3.883760655E-03,-1.144118980E-02, 6.000000238E-01, 1.192183004E-06, 1.208630853E-02, 5.572827022E+02, 0.000000000E+00
       225,-2.514793770E-03,-1.264272165E-02, 6.000000238E-01, 1.458769606E-06, 1.289522510E-02, 5.579643707E+02, 0.000000000E+00
       226,-9.036828997E-04,-1.378753595E-02, 6.000000238E-01, 1.793362078E-06, 1.382303236E-02, 5.586963894E+02, 0.000000000E+00
       227, 9.731971659E-04,-1.484811958E-02, 6.000000238E-01, 2.215048024E-06, 1.488720032E-02, 5.594789579E+02, 0.000000000E+00
       228, 3.140755929E-03,-1.578964666E-02, 6.000000238E-01, 2.748588435E-06, 1.610776497E-02, 5.603119114E+02, 0.000000000E+00
       229, 5.624251440E-03,-1.656851172E-02, 6.000000238E-01, 3.426156140E-06, 1.750770518E-02, 5.611948130E+02, 0.000000000E+00
       230, 8.447965607E-03,-1.713077910E-02, 6.000000238E-01, 4.289615098E-06, 1.911337499E-02, 5.621270435E+02, 0.000000000E+00
       231,-3.287700238E-03, 9.685252793E-03, 6.000000238E-01, 6.689467351E-07, 1.023008213E-02, 5.555306044E+02, 0.000000000E+00
       232,-2.099880716E-03, 1.055681333E-02, 6.000000238E-01, 8.073982343E-07, 1.076616810E-02, 5.560666015E+02, 0.000000000E+00
       233,-7.441499620E-04, 1.135353465E-02, 6.000000238E-01, 9.788614787E-07, 1.138105008E-02, 5.566500885E+02, 0.000000000E+00
       234, 7.902267971E-04, 1.205653138E-02, 6.000000238E-01, 1.192183004E-06, 1.208630853E-02, 5.572823863E+02, 0.000000000E+00
       235, 2.514793770E-03, 1.264272165E-02, 6.000000238E-01, 1.458769606E-06, 1.289522510E-02, 5.579643707E+02, 0.000000000E+00
       236, 4.441367462E-03, 1.308384724E-02, 6.000000238E-01, 1.793362078E-06, 1.382303236E-02, 5.586965614E+02, 0.000000000E+00
       237, 6.581246387E-03, 1.334544737E-02, 6.000000238E-01, 2.215048024E-06, 1.488720032E-02, 5.594791657E+02, 0.000000000E+00
       238, 8.944116533E-03, 1.338581648E-02, 6.000000238E-01, 2.748588435E-06, 1.610776497E-02, 5.603120837E+02, 0.000000000E+00
       239, 1.153662521E-02, 1.315500028E-02, 6.000000238E-01, 3.426156140E-06, 1.750770518E-02, 5.611949294E+02, 0.000000000E+00
       240, 1.436056849E-02, 1.259388123E-02, 6.000000238E-01, 4.289615098E-06, 1.911337499E-02, 5.621271022E+02, 0.000000000E+00
       241,-7.689857855E-03,-6.743824575E-03, 6.000000238E-01, 6.689467351E-07, 1.023008213E-02, 5.555310101E+02, 0.000000000E+00
       242,-7.096956484E-03,-8.092528209E-03, 6.000000238E-01, 8.073982343E-07, 1.076616810E-02, 5.560673202E+02, 0.000000000E+00
       243,-6.321220193E-03,-9.460374713E-03, 6.000000238E-01, 9.788614787E-07, 1.138105008E-02, 5.566508440E+02, 0.000000000E+00
       244,-5.343909375E-03,-1.083637588E-02, 6.000000238E-01, 1.192183004E-06, 1.208630853E-02, 5.572828758E+02, 0.000000000E+00
       245,-4.143485799E-03,-1.220631506E-02, 6.000000238E-01, 1.458769606E-06, 1.289522510E-02, 5.579645128E+02, 0.000000000E+00
       246,-2.695586300E-03,-1.355162822E-02, 6.000000238E-01, 1.793362078E-06, 1.382303236E-02, 5.586964561E+02, 0.000000000E+00
       247,-9.731971659E-04,-1.484811865E-02, 6.000000238E-01, 2.215048024E-06, 1.488720032E-02, 5.594789579E+02, 0.000000000E+00
       248, 1.052923966E-03,-1.606451534E-02, 6.000000238E-01, 2.748588435E-06, 1.610776497E-02, 5.603118747E+02, 0.000000000E+00
       249, 3.413510509E-03,-1.716087759E-02, 6.000000238E-01, 3.426156140E-06, 1.750770518E-02, 5.611947648E+02, 0.000000000E+00
       250, 6.139677018E-03,-1.808690466E-02, 6.000000238E-01, 4.289615098E-06, 1.911337499E-02, 5.621269970E+02, 0.000000000E+00
       251,-4.523752723E-03, 9.173262864E-03, 6.000000238E-01, 6.689467351E-07, 1.023008213E-02, 5.555309603E+02, 0.000000000E+00
       252,-3.459856380E-03, 1.019240823E-02, 6.000000238E-01, 8.073982343E-07, 1.076616810E-02, 5.560669377E+02, 0.000000000E+00
       253,-2.219717251E-03, 1.115927193E-02, 6.000000238E-01, 9.788614787E-07, 1.138105008E-02, 5.566502569E+02, 0.000000000E+00
       254,-7.902267971E-04, 1.205653138E-02, 6.000000238E-01, 1.192183004E-06, 1.208630853E-02, 5.572823863E+02, 0.000000000E+00
       255, 8.430729504E-04, 1.286280714E-02, 6.000000238E-01, 1.458769606E-06, 1.289522510E-02, 5.579642793E+02, 0.000000000E+00
       256, 2.695586300E-03, 1.355162822E-02, 6.000000238E-01, 1.793362078E-06, 1.382303236E-02, 5.586964561E+02, 0.000000000E+00
       257, 4.783012439E-03, 1.409029961E-02, 6.000000238E-01, 2.215048024E-06, 1.488720032E-02, 5.594790854E+02, 0.000000000E+00
       258, 7.120399270E-03, 1.443873998E-02, 6.000000238E-01, 2.748588435E-06, 1.610776497E-02, 5.603120347E+02, 0.000000000E+00
       259, 9.720855393E-03, 1.454828773E-02, 6.000000238E-01, 3.426156140E-06, 1.750770518E-02, 5.611949069E+02, 0.000000000E+00
       260, 1.259388123E-02, 1.436056942E-02, 6.000000238E-01, 4.289615098E-06, 1.911337499E-02, 5.621271022E+02, 0.000000000E+00
       261,-8.504316211E-03,-5.682402290E-03, 6.000000238E-01, 6.689467351E-07, 1.023008213E-02, 5.555310788E+02, 0.000000000E+00
       262,-8.092528209E-03,-7.096956484E-03, 6.000000238E-01, 8.073982343E-07, 1.076616810E-02, 5.560673202E+02, 0.000000000E+00
       263,-7.501967717E-03,-8.554355241E-03, 6.000000238E-01, 9.788614787E-07, 1.138105008E-02, 5.566508563E+02, 0.000000000E+00
       264,-6.712622475E-03,-1.004614867E-02, 6.000000238E-01, 1.192183004E-06, 1.208630853E-02, 5.572829741E+02, 0.000000000E+00
       265,-5.701281130E-03,-1.156105474E-02, 6.000000238E-01, 1.458769606E-06, 1.289522510E-02, 5.579646472E+02, 0.000000000E+00
       266,-4.441367462E-03,-1.308384724E-02, 6.000000238E-01, 1.793362078E-06, 1.382303236E-02, 5.586965614E+02, 0.000000000E+00
       267,-2.902939683E-03,-1.459406409E-02, 6.000000238E-01, 2.215048024E-06, 1.488720032E-02, 5.594790067E+02, 0.000000000E+00
       268,-1.052923966E-03,-1.606451534E-02, 6.000000238E-01, 2.748588435E-06, 1.610776497E-02, 5.603118747E+02, 0.000000000E+00
       269, 1.144363661E-03,-1.745961607E-02, 6.000000238E-01, 3.426156140E-06, 1.750770518E-02, 5.611947358E+02, 0.000000000E+00
       270, 3.726336174E-03,-1.873355731E-02, 6.000000238E-01, 4.289615098E-06, 1.911337499E-02, 5.621269547E+02, 0.000000000E+00
       271,-5.682402290E-03, 8.504316211E-03, 6.000000238E-01, 6.689467351E-07, 1.023008213E-02, 5.555310788E+02, 0.000000000E+00
       272,-4.760633223E-03, 9.653609246E-03, 6.000000238E-01, 8.073982343E-07, 1.076616810E-02, 5.560672205E+02, 0.000000000E+00
       273,-3.657304449E-03, 1.077407226E-02, 6.000000238E-01, 9.788614787E-07, 1.138105008E-02, 5.566505118E+02, 0.000000000E+00
       274,-2.357159508E-03, 1.185024064E-02, 6.000000238E-01, 1.192183004E-06, 1.208630853E-02, 5.572825110E+02, 0.000000000E+00
       275,-8.430729504E-04, 1.286280714E-02, 6.000000238E-01, 1.458769606E-06, 1.289522510E-02, 5.579642793E+02, 0.000000000E+00
       276, 9.036828997E-04, 1.378753595E-02, 6.000000238E-01, 1.793362078E-06, 1.382303236E-02, 5.586963894E+02, 0.000000000E+00
       277, 2.902939683E-03, 1.459406409E-02, 6.000000238E-01, 2.215048024E-06, 1.488720032E-02, 5.594790067E+02, 0.000000000E+00
       278, 5.174848717E-03, 1.524461340E-02, 6.000000238E-01, 2.748588435E-06, 1.610776497E-02, 5.603119715E+02, 0.000000000E+00
       279, 7.738759741E-03, 1.569265313E-02, 6.000000238E-01, 3.426156140E-06, 1.750770518E-02, 5.611948651E+02, 0.000000000E+00
       280, 1.061170828E-02, 1.588154212E-02, 6.000000238E-01, 4.289615098E-06, 1.911337499E-02, 5.621270814E+02, 0.000000000E+00
       281,-9.173262864E-03,-4.523752723E-03, 6.000000238E-01, 6.689467351E-07, 1.023008213E-02, 5.555309603E+02, 0.000000000E+00
       282,-8.949633688E-03,-5.979953799E-03, 6.000000238E-01, 8.073982343E-07, 1.076616810E-02, 5.560673375E+02, 0.000000000E+00
       283,-8.554354310E-03,-7.501967717E-03, 6.000000238E-01, 9.788614787E-07, 1.138105008E-02, 5.566508563E+02, 0.000000000E+00
       284,-7.966480218E-03,-9.084030055E-03, 6.000000238E-01, 1.192183004E-06, 1.208630853E-02, 5.572830010E+02, 0.000000000E+00
       285,-7.161526475E-03,-1.071798149E-02, 6.000000238E-01, 1.458769606E-06, 1.289522510E-02, 5.579647322E+02, 0.000000000E+00
       286,-6.111155730E-03,-1.239219774E-02, 6.000000238E-01, 1.793362078E-06, 1.382303236E-02, 5.586966651E+02, 0.000000000E+00
       287,-4.783012439E-03,-1.409029961E-02, 6.000000238E-01, 2.215048024E-06, 1.488720032E-02, 5.594790854E+02, 0.000000000E+00
       288,-3.140755929E-03,-1.578964666E-02, 6.000000238E-01, 2.748588435E-06, 1.610776497E-02, 5.603119114E+02, 0.000000000E+00
       289,-1.144363661E-03,-1.745961607E-02, 6.000000238E-01, 3.426156140E-06, 1.750770518E-02, 5.611947358E+02, 0.000000000E+00
       290, 1.249236986E-03,-1.905967295E-02, 6.000000238E-01, 4.289615098E-06, 1.911337499E-02, 5.621269294E+02, 0.000000000E+00
       291,-6.743824575E-03, 7.689857855E-03, 6.000000238E-01, 6.689467351E-07, 1.023008213E-02, 5.555310101E+02, 0.000000000E+00
       292,-5.979953799E-03, 8.949633688E-03, 6.000000238E-01, 8.073982343E-07, 1.076616810E-02, 5.560673375E+02, 0.000000000E+00
       293,-5.032314453E-03, 1.020452473E-02, 6.000000238E-01, 9.788614787E-07, 1.138105008E-02, 5.566507344E+02, 0.000000000E+00
       294,-3.883760422E-03, 1.144118980E-02, 6.000000238E-01, 1.192183004E-06, 1.208630853E-02, 5.572827022E+02, 0.000000000E+00
       295,-2.514793538E-03, 1.264272165E-02, 6.000000238E-01, 1.458769606E-06, 1.289522510E-02, 5.579643707E+02, 0.000000000E+00
       296,-9.036828415E-04, 1.378753595E-02, 6.000000238E-01, 1.793362078E-06, 1.382303236E-02, 5.586963894E+02, 0.000000000E+00
       297, 9.731971659E-04, 1.484811865E-02, 6.000000238E-01, 2.215048024E-06, 1.488720032E-02, 5.594789579E+02, 0.000000000E+00
       298, 3.140755929E-03, 1.578964666E-02, 6.000000238E-01, 2.748588435E-06, 1.610776497E-02, 5.603119114E+02, 0.000000000E+00
       299, 5.624251440E-03, 1.656850986E-02, 6.000000238E-01, 3.426156140E-06, 1.750770518E-02, 5.611948130E+02, 0.000000000E+00
       300, 8.447965607E-03, 1.713077910E-02, 6.000000238E-01, 4.289615098E-06, 1.911337499E-02, 5.621270435E+02, 0.000000000E+00
       301,-9.685252793E-03,-3.287700238E-03, 6.000000238E-01, 6.689467351E-07, 1.023008213E-02, 5.555306044E+02, 0.000000000E+00
       302,-9.653609246E-03,-4.760633223E-03, 6.000000238E-01, 8.073982343E-07, 1.076616810E-02, 5.560672205E+02, 0.000000000E+00
       303,-9.460374713E-03,-6.321219727E-03, 6.000000238E-01, 9.788614787E-07, 1.138105008E-02, 5.566508440E+02, 0.000000000E+00
       304,-9.084030055E-03,-7.966480218E-03, 6.000000238E-01, 1.192183004E-06, 1.208630853E-02, 5.572830010E+02, 0.000000000E+00
       305,-8.499235846E-03,-9.691521525E-03, 6.000000238E-01, 1.458769606E-06, 1.289522510E-02, 5.579647643E+02, 0.000000000E+00
       306,-7.676380686E-03,-1.148851495E-02, 6.000000238E-01, 1.793362078E-06, 1.382303236E-02, 5.586967365E+02, 0.000000000E+00
       307,-6.581246387E-03,-1.334544737E-02, 6.000000238E-01, 2.215048024E-06, 1.488720032E-02, 5.594791657E+02, 0.000000000E+00
       308,-5.174848717E-03,-1.524461340E-02, 6.000000238E-01, 2.748588435E-06, 1.610776497E-02, 5.603119715E+02, 0.000000000E+00
       309,-3.413510509E-03,-1.716087759E-02, 6.000000238E-01, 3.426156140E-06, 1.750770518E-02, 5.611947648E+02, 0.000000000E+00
       310,-1.249236986E-03,-1.905967295E-02, 6.000000238E-01, 4.289615098E-06, 1.911337499E-02, 5.621269294E+02, 0.000000000E+00
       311,-7.689858321E-03, 6.743824575E-03, 6.000000238E-01, 6.689467351E-07, 1.023008213E-02, 5.555310101E+02, 0.000000000E+00
       312,-7.096956484E-03, 8.092528209E-03, 6.000000238E-01, 8.073982343E-07, 1.076616810E-02, 5.560673202E+02, 0.000000000E+00
       313,-6.321219727E-03, 9.460374713E-03, 6.000000238E-01, 9.788614787E-07, 1.138105008E-02, 5.566508440E+02, 0.000000000E+00
       314,-5.343909375E-03, 1.083637588E-02, 6.000000238E-01, 1.192183004E-06, 1.208630853E-02, 5.572828758E+02, 0.000000000E+00
       315,-4.143485799E-03, 1.220631506E-02, 6.000000238E-01, 1.458769606E-06, 1.289522510E-02, 5.579645128E+02, 0.000000000E+00
       316,-2.695586067E-03, 1.355162822E-02, 6.000000238E-01, 1.793362078E-06, 1.382303236E-02, 5.586964561E+02, 0.000000000E+00
       317,-9.731971659E-04, 1.484811958E-02, 6.000000238E-01, 2.215048024E-06, 1.488720032E-02, 5.594789579E+02, 0.000000000E+00
       318, 1.052923966E-03, 1.606451534E-02, 6.000000238E-01, 2.748588435E-06, 1.610776497E-02, 5.603118747E+02, 0.000000000E+00
       319, 3.413510509E-03, 1.716087759E-02, 6.000000238E-01, 3.426156140E-06, 1.750770518E-02, 5.611947648E+02, 0.000000000E+00
       320, 6.139676552E-03, 1.808690466E-02, 6.000000238E-01, 4.289615098E-06, 1.911337499E-02, 5.621269970E+02, 0.000000000E+00
       321,-1.003152505E-02,-1.995394239E-03, 6.000000238E-01, 6.689467351E-07, 1.023008213E-02, 5.555301671E+02, 0.000000000E+00
       322,-1.019240823E-02,-3.459856380E-03, 6.000000238E-01, 8.073982343E-07, 1.076616810E-02, 5.560669377E+02, 0.000000000E+00
       323,-1.020452473E-02,-5.032314453E-03, 6.000000238E-01, 9.788614787E-07, 1.138105008E-02, 5.566507344E+02, 0.000000000E+00
       324,-1.004614960E-02,-6.712622475E-03, 6.000000238E-01, 1.192183004E-06, 1.208630853E-02, 5.572829741E+02, 0.000000000E+00
       325,-9.691521525E-03,-8.499235846E-03, 6.000000238E-01, 1.458769606E-06, 1.289522510E-02, 5.579647643E+02, 0.000000000E+00
       326,-9.110259824E-03,-1.038826071E-02, 6.000000238E-01, 1.793362078E-06, 1.382303236E-02, 5.586967683E+02, 0.000000000E+00
       327,-8.266872726E-03,-1.237224974E-02, 6.000000238E-01, 2.215048024E-06, 1.488720032E-02, 5.594792247E+02, 0.000000000E+00
       328,-7.120399270E-03,-1.443873998E-02, 6.000000238E-01, 2.748588435E-06, 1.610776497E-02, 5.603120347E+02, 0.000000000E+00
       329,-5.624251440E-03,-1.656850986E-02, 6.000000238E-01, 3.426156140E-06, 1.750770518E-02, 5.611948130E+02, 0.000000000E+00
       330,-3.726336407E-03,-1.873355731E-02, 6.000000238E-01, 4.289615098E-06, 1.911337499E-02, 5.621269547E+02, 0.000000000E+00
       331,-8.504316211E-03, 5.682402290E-03, 6.000000238E-01, 6.689467351E-07, 1.023008213E-02, 5.555310788E+02, 0.000000000E+00
       332,-8.092528209E-03, 7.096956484E-03, 6.000000238E-01, 8.073982343E-07, 1.076616810E-02, 5.560673202E+02, 0.000000000E+00
       333,-7.501967717E-03, 8.554354310E-03, 6.000000238E-01, 9.788614787E-07, 1.138105008E-02, 5.566508563E+02, 0.000000000E+00
       334,-6.712622475E-03, 1.004614960E-02, 6.000000238E-01, 1.192183004E-06, 1.208630853E-02, 5.572829741E+02, 0.000000000E+00
       335,-5.701281130E-03, 1.156105474E-02, 6.000000238E-01, 1.458769606E-06, 1.289522510E-02, 5.579646472E+02, 0.000000000E+00
       336,-4.441367462E-03, 1.308384724E-02, 6.000000238E-01, 1.793362078E-06, 1.382303236E-02, 5.586965614E+02, 0.000000000E+00
       337,-2.902939683E-03, 1.459406316E-02, 6.000000238E-01, 2.215048024E-06, 1.488720032E-02, 5.594790067E+02, 0.000000000E+00
       338,-1.052923966E-03, 1.606451534E-02, 6.000000238E-01, 2.748588435E-06, 1.610776497E-02, 5.603118747E+02, 0.000000000E+00
       339, 1.144363661E-03, 1.745961607E-02, 6.000000238E-01, 3.426156140E-06, 1.750770518E-02, 5.611947358E+02, 0.000000000E+00
       340, 3.726336407E-03, 1.873355731E-02, 6.000000238E-01, 4.289615098E-06, 1.911337499E-02, 5.621269547E+02, 0.000000000E+00
       341,-1.020615548E-02,-6.689467700E-04, 6.000000238E-01, 6.689467351E-07, 1.023008213E-02, 5.555298739E+02, 0.000000000E+00
       342,-1.055681333E-02,-2.099880716E-03, 6.000000238E-01, 8.073982343E-07, 1.076616810E-02, 5.560666015E+02, 0.000000000E+00
       343,-1.077407226E-02,-3.657304449E-03, 6.000000238E-01, 9.788614787E-07, 1.138105008E-02, 5.566505118E+02, 0.000000000E+00
       344,-1.083637588E-02,-5.343909375E-03, 6.000000238E-01, 1.192183004E-06, 1.208630853E-02, 5.572828758E+02, 0.000000000E+00
       345,-1.071798149E-02,-7.161526009E-03, 6.000000238E-01, 1.458769606E-06, 1.289522510E-02, 5.579647322E+02, 0.000000000E+00
       346,-1.038826071E-02,-9.110260755E-03, 6.000000238E-01, 1.793362078E-06, 1.382303236E-02, 5.586967683E+02, 0.000000000E+00
       347,-9.811051190E-03,-1.118735969E-02, 6.000000238E-01, 2.215048024E-06, 1.488720032E-02, 5.594792537E+02, 0.000000000E+00
       348,-8.944116533E-03,-1.338581648E-02, 6.000000238E-01, 2.748588435E-06, 1.610776497E-02, 5.603120837E+02, 0.000000000E+00
       349,-7.738759741E-03,-1.569265313E-02, 6.000000238E-01, 3.426156140E-06, 1.750770518E-02, 5.611948651E+02, 0.000000000E+00
       350,-6.139676552E-03,-1.808690466E-02, 6.000000238E-01, 4.289615098E-06, 1.911337499E-02, 5.621269970E+02, 0.000000000E+00
       351,-9.173262864E-03, 4.523752723E-03, 6.000000238E-01, 6.689467351E-07, 1.023008213E-02, 5.555309603E+02, 0.000000000E+00
       352,-8.949633688E-03, 5.979953799E-03, 6.000000238E-01, 8.073982343E-07, 1.076616810E-02, 5.560673375E+02, 0.000000000E+00
       353,-8.554355241E-03, 7.501967717E-03, 6.000000238E-01, 9.788614787E-07, 1.138105008E-02, 5.566508563E+02, 0.000000000E+00
       354,-7.966480218E-03, 9.084030055E-03, 6.000000238E-01, 1.192183004E-06, 1.208630853E-02, 5.572830010E+02, 0.000000000E+00
       355,-7.161526009E-03, 1.071798149E-02, 6.000000238E-01, 1.458769606E-06, 1.289522510E-02, 5.579647322E+02, 0.000000000E+00
       356,-6.111155730E-03, 1.239219774E-02, 6.000000238E-01, 1.793362078E-06, 1.382303236E-02, 5.586966651E+02, 0.000000000E+00
       357,-4.783012439E-03, 1.409029961E-02, 6.000000238E-01, 2.215048024E-06, 1.488720032E-02, 5.594790854E+02, 0.000000000E+00
       358,-3.140755929E-03, 1.578964666E-02, 6.000000238E-01, 2.748588435E-06, 1.610776497E-02, 5.603119114E+02, 0.000000000E+00
       359,-1.144363661E-03, 1.745961607E-02, 6.000000238E-01, 3.426156140E-06, 1.750770518E-02, 5.611947358E+02, 0.000000000E+00
       360, 1.249236986E-03, 1.905967295E-02, 6.000000238E-01, 4.289615098E-06, 1.911337499E-02, 5.621269294E+02, 0.000000000E+00
       361,-1.020615548E-02, 6.689467118E-04, 6.000000238E-01, 6.689467351E-07, 1.023008213E-02, 5.555298739E+02, 0.000000000E+00
       362,-1.074058656E-02,-7.039752672E-04, 6.000000238E-01, 8.073982343E-07, 1.076616810E-02, 5.560663774E+02, 0.000000000E+00
       363,-1.115927193E-02,-2.219717251E-03, 6.000000238E-01, 9.788614787E-07, 1.138105008E-02, 5.566502569E+02, 0.000000000E+00
       364,-1.144118980E-02,-3.883760422E-03, 6.000000238E-01, 1.192183004E-06, 1.208630853E-02, 5.572827022E+02, 0.000000000E+00
       365,-1.156105474E-02,-5.701281130E-03, 6.000000238E-01, 1.458769606E-06, 1.289522510E-02, 5.579646472E+02, 0.000000000E+00
       366,-1.148851495E-02,-7.676380221E-03, 6.000000238E-01, 1.793362078E-06, 1.382303236E-02, 5.586967365E+02, 0.000000000E+00
       367,-1.118735969E-02,-9.811051190E-03, 6.000000238E-01, 2.215048024E-06, 1.488720032E-02, 5.594792537E+02, 0.000000000E+00
       368,-1.061479747E-02,-1.210385654E-02, 6.000000238E-01, 2.748588435E-06, 1.610776497E-02, 5.603121092E+02, 0.000000000E+00
       369,-9.720855393E-03,-1.454828773E-02, 6.000000238E-01, 3.426156140E-06, 1.750770518E-02, 5.611949069E+02, 0.000000000E+00
       370,-8.447965607E-03,-1.713077910E-02, 6.000000238E-01, 4.289615098E-06, 1.911337499E-02, 5.621270435E+02, 0.000000000E+00
       371,-9.685252793E-03, 3.287700238E-03, 6.000000238E-01, 6.689467351E-07, 1.023008213E-02, 5.555306044E+02, 0.000000000E+00
       372,-9.653609246E-03, 4.760633223E-03, 6.000000238E-01, 8.073982343E-07, 1.076616810E-02, 5.560672205E+02, 0.000000000E+00
       373,-9.460374713E-03, 6.321220193E-03, 6.000000238E-01, 9.788614787E-07, 1.138105008E-02, 5.566508440E+02, 0.000000000E+00
       374,-9.084030055E-03, 7.966480218E-03, 6.000000238E-01, 1.192183004E-06, 1.208630853E-02, 5.572830010E+02, 0.000000000E+00
       375,-8.499235846E-03, 9.691521525E-03, 6.000000238E-01, 1.458769606E-06, 1.289522510E-02, 5.579647643E+02, 0.000000000E+00
       376,-7.676380221E-03, 1.148851495E-02, 6.000000238E-01, 1.793362078E-06, 1.382303236E-02, 5.586967365E+02, 0.000000000E+00
       377,-6.581245922E-03, 1.334544644E-02, 6.000000238E-01, 2.215048024E-06, 1.488720032E-02, 5.594791657E+02, 0.000000000E+00
       378,-5.174849182E-03, 1.524461340E-02, 6.000000238E-01, 2.748588435E-06, 1.610776497E-02, 5.603119715E+02, 0.000000000E+00
       379,-3.413510509E-03, 1.716087759E-02, 6.000000238E-01, 3.426156140E-06, 1.750770518E-02, 5.611947648E+02, 0.000000000E+00
       380,-1.249236986E-03, 1.905967295E-02, 6.000000238E-01, 4.289615098E-06, 1.911337499E-02, 5.621269294E+02, 0.000000000E+00
       381,-1.003152505E-02, 1.995394472E-03, 6.000000238E-01, 6.689467351E-07, 1.023008213E-02, 5.555301671E+02, 0.000000000E+00
       382,-1.074058749E-02, 7.039752672E-04, 6.000000238E-01, 8.073982343E-07, 1.076616810E-02, 5.560663774E+02, 0.000000000E+00
       383,-1.135353465E-02,-7.441499620E-04, 6.000000238E-01, 9.788614787E-07, 1.138105008E-02, 5.566500885E+02, 0.000000000E+00
       384,-1.185024064E-02,-2.357159508E-03, 6.000000238E-01, 1.192183004E-06, 1.208630853E-02, 5.572825110E+02, 0.000000000E+00
       385,-1.220631506E-02,-4.143485799E-03, 6.000000238E-01, 1.458769606E-06, 1.289522510E-02, 5.579645128E+02, 0.000000000E+00
       386,-1.239219774E-02,-6.111155730E-03, 6.000000238E-01, 1.793362078E-06, 1.382303236E-02, 5.586966651E+02, 0.000000000E+00
       387,-1.237224974E-02,-8.266872726E-03, 6.000000238E-01, 2.215048024E-06, 1.488720032E-02, 5.594792247E+02, 0.000000000E+00
       388,-1.210385747E-02,-1.061479840E-02, 6.000000238E-01, 2.748588435E-06, 1.610776497E-02, 5.603121092E+02, 0.000000000E+00
       389,-1.153662521E-02,-1.315500028E-02, 6.000000238E-01, 3.426156140E-06, 1.750770518E-02, 5.611949294E+02, 0.000000000E+00
       390,-1.061170828E-02,-1.588154212E-02, 6.000000238E-01, 4.289615098E-06, 1.911337499E-02, 5.621270814E+02, 0.000000000E+00
       391,-1.019240823E-02, 3.459856613E-03, 6.000000238E-01, 8.073982343E-07, 1.076616810E-02, 5.560669377E+02, 0.000000000E+00
       392,-1.020452380E-02, 5.032314453E-03, 6.000000238E-01, 9.788614787E-07, 1.138105008E-02, 5.566507344E+02, 0.000000000E+00
       393,-1.004614867E-02, 6.712622475E-03, 6.000000238E-01, 1.192183004E-06, 1.208630853E-02, 5.572829741E+02, 0.000000000E+00
       394,-9.691521525E-03, 8.499235846E-03, 6.000000238E-01, 1.458769606E-06, 1.289522510E-02, 5.579647643E+02, 0.000000000E+00
       395,-9.110260755E-03, 1.038826071E-02, 6.000000238E-01, 1.793362078E-06, 1.382303236E-02, 5.586967683E+02, 0.000000000E+00
       396,-8.266872726E-03, 1.237224974E-02, 6.000000238E-01, 2.215048024E-06, 1.488720032E-02, 5.594792247E+02, 0.000000000E+00
       397,-7.120399270E-03, 1.443873998E-02, 6.000000238E-01, 2.748588435E-06, 1.610776497E-02, 5.603120347E+02, 0.000000000E+00
       398,-5.624251440E-03, 1.656851172E-02, 6.000000238E-01, 3.426156140E-06, 1.750770518E-02, 5.611948130E+02, 0.000000000E+00
       399,-3.726336174E-03, 1.873355731E-02, 6.000000238E-01, 4.289615098E-06, 1.911337499E-02, 5.621269547E+02, 0.000000000E+00
       400,-1.055681333E-02, 2.099880716E-03, 6.000000238E-01, 8.073982343E-07, 1.076616810E-02, 5.560666015E+02, 0.000000000E+00
       401,-1.135353465E-02, 7.441499620E-04, 6.000000238E-01, 9.788614787E-07, 1.138105008E-02, 5.566500885E+02, 0.000000000E+00
       402,-1.205653138E-02,-7.902267971E-04, 6.000000238E-01, 1.192183004E-06, 1.208630853E-02, 5.572823863E+02, 0.000000000E+00
       403,-1.264272165E-02,-2.514793538E-03, 6.000000238E-01, 1.458769606E-06, 1.289522510E-02, 5.579643707E+02, 0.000000000E+00
       404,-1.308384724E-02,-4.441367462E-03, 6.000000238E-01, 1.793362078E-06, 1.382303236E-02, 5.586965614E+02, 0.000000000E+00
       405,-1.334544644E-02,-6.581245922E-03, 6.000000238E-01, 2.215048024E-06, 1.488720032E-02, 5.594791657E+02, 0.000000000E+00
       406,-1.338581648E-02,-8.944116533E-03, 6.000000238E-01, 2.748588435E-06, 1.610776497E-02, 5.603120837E+02, 0.000000000E+00
       407,-1.315499935E-02,-1.153662428E-02, 6.000000238E-01, 3.426156140E-06, 1.750770518E-02, 5.611949294E+02, 0.000000000E+00
       408,-1.259388123E-02,-1.436056942E-02, 6.000000238E-01, 4.289615098E-06, 1.911337499E-02, 5.621271022E+02, 0.000000000E+00
       409,-1.077407226E-02, 3.657304682E-03, 6.000000238E-01, 9.788614787E-07, 1.138105008E-02, 5.566505118E+02, 0.000000000E+00
       410,-1.083637588E-02, 5.343909375E-03, 6.000000238E-01, 1.192183004E-06, 1.208630853E-02, 5.572828758E+02, 0.000000000E+00
       411,-1.071798149E-02, 7.161526475E-03, 6.000000238E-01, 1.458769606E-06, 1.289522510E-02, 5.579647322E+02, 0.000000000E+00
       412,-1.038826071E-02, 9.110259824E-03, 6.000000238E-01, 1.793362078E-06, 1.382303236E-02, 5.586967683E+02, 0.000000000E+00
       413,-9.811051190E-03, 1.118735969E-02, 6.000000238E-01, 2.215048024E-06, 1.488720032E-02, 5.594792537E+02, 0.000000000E+00
       414,-8.944116533E-03, 1.338581648E-02, 6.000000238E-01, 2.748588435E-06, 1.610776497E-02, 5.603120837E+02, 0.000000000E+00
       415,-7.738759741E-03, 1.569265127E-02, 6.000000238E-01, 3.426156140E-06, 1.750770518E-02, 5.611948651E+02, 0.000000000E+00
       416,-6.139677018E-03, 1.808690466E-02, 6.000000238E-01, 4.289615098E-06, 1.911337499E-02, 5.621269970E+02, 0.000000000E+00
       417,-1.115927286E-02, 2.219717251E-03, 6.000000238E-01, 9.788614787E-07, 1.138105008E-02, 5.566502569E+02, 0.000000000E+00
       418,-1.205653138E-02, 7.902267971E-04, 6.000000238E-01, 1.192183004E-06, 1.208630853E-02, 5.572823863E+02, 0.000000000E+00
       419,-1.286280714E-02,-8.430729504E-04, 6.000000238E-01, 1.458769606E-06, 1.289522510E-02, 5.579642793E+02, 0.000000000E+00
       420,-1.355162822E-02,-2.695586067E-03, 6.000000238E-01, 1.793362078E-06, 1.382303236E-02, 5.586964561E+02, 0.000000000E+00
       421,-1.409029961E-02,-4.783012439E-03, 6.000000238E-01, 2.215048024E-06, 1.488720032E-02, 5.594790854E+02, 0.000000000E+00
       422,-1.443873998E-02,-7.120399270E-03, 6.000000238E-01, 2.748588435E-06, 1.610776497E-02, 5.603120347E+02, 0.000000000E+00
       423,-1.454828866E-02,-9.720856324E-03, 6.000000238E-01, 3.426156140E-06, 1.750770518E-02, 5.611949069E+02, 0.000000000E+00
       424,-1.436056849E-02,-1.259388123E-02, 6.000000238E-01, 4.289615098E-06, 1.911337499E-02, 5.621271022E+02, 0.000000000E+00
       425,-1.144118980E-02, 3.883760655E-03, 6.000000238E-01, 1.192183004E-06, 1.208630853E-02, 5.572827022E+02, 0.000000000E+00
       426,-1.156105474E-02, 5.701281130E-03, 6.000000238E-01, 1.458769606E-06, 1.289522510E-02, 5.579646472E+02, 0.000000000E+00
       427,-1.148851495E-02, 7.676380686E-03, 6.000000238E-01, 1.793362078E-06, 1.382303236E-02, 5.586967365E+02, 0.000000000E+00
       428,-1.118735969E-02, 9.811051190E-03, 6.000000238E-01, 2.215048024E-06, 1.488720032E-02, 5.594792537E+02, 0.000000000E+00
       429,-1.061479840E-02, 1.210385747E-02, 6.000000238E-01, 2.748588435E-06, 1.610776497E-02, 5.603121092E+02, 0.000000000E+00
       430,-9.720856324E-03, 1.454828866E-02, 6.000000238E-01, 3.426156140E-06, 1.750770518E-02, 5.611949069E+02, 0.000000000E+00
       431,-8.447965607E-03, 1.713077910E-02, 6.000000238E-01, 4.289615098E-06, 1.911337499E-02, 5.621270435E+02, 0.000000000E+00
       432,-1.185024064E-02, 2.357159508E-03, 6.000000238E-01, 1.192183004E-06, 1.208630853E-02, 5.572825110E+02, 0.000000000E+00
       433,-1.286280714E-02, 8.430729504E-04, 6.000000238E-01, 1.458769606E-06, 1.289522510E-02, 5.579642793E+02, 0.000000000E+00
       434,-1.378753595E-02,-9.036828415E-04, 6.000000238E-01, 1.793362078E-06, 1.382303236E-02, 5.586963894E+02, 0.000000000E+00
       435,-1.459406316E-02,-2.902939683E-03, 6.000000238E-01, 2.215048024E-06, 1.488720032E-02, 5.594790067E+02, 0.000000000E+00
       436,-1.524461340E-02,-5.174849182E-03, 6.000000238E-01, 2.748588435E-06, 1.610776497E-02, 5.603119715E+02, 0.000000000E+00
       437,-1.569265127E-02,-7.738759741E-03, 6.000000238E-01, 3.426156140E-06, 1.750770518E-02, 5.611948651E+02, 0.000000000E+00
       438,-1.588154212E-02,-1.061170828E-02, 6.000000238E-01, 4.289615098E-06, 1.911337499E-02, 5.621270814E+02, 0.000000000E+00
       439,-1.220631506E-02, 4.143485799E-03, 6.000000238E-01, 1.458769606E-06, 1.289522510E-02, 5.579645128E+02, 0.000000000E+00
       440,-1.239219774E-02, 6.111155730E-03, 6.000000238E-01, 1.793362078E-06, 1.382303236E-02, 5.586966651E+02, 0.000000000E+00
       441,-1.237224974E-02, 8.266872726E-03, 6.000000238E-01, 2.215048024E-06, 1.488720032E-02, 5.594792247E+02, 0.000000000E+00
       442,-1.210385654E-02, 1.061479747E-02, 6.000000238E-01, 2.748588435E-06, 1.610776497E-02, 5.603121092E+02, 0.000000000E+00
       443,-1.153662428E-02, 1.315499935E-02, 6.000000238E-01, 3.426156140E-06, 1.750770518E-02, 5.611949294E+02, 0.000000000E+00
       444,-1.061170828E-02, 1.588154212E-02, 6.000000238E-01, 4.289615098E-06, 1.911337499E-02, 5.621270814E+02, 0.000000000E+00
       445,-1.264272165E-02, 2.514793770E-03, 6.000000238E-01, 1.458769606E-06, 1.289522510E-02, 5.579643707E+02, 0.000000000E+00
       446,-1.378753595E-02, 9.036828997E-04, 6.000000238E-01, 1.793362078E-06, 1.382303236E-02, 5.586963894E+02, 0.000000000E+00
       447,-1.484811958E-02,-9.731971659E-04, 6.000000238E-01, 2.215048024E-06, 1.488720032E-02, 5.594789579E+02, 0.000000000E+00
       448,-1.578964666E-02,-3.140755929E-03, 6.000000238E-01, 2.748588435E-06, 1.610776497E-02, 5.603119114E+02, 0.000000000E+00
       449,-1.656851172E-02,-5.624251440E-03, 6.000000238E-01, 3.426156140E-06, 1.750770518E-02, 5.611948130E+02, 0.000000000E+00
       450,-1.713077910E-02,-8.447965607E-03, 6.000000238E-01, 4.289615098E-06, 1.911337499E-02, 5.621270435E+02, 0.000000000E+00
       451,-1.308384724E-02, 4.441367462E-03, 6.000000238E-01, 1.793362078E-06, 1.382303236E-02, 5.586965614E+02, 0.000000000E+00
       452,-1.334544737E-02, 6.581246387E-03, 6.000000238E-01, 2.215048024E-06, 1.488720032E-02, 5.594791657E+02, 0.000000000E+00
       453,-1.338581648E-02, 8.944116533E-03, 6.000000238E-01, 2.748588435E-06, 1.610776497E-02, 5.603120837E+02, 0.000000000E+00
       454,-1.315500028E-02, 1.153662521E-02, 6.000000238E-01, 3.426156140E-06, 1.750770518E-02, 5.611949294E+02, 0.000000000E+00
       455,-1.259388123E-02, 1.436056849E-02, 6.000000238E-01, 4.289615098E-06, 1.911337499E-02, 5.621271022E+02, 0.000000000E+00
       456,-1.355162822E-02, 2.695586300E-03, 6.000000238E-01, 1.793362078E-06, 1.382303236E-02, 5.586964561E+02, 0.000000000E+00
       457,-1.484811865E-02, 9.731971659E-04, 6.000000238E-01, 2.215048024E-06, 1.488720032E-02, 5.594789579E+02, 0.000000000E+00
       458,-1.606451534E-02,-1.052923966E-03, 6.000000238E-01, 2.748588435E-06, 1.610776497E-02, 5.603118747E+02, 0.000000000E+00
       459,-1.716087759E-02,-3.413510509E-03, 6.000000238E-01, 3.426156140E-06, 1.750770518E-02, 5.611947648E+02, 0.000000000E+00
       460,-1.808690466E-02,-6.139677018E-03, 6.000000238E-01, 4.289615098E-06, 1.911337499E-02, 5.621269970E+02, 0.000000000E+00
       461,-1.409029961E-02, 4.783012439E-03, 6.000000238E-01, 2.215048024E-06, 1.488720032E-02, 5.594790854E+02, 0.000000000E+00
       462,-1.443873998E-02, 7.120399270E-03, 6.000000238E-01, 2.748588435E-06, 1.610776497E-02, 5.603120347E+02, 0.000000000E+00
       463,-1.454828773E-02, 9.720855393E-03, 6.000000238E-01, 3.426156140E-06, 1.750770518E-02, 5.611949069E+02, 0.000000000E+00
       464,-1.436056942E-02, 1.259388123E-02, 6.000000238E-01, 4.289615098E-06, 1.911337499E-02, 5.621271022E+02, 0.000000000E+00
       465,-1.459406409E-02, 2.902939683E-03, 6.000000238E-01, 2.215048024E-06, 1.488720032E-02, 5.594790067E+02, 0.000000000E+00
       466,-1.606451534E-02, 1.052923966E-03, 6.000000238E-01, 2.748588435E-06, 1.610776497E-02, 5.603118747E+02, 0.000000000E+00
       467,-1.745961607E-02,-1.144363661E-03, 6.000000238E-01, 3.426156140E-06, 1.750770518E-02, 5.611947358E+02, 0.000000000E+00
       468,-1.873355731E-02,-3.726336174E-03, 6.000000238E-01, 4.289615098E-06, 1.911337499E-02, 5.621269547E+02, 0.000000000E+00
       469,-1.524461340E-02, 5.174848717E-03, 6.000000238E-01, 2.748588435E-06, 1.610776497E-02, 5.603119715E+02, 0.000000000E+00
       470,-1.569265313E-02, 7.738759741E-03, 6.000000238E-01, 3.426156140E-06, 1.750770518E-02, 5.611948651E+02, 0.000000000E+00
       471,-1.588154212E-02, 1.061170828E-02, 6.000000238E-01, 4.289615098E-06, 1.911337499E-02, 5.621270814E+02, 0.000000000E+00
       472,-1.578964666E-02, 3.140755929E-03, 6.000000238E-01, 2.748588435E-06, 1.610776497E-02, 5.603119114E+02, 0.000000000E+00
       473,-1.745961607E-02, 1.144363661E-03, 6.000000238E-01, 3.426156140E-06, 1.750770518E-02, 5.611947358E+02, 0.000000000E+00
       474,-1.905967295E-02,-1.249236986E-03, 6.000000238E-01, 4.289615098E-06, 1.911337499E-02, 5.621269294E+02, 0.000000000E+00
       475,-1.656850986E-02, 5.624251440E-03, 6.000000238E-01, 3.426156140E-06, 1.750770518E-02, 5.611948130E+02, 0.000000000E+00
       476,-1.713077910E-02, 8.447965607E-03, 6.000000238E-01, 4.289615098E-06, 1.911337499E-02, 5.621270435E+02, 0.000000000E+00
       477,-1.716087759E-02, 3.413510509E-03, 6.000000238E-01, 3.426156140E-06, 1.750770518E-02, 5.611947648E+02, 0.000000000E+00
       478,-1.905967295E-02, 1.249236986E-03, 6.000000238E-01, 4.289615098E-06, 1.911337499E-02, 5.621269294E+02, 0.000000000E+00
       479,-1.808690466E-02, 6.139676552E-03, 6.000000238E-01, 4.289615098E-06, 1.911337499E-02, 5.621269970E+02, 0.000000000E+00
       480,-1.873355731E-02, 3.726336407E-03, 6.000000238E-01, 4.289615098E-06, 1.911337499E-02, 5.621269547E+02, 0.000000000E+00
