nodenumber,    x-coordinate,    y-coordinate,    z-coordinate,radial-coordinate,     temperature
         1,-3.673940397E-18,-2.000000000E-02, 6.000000000E-01, 2.000000000E-02, 5.622631712E+02
         2,-2.610523844E-03,-1.982889723E-02, 6.000000000E-01, 2.000000000E-02, 5.622631839E+02
         3, 2.610523844E-03,-1.982889723E-02, 6.000000000E-01, 2.000000000E-02, 5.622631839E+02
         4,-5.176380902E-03,-1.931851653E-02, 6.000000000E-01, 2.000000000E-02, 5.622632177E+02
         5, 5.176380902E-03,-1.931851653E-02, 6.000000000E-01, 2.000000000E-02, 5.622632177E+02
         6,-7.653668647E-03,-1.847759065E-02, 6.000000000E-01, 2.000000000E-02, 5.622632621E+02
         7, 7.653668647E-03,-1.847759065E-02, 6.000000000E-01, 2.000000000E-02, 5.622632621E+02
         8,-3.358552084E-18,-1.828310599E-02, 6.000000000E-01, 1.828310599E-02, 5.616488401E+02
         9,-2.386424206E-03,-1.812669148E-02, 6.000000000E-01, 1.828310599E-02, 5.616488537E+02
        10, 2.386424206E-03,-1.812669148E-02, 6.000000000E-01, 1.828310599E-02, 5.616488537E+02
        11,-4.732016033E-03,-1.766012426E-02, 6.000000000E-01, 1.828310599E-02, 5.616488900E+02
        12, 4.732016033E-03,-1.766012426E-02, 6.000000000E-01, 1.828310599E-02, 5.616488900E+02
        13,-1.000000000E-02,-1.732050808E-02, 6.000000000E-01, 2.000000000E-02, 5.622633042E+02
        14, 1.000000000E-02,-1.732050808E-02, 6.000000000E-01, 2.000000000E-02, 5.622633042E+02
        15,-6.996641753E-03,-1.689138741E-02, 6.000000000E-01, 1.828310599E-02, 5.616489374E+02
        16, 6.996641753E-03,-1.689138741E-02, 6.000000000E-01, 1.828310599E-02, 5.616489374E+02
        17,-3.083563154E-18,-1.678613598E-02, 6.000000000E-01, 1.678613598E-02, 5.607428324E+02
        18,-2.191030411E-03,-1.664252826E-02, 6.000000000E-01, 1.678613598E-02, 5.607428488E+02
        19, 2.191030411E-03,-1.664252826E-02, 6.000000000E-01, 1.678613598E-02, 5.607428488E+02
        20,-4.344571685E-03,-1.621416226E-02, 6.000000000E-01, 1.678613598E-02, 5.607428925E+02
        21, 4.344571685E-03,-1.621416226E-02, 6.000000000E-01, 1.678613598E-02, 5.607428925E+02
        22,-1.217522858E-02,-1.586706681E-02, 6.000000000E-01, 2.000000000E-02, 5.622633336E+02
        23, 1.217522858E-02,-1.586706681E-02, 6.000000000E-01, 2.000000000E-02, 5.622633336E+02
        24,-9.141552993E-03,-1.583363424E-02, 6.000000000E-01, 1.828310599E-02, 5.616489820E+02
        25, 9.141552993E-03,-1.583363424E-02, 6.000000000E-01, 1.828310599E-02, 5.616489820E+02
        26,-6.423776132E-03,-1.550836746E-02, 6.000000000E-01, 1.678613598E-02, 5.607429485E+02
        27, 6.423776132E-03,-1.550836746E-02, 6.000000000E-01, 1.678613598E-02, 5.607429485E+02
        28,-2.843798686E-18,-1.548091900E-02, 6.000000000E-01, 1.548091900E-02, 5.598863882E+02
        29,-2.020665410E-03,-1.534847760E-02, 6.000000000E-01, 1.548091900E-02, 5.598864097E+02
        30, 2.020665410E-03,-1.534847760E-02, 6.000000000E-01, 1.548091900E-02, 5.598864097E+02
        31,-4.006756674E-03,-1.495341948E-02, 6.000000000E-01, 1.548091900E-02, 5.598864659E+02
        32, 4.006756674E-03,-1.495341948E-02, 6.000000000E-01, 1.548091900E-02, 5.598864659E+02
        33,-8.393067989E-03,-1.453722019E-02, 6.000000000E-01, 1.678613598E-02, 5.607430001E+02
        34, 8.393067989E-03,-1.453722019E-02, 6.000000000E-01, 1.678613598E-02, 5.607430001E+02
        35,-1.113004973E-02,-1.450496320E-02, 6.000000000E-01, 1.828310599E-02, 5.616490128E+02
        36, 1.113004973E-02,-1.450496320E-02, 6.000000000E-01, 1.828310599E-02, 5.616490128E+02
        37,-2.634746633E-18,-1.434289263E-02, 6.000000000E-01, 1.434289263E-02, 5.590799978E+02
        38,-5.924291221E-03,-1.430250421E-02, 6.000000000E-01, 1.548091900E-02, 5.598865367E+02
        39, 5.924291221E-03,-1.430250421E-02, 6.000000000E-01, 1.548091900E-02, 5.598865367E+02
        40,-1.872123161E-03,-1.422018720E-02, 6.000000000E-01, 1.434289263E-02, 5.590800267E+02
        41, 1.872123161E-03,-1.422018720E-02, 6.000000000E-01, 1.434289263E-02, 5.590800267E+02
        42,-1.414213562E-02,-1.414213562E-02, 6.000000000E-01, 2.000000000E-02, 5.622633441E+02
        43, 1.414213562E-02,-1.414213562E-02, 6.000000000E-01, 2.000000000E-02, 5.622633441E+02
        44,-3.712213776E-03,-1.385417042E-02, 6.000000000E-01, 1.434289263E-02, 5.590801018E+02
        45, 3.712213776E-03,-1.385417042E-02, 6.000000000E-01, 1.434289263E-02, 5.590801018E+02
        46,-7.740459502E-03,-1.340686913E-02, 6.000000000E-01, 1.548091900E-02, 5.598865997E+02
        47, 7.740459502E-03,-1.340686913E-02, 6.000000000E-01, 1.548091900E-02, 5.598865997E+02
        48,-2.452472916E-18,-1.335064073E-02, 6.000000000E-01, 1.335064073E-02, 5.583239020E+02
        49,-1.021875213E-02,-1.331733705E-02, 6.000000000E-01, 1.678613598E-02, 5.607430349E+02
        50, 1.021875213E-02,-1.331733705E-02, 6.000000000E-01, 1.678613598E-02, 5.607430349E+02
        51,-5.488787383E-03,-1.325110494E-02, 6.000000000E-01, 1.434289263E-02, 5.590801940E+02
        52, 5.488787383E-03,-1.325110494E-02, 6.000000000E-01, 1.434289263E-02, 5.590801940E+02
        53,-1.742608299E-03,-1.323642415E-02, 6.000000000E-01, 1.335064073E-02, 5.583239416E+02
        54, 1.742608299E-03,-1.323642415E-02, 6.000000000E-01, 1.335064073E-02, 5.583239416E+02
        55,-1.292810822E-02,-1.292810822E-02, 6.000000000E-01, 1.828310599E-02, 5.616490236E+02
        56, 1.292810822E-02,-1.292810822E-02, 6.000000000E-01, 1.828310599E-02, 5.616490236E+02
        57,-3.455400086E-03,-1.289572868E-02, 6.000000000E-01, 1.335064073E-02, 5.583240432E+02
        58, 3.455400086E-03,-1.289572868E-02, 6.000000000E-01, 1.335064073E-02, 5.583240432E+02
        59,-2.293547388E-18,-1.248549046E-02, 6.000000000E-01, 1.248549046E-02, 5.576180227E+02
        60,-7.171446317E-03,-1.242130938E-02, 6.000000000E-01, 1.434289263E-02, 5.590802728E+02
        61, 7.171446317E-03,-1.242130938E-02, 6.000000000E-01, 1.434289263E-02, 5.590802728E+02
        62,-1.629683527E-03,-1.237867535E-02, 6.000000000E-01, 1.248549046E-02, 5.576180768E+02
        63, 1.629683527E-03,-1.237867535E-02, 6.000000000E-01, 1.248549046E-02, 5.576180768E+02
        64,-5.109069021E-03,-1.233438372E-02, 6.000000000E-01, 1.335064073E-02, 5.583241649E+02
        65, 5.109069021E-03,-1.233438372E-02, 6.000000000E-01, 1.335064073E-02, 5.583241649E+02
        66,-9.424186376E-03,-1.228183880E-02, 6.000000000E-01, 1.548091900E-02, 5.598866404E+02
        67, 9.424186376E-03,-1.228183880E-02, 6.000000000E-01, 1.548091900E-02, 5.598866404E+02
        68,-1.586706681E-02,-1.217522858E-02, 6.000000000E-01, 2.000000000E-02, 5.622633336E+02
        69, 1.586706681E-02,-1.217522858E-02, 6.000000000E-01, 2.000000000E-02, 5.622633336E+02
        70,-3.231482718E-03,-1.206005769E-02, 6.000000000E-01, 1.248549046E-02, 5.576182144E+02
        71, 3.231482718E-03,-1.206005769E-02, 6.000000000E-01, 1.248549046E-02, 5.576182144E+02
        72,-1.186959058E-02,-1.186959058E-02, 6.000000000E-01, 1.678613598E-02, 5.607430469E+02
        73, 1.186959058E-02,-1.186959058E-02, 6.000000000E-01, 1.678613598E-02, 5.607430469E+02
        74,-2.154979284E-18,-1.173116083E-02, 6.000000000E-01, 1.173116083E-02, 5.569619203E+02
        75,-1.531223753E-03,-1.163079912E-02, 6.000000000E-01, 1.173116083E-02, 5.569619937E+02
        76, 1.531223753E-03,-1.163079912E-02, 6.000000000E-01, 1.173116083E-02, 5.569619937E+02
        77,-6.675320367E-03,-1.156199403E-02, 6.000000000E-01, 1.335064073E-02, 5.583242637E+02
        78, 6.675320367E-03,-1.156199403E-02, 6.000000000E-01, 1.335064073E-02, 5.583242637E+02
        79,-4.777990343E-03,-1.153508909E-02, 6.000000000E-01, 1.248549046E-02, 5.576183751E+02
        80, 4.777990343E-03,-1.153508909E-02, 6.000000000E-01, 1.248549046E-02, 5.576183751E+02
        81,-8.731399816E-03,-1.137898178E-02, 6.000000000E-01, 1.434289263E-02, 5.590803207E+02
        82, 8.731399816E-03,-1.137898178E-02, 6.000000000E-01, 1.434289263E-02, 5.590803207E+02
        83,-3.036247844E-03,-1.133143122E-02, 6.000000000E-01, 1.173116083E-02, 5.569621789E+02
        84, 3.036247844E-03,-1.133143122E-02, 6.000000000E-01, 1.173116083E-02, 5.569621789E+02
        85,-1.450496320E-02,-1.113004973E-02, 6.000000000E-01, 1.828310599E-02, 5.616490128E+02
        86, 1.450496320E-02,-1.113004973E-02, 6.000000000E-01, 1.828310599E-02, 5.616490128E+02
        87,-2.034160937E-18,-1.107345638E-02, 6.000000000E-01, 1.107345638E-02, 5.563547769E+02
        88,-1.445376096E-03,-1.097872143E-02, 6.000000000E-01, 1.107345638E-02, 5.563548752E+02
        89, 1.445376096E-03,-1.097872143E-02, 6.000000000E-01, 1.107345638E-02, 5.563548752E+02
        90,-1.094666281E-02,-1.094666281E-02, 6.000000000E-01, 1.548091900E-02, 5.598866541E+02
        91, 1.094666281E-02,-1.094666281E-02, 6.000000000E-01, 1.548091900E-02, 5.598866541E+02
        92,-4.489320892E-03,-1.083817938E-02, 6.000000000E-01, 1.173116083E-02, 5.569623899E+02
        93, 4.489320892E-03,-1.083817938E-02, 6.000000000E-01, 1.173116083E-02, 5.569623899E+02
        94,-6.242745228E-03,-1.081275191E-02, 6.000000000E-01, 1.248549046E-02, 5.576184982E+02
        95, 6.242745228E-03,-1.081275191E-02, 6.000000000E-01, 1.248549046E-02, 5.576184982E+02
        96,-2.866021407E-03,-1.069613751E-02, 6.000000000E-01, 1.107345638E-02, 5.563551215E+02
        97, 2.866021407E-03,-1.069613751E-02, 6.000000000E-01, 1.107345638E-02, 5.563551215E+02
        98,-8.127355132E-03,-1.059177542E-02, 6.000000000E-01, 1.335064073E-02, 5.583243188E+02
        99, 8.127355132E-03,-1.059177542E-02, 6.000000000E-01, 1.335064073E-02, 5.583243188E+02
       100,-1.928818709E-18,-1.050000000E-02, 6.000000000E-01, 1.050000000E-02, 5.557954011E+02
       101,-1.370525018E-03,-1.041017104E-02, 6.000000000E-01, 1.050000000E-02, 5.557955306E+02
       102, 1.370525018E-03,-1.041017104E-02, 6.000000000E-01, 1.050000000E-02, 5.557955306E+02
       103,-4.237628297E-03,-1.023053971E-02, 6.000000000E-01, 1.107345638E-02, 5.563553961E+02
       104, 4.237628297E-03,-1.023053971E-02, 6.000000000E-01, 1.107345638E-02, 5.563553961E+02
       105,-1.331733705E-02,-1.021875213E-02, 6.000000000E-01, 1.678613598E-02, 5.607430349E+02
       106, 1.331733705E-02,-1.021875213E-02, 6.000000000E-01, 1.678613598E-02, 5.607430349E+02
       107,-5.865580415E-03,-1.015948329E-02, 6.000000000E-01, 1.173116083E-02, 5.569625411E+02
       108, 5.865580415E-03,-1.015948329E-02, 6.000000000E-01, 1.173116083E-02, 5.569625411E+02
       109,-2.717599974E-03,-1.014222118E-02, 6.000000000E-01, 1.050000000E-02, 5.557958537E+02
       110, 2.717599974E-03,-1.014222118E-02, 6.000000000E-01, 1.050000000E-02, 5.557958537E+02
       111,-1.014195664E-02,-1.014195664E-02, 6.000000000E-01, 1.434289263E-02, 5.590803359E+02
       112, 1.014195664E-02,-1.014195664E-02, 6.000000000E-01, 1.434289263E-02, 5.590803359E+02
       113,-1.732050808E-02,-1.000000000E-02, 6.000000000E-01, 2.000000000E-02, 5.622633042E+02
       114,-1.836970199E-18,-1.000000000E-02, 6.000000000E-01, 1.000000000E-02, 5.554847057E+02
       115, 1.732050808E-02,-1.000000000E-02, 6.000000000E-01, 2.000000000E-02, 5.622633042E+02
       116,-1.305261922E-03,-9.914448614E-03, 6.000000000E-01, 1.000000000E-02, 5.554848561E+02
       117, 1.305261922E-03,-9.914448614E-03, 6.000000000E-01, 1.000000000E-02, 5.554848561E+02
       118,-7.600685012E-03,-9.905405559E-03, 6.000000000E-01, 1.248549046E-02, 5.576185587E+02
       119, 7.600685012E-03,-9.905405559E-03, 6.000000000E-01, 1.248549046E-02, 5.576185587E+02
       120,-4.018176040E-03,-9.700735091E-03, 6.000000000E-01, 1.050000000E-02, 5.557962072E+02
       121, 4.018176040E-03,-9.700735091E-03, 6.000000000E-01, 1.050000000E-02, 5.557962072E+02
       122,-2.588190451E-03,-9.659258263E-03, 6.000000000E-01, 1.000000000E-02, 5.554852308E+02
       123, 2.588190451E-03,-9.659258263E-03, 6.000000000E-01, 1.000000000E-02, 5.554852308E+02
       124,-5.536728192E-03,-9.589894536E-03, 6.000000000E-01, 1.107345638E-02, 5.563555793E+02
       125, 5.536728192E-03,-9.589894536E-03, 6.000000000E-01, 1.107345638E-02, 5.563555793E+02
       126,-9.440328597E-03,-9.440328597E-03, 6.000000000E-01, 1.335064073E-02, 5.583243348E+02
       127, 9.440328597E-03,-9.440328597E-03, 6.000000000E-01, 1.335064073E-02, 5.583243348E+02
       128,-1.228183880E-02,-9.424186376E-03, 6.000000000E-01, 1.548091900E-02, 5.598866404E+02
       129, 1.228183880E-02,-9.424186376E-03, 6.000000000E-01, 1.548091900E-02, 5.598866404E+02
       130,-7.141478231E-03,-9.306955630E-03, 6.000000000E-01, 1.173116083E-02, 5.569626028E+02
       131, 7.141478231E-03,-9.306955630E-03, 6.000000000E-01, 1.173116083E-02, 5.569626028E+02
       132,-3.826834324E-03,-9.238795325E-03, 6.000000000E-01, 1.000000000E-02, 5.554856371E+02
       133, 3.826834324E-03,-9.238795325E-03, 6.000000000E-01, 1.000000000E-02, 5.554856371E+02
       134,-1.583363424E-02,-9.141552993E-03, 6.000000000E-01, 1.828310599E-02, 5.616489820E+02
       135, 1.583363424E-02,-9.141552993E-03, 6.000000000E-01, 1.828310599E-02, 5.616489820E+02
       136,-5.250000000E-03,-9.093266740E-03, 6.000000000E-01, 1.050000000E-02, 5.557964260E+02
       137, 5.250000000E-03,-9.093266740E-03, 6.000000000E-01, 1.050000000E-02, 5.557964260E+02
       138,-8.828574968E-03,-8.828574968E-03, 6.000000000E-01, 1.248549046E-02, 5.576185735E+02
       139, 8.828574968E-03,-8.828574968E-03, 6.000000000E-01, 1.248549046E-02, 5.576185735E+02
       140,-6.741093132E-03,-8.785163610E-03, 6.000000000E-01, 1.107345638E-02, 5.563556346E+02
       141, 6.741093132E-03,-8.785163610E-03, 6.000000000E-01, 1.107345638E-02, 5.563556346E+02
       142,-1.137898178E-02,-8.731399816E-03, 6.000000000E-01, 1.434289263E-02, 5.590803207E+02
       143, 1.137898178E-02,-8.731399816E-03, 6.000000000E-01, 1.434289263E-02, 5.590803207E+02
       144,-5.000000000E-03,-8.660254038E-03, 6.000000000E-01, 1.000000000E-02, 5.554858781E+02
       145, 5.000000000E-03,-8.660254038E-03, 6.000000000E-01, 1.000000000E-02, 5.554858781E+02
       146,-1.453722019E-02,-8.393067989E-03, 6.000000000E-01, 1.678613598E-02, 5.607430001E+02
       147, 1.453722019E-02,-8.393067989E-03, 6.000000000E-01, 1.678613598E-02, 5.607430001E+02
       148,-6.391995005E-03,-8.330210073E-03, 6.000000000E-01, 1.050000000E-02, 5.557964632E+02
       149, 6.391995005E-03,-8.330210073E-03, 6.000000000E-01, 1.050000000E-02, 5.557964632E+02
       150,-8.295183374E-03,-8.295183374E-03, 6.000000000E-01, 1.173116083E-02, 5.569626126E+02
       151, 8.295183374E-03,-8.295183374E-03, 6.000000000E-01, 1.173116083E-02, 5.569626126E+02
       152,-1.059177542E-02,-8.127355132E-03, 6.000000000E-01, 1.335064073E-02, 5.583243188E+02
       153, 1.059177542E-02,-8.127355132E-03, 6.000000000E-01, 1.335064073E-02, 5.583243188E+02
       154,-6.087614290E-03,-7.933533403E-03, 6.000000000E-01, 1.000000000E-02, 5.554858990E+02
       155, 6.087614290E-03,-7.933533403E-03, 6.000000000E-01, 1.000000000E-02, 5.554858990E+02
       156,-7.830116100E-03,-7.830116100E-03, 6.000000000E-01, 1.107345638E-02, 5.563556333E+02
       157, 7.830116100E-03,-7.830116100E-03, 6.000000000E-01, 1.107345638E-02, 5.563556333E+02
       158,-1.340686913E-02,-7.740459502E-03, 6.000000000E-01, 1.548091900E-02, 5.598865997E+02
       159, 1.340686913E-02,-7.740459502E-03, 6.000000000E-01, 1.548091900E-02, 5.598865997E+02
       160,-1.847759065E-02,-7.653668647E-03, 6.000000000E-01, 2.000000000E-02, 5.622632621E+02
       161, 1.847759065E-02,-7.653668647E-03, 6.000000000E-01, 2.000000000E-02, 5.622632621E+02
       162,-9.905405559E-03,-7.600685012E-03, 6.000000000E-01, 1.248549046E-02, 5.576185587E+02
       163, 9.905405559E-03,-7.600685012E-03, 6.000000000E-01, 1.248549046E-02, 5.576185587E+02
       164,-7.424621202E-03,-7.424621202E-03, 6.000000000E-01, 1.050000000E-02, 5.557964415E+02
       165, 7.424621202E-03,-7.424621202E-03, 6.000000000E-01, 1.050000000E-02, 5.557964415E+02
       166,-1.242130938E-02,-7.171446317E-03, 6.000000000E-01, 1.434289263E-02, 5.590802728E+02
       167, 1.242130938E-02,-7.171446317E-03, 6.000000000E-01, 1.434289263E-02, 5.590802728E+02
       168,-9.306955630E-03,-7.141478231E-03, 6.000000000E-01, 1.173116083E-02, 5.569626028E+02
       169, 9.306955630E-03,-7.141478231E-03, 6.000000000E-01, 1.173116083E-02, 5.569626028E+02
       170,-7.071067812E-03,-7.071067812E-03, 6.000000000E-01, 1.000000000E-02, 5.554858609E+02
       171, 7.071067812E-03,-7.071067812E-03, 6.000000000E-01, 1.000000000E-02, 5.554858609E+02
       172,-1.689138741E-02,-6.996641753E-03, 6.000000000E-01, 1.828310599E-02, 5.616489374E+02
       173, 1.689138741E-02,-6.996641753E-03, 6.000000000E-01, 1.828310599E-02, 5.616489374E+02
       174,-8.785163610E-03,-6.741093132E-03, 6.000000000E-01, 1.107345638E-02, 5.563556346E+02
       175, 8.785163610E-03,-6.741093132E-03, 6.000000000E-01, 1.107345638E-02, 5.563556346E+02
       176,-1.156199403E-02,-6.675320367E-03, 6.000000000E-01, 1.335064073E-02, 5.583242637E+02
       177, 1.156199403E-02,-6.675320367E-03, 6.000000000E-01, 1.335064073E-02, 5.583242637E+02
       178,-1.550836746E-02,-6.423776132E-03, 6.000000000E-01, 1.678613598E-02, 5.607429485E+02
       179, 1.550836746E-02,-6.423776132E-03, 6.000000000E-01, 1.678613598E-02, 5.607429485E+02
       180,-8.330210073E-03,-6.391995005E-03, 6.000000000E-01, 1.050000000E-02, 5.557964632E+02
       181, 8.330210073E-03,-6.391995005E-03, 6.000000000E-01, 1.050000000E-02, 5.557964632E+02
       182,-1.081275191E-02,-6.242745228E-03, 6.000000000E-01, 1.248549046E-02, 5.576184982E+02
       183, 1.081275191E-02,-6.242745228E-03, 6.000000000E-01, 1.248549046E-02, 5.576184982E+02
       184,-7.933533403E-03,-6.087614290E-03, 6.000000000E-01, 1.000000000E-02, 5.554858990E+02
       185, 7.933533403E-03,-6.087614290E-03, 6.000000000E-01, 1.000000000E-02, 5.554858990E+02
       186,-1.430250421E-02,-5.924291221E-03, 6.000000000E-01, 1.548091900E-02, 5.598865367E+02
       187, 1.430250421E-02,-5.924291221E-03, 6.000000000E-01, 1.548091900E-02, 5.598865367E+02
       188,-1.015948329E-02,-5.865580415E-03, 6.000000000E-01, 1.173116083E-02, 5.569625411E+02
       189, 1.015948329E-02,-5.865580415E-03, 6.000000000E-01, 1.173116083E-02, 5.569625411E+02
       190,-9.589894536E-03,-5.536728192E-03, 6.000000000E-01, 1.107345638E-02, 5.563555793E+02
       191, 9.589894536E-03,-5.536728192E-03, 6.000000000E-01, 1.107345638E-02, 5.563555793E+02
       192,-1.325110494E-02,-5.488787383E-03, 6.000000000E-01, 1.434289263E-02, 5.590801940E+02
       193, 1.325110494E-02,-5.488787383E-03, 6.000000000E-01, 1.434289263E-02, 5.590801940E+02
       194,-9.093266740E-03,-5.250000000E-03, 6.000000000E-01, 1.050000000E-02, 5.557964260E+02
       195, 9.093266740E-03,-5.250000000E-03, 6.000000000E-01, 1.050000000E-02, 5.557964260E+02
       196,-1.931851653E-02,-5.176380902E-03, 6.000000000E-01, 2.000000000E-02, 5.622632177E+02
       197, 1.931851653E-02,-5.176380902E-03, 6.000000000E-01, 2.000000000E-02, 5.622632177E+02
       198,-1.233438372E-02,-5.109069021E-03, 6.000000000E-01, 1.335064073E-02, 5.583241649E+02
       199, 1.233438372E-02,-5.109069021E-03, 6.000000000E-01, 1.335064073E-02, 5.583241649E+02
       200,-8.660254038E-03,-5.000000000E-03, 6.000000000E-01, 1.000000000E-02, 5.554858781E+02
       201, 8.660254038E-03,-5.000000000E-03, 6.000000000E-01, 1.000000000E-02, 5.554858781E+02
       202,-1.153508909E-02,-4.777990343E-03, 6.000000000E-01, 1.248549046E-02, 5.576183751E+02
       203, 1.153508909E-02,-4.777990343E-03, 6.000000000E-01, 1.248549046E-02, 5.576183751E+02
       204,-1.766012426E-02,-4.732016033E-03, 6.000000000E-01, 1.828310599E-02, 5.616488900E+02
       205, 1.766012426E-02,-4.732016033E-03, 6.000000000E-01, 1.828310599E-02, 5.616488900E+02
       206,-1.083817938E-02,-4.489320892E-03, 6.000000000E-01, 1.173116083E-02, 5.569623899E+02
       207, 1.083817938E-02,-4.489320892E-03, 6.000000000E-01, 1.173116083E-02, 5.569623899E+02
       208,-1.621416226E-02,-4.344571685E-03, 6.000000000E-01, 1.678613598E-02, 5.607428925E+02
       209, 1.621416226E-02,-4.344571685E-03, 6.000000000E-01, 1.678613598E-02, 5.607428925E+02
       210,-1.023053971E-02,-4.237628297E-03, 6.000000000E-01, 1.107345638E-02, 5.563553961E+02
       211, 1.023053971E-02,-4.237628297E-03, 6.000000000E-01, 1.107345638E-02, 5.563553961E+02
       212,-9.700735091E-03,-4.018176040E-03, 6.000000000E-01, 1.050000000E-02, 5.557962072E+02
       213, 9.700735091E-03,-4.018176040E-03, 6.000000000E-01, 1.050000000E-02, 5.557962072E+02
       214,-1.495341948E-02,-4.006756674E-03, 6.000000000E-01, 1.548091900E-02, 5.598864659E+02
       215, 1.495341948E-02,-4.006756674E-03, 6.000000000E-01, 1.548091900E-02, 5.598864659E+02
       216,-9.238795325E-03,-3.826834324E-03, 6.000000000E-01, 1.000000000E-02, 5.554856371E+02
       217, 9.238795325E-03,-3.826834324E-03, 6.000000000E-01, 1.000000000E-02, 5.554856371E+02
       218,-1.385417042E-02,-3.712213776E-03, 6.000000000E-01, 1.434289263E-02, 5.590801018E+02
       219, 1.385417042E-02,-3.712213776E-03, 6.000000000E-01, 1.434289263E-02, 5.590801018E+02
       220,-1.289572868E-02,-3.455400086E-03, 6.000000000E-01, 1.335064073E-02, 5.583240432E+02
       221, 1.289572868E-02,-3.455400086E-03, 6.000000000E-01, 1.335064073E-02, 5.583240432E+02
       222,-1.206005769E-02,-3.231482718E-03, 6.000000000E-01, 1.248549046E-02, 5.576182144E+02
       223, 1.206005769E-02,-3.231482718E-03, 6.000000000E-01, 1.248549046E-02, 5.576182144E+02
       224,-1.133143122E-02,-3.036247844E-03, 6.000000000E-01, 1.173116083E-02, 5.569621789E+02
       225, 1.133143122E-02,-3.036247844E-03, 6.000000000E-01, 1.173116083E-02, 5.569621789E+02
       226,-1.069613751E-02,-2.866021407E-03, 6.000000000E-01, 1.107345638E-02, 5.563551215E+02
       227, 1.069613751E-02,-2.866021407E-03, 6.000000000E-01, 1.107345638E-02, 5.563551215E+02
       228,-1.014222118E-02,-2.717599974E-03, 6.000000000E-01, 1.050000000E-02, 5.557958537E+02
       229, 1.014222118E-02,-2.717599974E-03, 6.000000000E-01, 1.050000000E-02, 5.557958537E+02
       230,-1.982889723E-02,-2.610523844E-03, 6.000000000E-01, 2.000000000E-02, 5.622631839E+02
       231, 1.982889723E-02,-2.610523844E-03, 6.000000000E-01, 2.000000000E-02, 5.622631839E+02
       232,-9.659258263E-03,-2.588190451E-03, 6.000000000E-01, 1.000000000E-02, 5.554852308E+02
       233, 9.659258263E-03,-2.588190451E-03, 6.000000000E-01, 1.000000000E-02, 5.554852308E+02
       234,-1.812669148E-02,-2.386424206E-03, 6.000000000E-01, 1.828310599E-02, 5.616488537E+02
       235, 1.812669148E-02,-2.386424206E-03, 6.000000000E-01, 1.828310599E-02, 5.616488537E+02
       236,-1.664252826E-02,-2.191030411E-03, 6.000000000E-01, 1.678613598E-02, 5.607428488E+02
       237, 1.664252826E-02,-2.191030411E-03, 6.000000000E-01, 1.678613598E-02, 5.607428488E+02
       238,-1.534847760E-02,-2.020665410E-03, 6.000000000E-01, 1.548091900E-02, 5.598864097E+02
       239, 1.534847760E-02,-2.020665410E-03, 6.000000000E-01, 1.548091900E-02, 5.598864097E+02
       240,-1.422018720E-02,-1.872123161E-03, 6.000000000E-01, 1.434289263E-02, 5.590800267E+02
       241, 1.422018720E-02,-1.872123161E-03, 6.000000000E-01, 1.434289263E-02, 5.590800267E+02
       242,-1.323642415E-02,-1.742608299E-03, 6.000000000E-01, 1.335064073E-02, 5.583239416E+02
       243, 1.323642415E-02,-1.742608299E-03, 6.000000000E-01, 1.335064073E-02, 5.583239416E+02
       244,-1.237867535E-02,-1.629683527E-03, 6.000000000E-01, 1.248549046E-02, 5.576180768E+02
       245, 1.237867535E-02,-1.629683527E-03, 6.000000000E-01, 1.248549046E-02, 5.576180768E+02
       246,-1.163079912E-02,-1.531223753E-03, 6.000000000E-01, 1.173116083E-02, 5.569619937E+02
       247, 1.163079912E-02,-1.531223753E-03, 6.000000000E-01, 1.173116083E-02, 5.569619937E+02
       248,-1.097872143E-02,-1.445376096E-03, 6.000000000E-01, 1.107345638E-02, 5.563548752E+02
       249, 1.097872143E-02,-1.445376096E-03, 6.000000000E-01, 1.107345638E-02, 5.563548752E+02
       250,-1.041017104E-02,-1.370525018E-03, 6.000000000E-01, 1.050000000E-02, 5.557955306E+02
       251, 1.041017104E-02,-1.370525018E-03, 6.000000000E-01, 1.050000000E-02, 5.557955306E+02
       252,-9.914448614E-03,-1.305261922E-03, 6.000000000E-01, 1.000000000E-02, 5.554848561E+02
       253, 9.914448614E-03,-1.305261922E-03, 6.000000000E-01, 1.000000000E-02, 5.554848561E+02
       254,-2.000000000E-02, 7.347880795E-18, 6.000000000E-01, 2.000000000E-02, 5.622631712E+02
       255,-1.828310599E-02, 6.717104167E-18, 6.000000000E-01, 1.828310599E-02, 5.616488401E+02
       256,-1.678613598E-02, 6.167126308E-18, 6.000000000E-01, 1.678613598E-02, 5.607428324E+02
       257,-1.548091900E-02, 5.687597372E-18, 6.000000000E-01, 1.548091900E-02, 5.598863882E+02
       258,-1.434289263E-02, 5.269493266E-18, 6.000000000E-01, 1.434289263E-02, 5.590799978E+02
       259,-1.335064073E-02, 4.904945833E-18, 6.000000000E-01, 1.335064073E-02, 5.583239020E+02
       260,-1.248549046E-02, 4.587094777E-18, 6.000000000E-01, 1.248549046E-02, 5.576180227E+02
       261,-1.173116083E-02, 4.309958568E-18, 6.000000000E-01, 1.173116083E-02, 5.569619203E+02
       262,-1.107345638E-02, 4.068321875E-18, 6.000000000E-01, 1.107345638E-02, 5.563547769E+02
       263,-1.050000000E-02, 3.857637417E-18, 6.000000000E-01, 1.050000000E-02, 5.557954011E+02
       264,-1.000000000E-02, 3.673940397E-18, 6.000000000E-01, 1.000000000E-02, 5.554847057E+02
       265, 1.000000000E-02,-2.449293598E-18, 6.000000000E-01, 1.000000000E-02, 5.554847057E+02
       266, 1.050000000E-02,-2.571758278E-18, 6.000000000E-01, 1.050000000E-02, 5.557954011E+02
       267, 1.107345638E-02,-2.712214583E-18, 6.000000000E-01, 1.107345638E-02, 5.563547769E+02
       268, 1.173116083E-02,-2.873305712E-18, 6.000000000E-01, 1.173116083E-02, 5.569619203E+02
       269, 1.248549046E-02,-3.058063185E-18, 6.000000000E-01, 1.248549046E-02, 5.576180227E+02
       270, 1.335064073E-02,-3.269963888E-18, 6.000000000E-01, 1.335064073E-02, 5.583239020E+02
       271, 1.434289263E-02,-3.512995511E-18, 6.000000000E-01, 1.434289263E-02, 5.590799978E+02
       272, 1.548091900E-02,-3.791731581E-18, 6.000000000E-01, 1.548091900E-02, 5.598863882E+02
       273, 1.678613598E-02,-4.111417539E-18, 6.000000000E-01, 1.678613598E-02, 5.607428324E+02
       274, 1.828310599E-02,-4.478069445E-18, 6.000000000E-01, 1.828310599E-02, 5.616488401E+02
       275, 2.000000000E-02,-4.898587197E-18, 6.000000000E-01, 2.000000000E-02, 5.622631712E+02
       276,-9.914448614E-03, 1.305261922E-03, 6.000000000E-01, 1.000000000E-02, 5.554848561E+02
       277, 9.914448614E-03, 1.305261922E-03, 6.000000000E-01, 1.000000000E-02, 5.554848561E+02
       278,-1.041017104E-02, 1.370525018E-03, 6.000000000E-01, 1.050000000E-02, 5.557955306E+02
       279, 1.041017104E-02, 1.370525018E-03, 6.000000000E-01, 1.050000000E-02, 5.557955306E+02
       280,-1.097872143E-02, 1.445376096E-03, 6.000000000E-01, 1.107345638E-02, 5.563548752E+02
       281, 1.097872143E-02, 1.445376096E-03, 6.000000000E-01, 1.107345638E-02, 5.563548752E+02
       282,-1.163079912E-02, 1.531223753E-03, 6.000000000E-01, 1.173116083E-02, 5.569619937E+02
       283, 1.163079912E-02, 1.531223753E-03, 6.000000000E-01, 1.173116083E-02, 5.569619937E+02
       284,-1.237867535E-02, 1.629683527E-03, 6.000000000E-01, 1.248549046E-02, 5.576180768E+02
       285, 1.237867535E-02, 1.629683527E-03, 6.000000000E-01, 1.248549046E-02, 5.576180768E+02
       286,-1.323642415E-02, 1.742608299E-03, 6.000000000E-01, 1.335064073E-02, 5.583239416E+02
       287, 1.323642415E-02, 1.742608299E-03, 6.000000000E-01, 1.335064073E-02, 5.583239416E+02
       288,-1.422018720E-02, 1.872123161E-03, 6.000000000E-01, 1.434289263E-02, 5.590800267E+02
       289, 1.422018720E-02, 1.872123161E-03, 6.000000000E-01, 1.434289263E-02, 5.590800267E+02
       290,-1.534847760E-02, 2.020665410E-03, 6.000000000E-01, 1.548091900E-02, 5.598864097E+02
       291, 1.534847760E-02, 2.020665410E-03, 6.000000000E-01, 1.548091900E-02, 5.598864097E+02
       292,-1.664252826E-02, 2.191030411E-03, 6.000000000E-01, 1.678613598E-02, 5.607428488E+02
       293, 1.664252826E-02, 2.191030411E-03, 6.000000000E-01, 1.678613598E-02, 5.607428488E+02
       294,-1.812669148E-02, 2.386424206E-03, 6.000000000E-01, 1.828310599E-02, 5.616488537E+02
       295, 1.812669148E-02, 2.386424206E-03, 6.000000000E-01, 1.828310599E-02, 5.616488537E+02
       296,-9.659258263E-03, 2.588190451E-03, 6.000000000E-01, 1.000000000E-02, 5.554852308E+02
       297, 9.659258263E-03, 2.588190451E-03, 6.000000000E-01, 1.000000000E-02, 5.554852308E+02
       298,-1.982889723E-02, 2.610523844E-03, 6.000000000E-01, 2.000000000E-02, 5.622631839E+02
       299, 1.982889723E-02, 2.610523844E-03, 6.000000000E-01, 2.000000000E-02, 5.622631839E+02
       300,-1.014222118E-02, 2.717599974E-03, 6.000000000E-01, 1.050000000E-02, 5.557958537E+02
       301, 1.014222118E-02, 2.717599974E-03, 6.000000000E-01, 1.050000000E-02, 5.557958537E+02
       302,-1.069613751E-02, 2.866021407E-03, 6.000000000E-01, 1.107345638E-02, 5.563551215E+02
       303, 1.069613751E-02, 2.866021407E-03, 6.000000000E-01, 1.107345638E-02, 5.563551215E+02
       304,-1.133143122E-02, 3.036247844E-03, 6.000000000E-01, 1.173116083E-02, 5.569621789E+02
       305, 1.133143122E-02, 3.036247844E-03, 6.000000000E-01, 1.173116083E-02, 5.569621789E+02
       306,-1.206005769E-02, 3.231482718E-03, 6.000000000E-01, 1.248549046E-02, 5.576182144E+02
       307, 1.206005769E-02, 3.231482718E-03, 6.000000000E-01, 1.248549046E-02, 5.576182144E+02
       308,-1.289572868E-02, 3.455400086E-03, 6.000000000E-01, 1.335064073E-02, 5.583240432E+02
       309, 1.289572868E-02, 3.455400086E-03, 6.000000000E-01, 1.335064073E-02, 5.583240432E+02
       310,-1.385417042E-02, 3.712213776E-03, 6.000000000E-01, 1.434289263E-02, 5.590801018E+02
       311, 1.385417042E-02, 3.712213776E-03, 6.000000000E-01, 1.434289263E-02, 5.590801018E+02
       312,-9.238795325E-03, 3.826834324E-03, 6.000000000E-01, 1.000000000E-02, 5.554856371E+02
       313, 9.238795325E-03, 3.826834324E-03, 6.000000000E-01, 1.000000000E-02, 5.554856371E+02
       314,-1.495341948E-02, 4.006756674E-03, 6.000000000E-01, 1.548091900E-02, 5.598864659E+02
       315, 1.495341948E-02, 4.006756674E-03, 6.000000000E-01, 1.548091900E-02, 5.598864659E+02
       316,-9.700735091E-03, 4.018176040E-03, 6.000000000E-01, 1.050000000E-02, 5.557962072E+02
       317, 9.700735091E-03, 4.018176040E-03, 6.000000000E-01, 1.050000000E-02, 5.557962072E+02
       318,-1.023053971E-02, 4.237628297E-03, 6.000000000E-01, 1.107345638E-02, 5.563553961E+02
       319, 1.023053971E-02, 4.237628297E-03, 6.000000000E-01, 1.107345638E-02, 5.563553961E+02
       320,-1.621416226E-02, 4.344571685E-03, 6.000000000E-01, 1.678613598E-02, 5.607428925E+02
       321, 1.621416226E-02, 4.344571685E-03, 6.000000000E-01, 1.678613598E-02, 5.607428925E+02
       322,-1.083817938E-02, 4.489320892E-03, 6.000000000E-01, 1.173116083E-02, 5.569623899E+02
       323, 1.083817938E-02, 4.489320892E-03, 6.000000000E-01, 1.173116083E-02, 5.569623899E+02
       324,-1.766012426E-02, 4.732016033E-03, 6.000000000E-01, 1.828310599E-02, 5.616488900E+02
       325, 1.766012426E-02, 4.732016033E-03, 6.000000000E-01, 1.828310599E-02, 5.616488900E+02
       326,-1.153508909E-02, 4.777990343E-03, 6.000000000E-01, 1.248549046E-02, 5.576183751E+02
       327, 1.153508909E-02, 4.777990343E-03, 6.000000000E-01, 1.248549046E-02, 5.576183751E+02
       328,-8.660254038E-03, 5.000000000E-03, 6.000000000E-01, 1.000000000E-02, 5.554858781E+02
       329, 8.660254038E-03, 5.000000000E-03, 6.000000000E-01, 1.000000000E-02, 5.554858781E+02
       330,-1.233438372E-02, 5.109069021E-03, 6.000000000E-01, 1.335064073E-02, 5.583241649E+02
       331, 1.233438372E-02, 5.109069021E-03, 6.000000000E-01, 1.335064073E-02, 5.583241649E+02
       332,-1.931851653E-02, 5.176380902E-03, 6.000000000E-01, 2.000000000E-02, 5.622632177E+02
       333, 1.931851653E-02, 5.176380902E-03, 6.000000000E-01, 2.000000000E-02, 5.622632177E+02
       334,-9.093266740E-03, 5.250000000E-03, 6.000000000E-01, 1.050000000E-02, 5.557964260E+02
       335, 9.093266740E-03, 5.250000000E-03, 6.000000000E-01, 1.050000000E-02, 5.557964260E+02
       336,-1.325110494E-02, 5.488787383E-03, 6.000000000E-01, 1.434289263E-02, 5.590801940E+02
       337, 1.325110494E-02, 5.488787383E-03, 6.000000000E-01, 1.434289263E-02, 5.590801940E+02
       338,-9.589894536E-03, 5.536728192E-03, 6.000000000E-01, 1.107345638E-02, 5.563555793E+02
       339, 9.589894536E-03, 5.536728192E-03, 6.000000000E-01, 1.107345638E-02, 5.563555793E+02
       340,-1.015948329E-02, 5.865580415E-03, 6.000000000E-01, 1.173116083E-02, 5.569625411E+02
       341, 1.015948329E-02, 5.865580415E-03, 6.000000000E-01, 1.173116083E-02, 5.569625411E+02
       342,-1.430250421E-02, 5.924291221E-03, 6.000000000E-01, 1.548091900E-02, 5.598865367E+02
       343, 1.430250421E-02, 5.924291221E-03, 6.000000000E-01, 1.548091900E-02, 5.598865367E+02
       344,-7.933533403E-03, 6.087614290E-03, 6.000000000E-01, 1.000000000E-02, 5.554858990E+02
       345, 7.933533403E-03, 6.087614290E-03, 6.000000000E-01, 1.000000000E-02, 5.554858990E+02
       346,-1.081275191E-02, 6.242745228E-03, 6.000000000E-01, 1.248549046E-02, 5.576184982E+02
       347, 1.081275191E-02, 6.242745228E-03, 6.000000000E-01, 1.248549046E-02, 5.576184982E+02
       348,-8.330210073E-03, 6.391995005E-03, 6.000000000E-01, 1.050000000E-02, 5.557964632E+02
       349, 8.330210073E-03, 6.391995005E-03, 6.000000000E-01, 1.050000000E-02, 5.557964632E+02
       350,-1.550836746E-02, 6.423776132E-03, 6.000000000E-01, 1.678613598E-02, 5.607429485E+02
       351, 1.550836746E-02, 6.423776132E-03, 6.000000000E-01, 1.678613598E-02, 5.607429485E+02
       352,-1.156199403E-02, 6.675320367E-03, 6.000000000E-01, 1.335064073E-02, 5.583242637E+02
       353, 1.156199403E-02, 6.675320367E-03, 6.000000000E-01, 1.335064073E-02, 5.583242637E+02
       354,-8.785163610E-03, 6.741093132E-03, 6.000000000E-01, 1.107345638E-02, 5.563556346E+02
       355, 8.785163610E-03, 6.741093132E-03, 6.000000000E-01, 1.107345638E-02, 5.563556346E+02
       356,-1.689138741E-02, 6.996641753E-03, 6.000000000E-01, 1.828310599E-02, 5.616489374E+02
       357, 1.689138741E-02, 6.996641753E-03, 6.000000000E-01, 1.828310599E-02, 5.616489374E+02
       358,-7.071067812E-03, 7.071067812E-03, 6.000000000E-01, 1.000000000E-02, 5.554858609E+02
       359, 7.071067812E-03, 7.071067812E-03, 6.000000000E-01, 1.000000000E-02, 5.554858609E+02
       360,-9.306955630E-03, 7.141478231E-03, 6.000000000E-01, 1.173116083E-02, 5.569626028E+02
       361, 9.306955630E-03, 7.141478231E-03, 6.000000000E-01, 1.173116083E-02, 5.569626028E+02
       362,-1.242130938E-02, 7.171446317E-03, 6.000000000E-01, 1.434289263E-02, 5.590802728E+02
       363, 1.242130938E-02, 7.171446317E-03, 6.000000000E-01, 1.434289263E-02, 5.590802728E+02
       364,-7.424621202E-03, 7.424621202E-03, 6.000000000E-01, 1.050000000E-02, 5.557964415E+02
       365, 7.424621202E-03, 7.424621202E-03, 6.000000000E-01, 1.050000000E-02, 5.557964415E+02
       366,-9.905405559E-03, 7.600685012E-03, 6.000000000E-01, 1.248549046E-02, 5.576185587E+02
       367, 9.905405559E-03, 7.600685012E-03, 6.000000000E-01, 1.248549046E-02, 5.576185587E+02
       368,-1.847759065E-02, 7.653668647E-03, 6.000000000E-01, 2.000000000E-02, 5.622632621E+02
       369, 1.847759065E-02, 7.653668647E-03, 6.000000000E-01, 2.000000000E-02, 5.622632621E+02
       370,-1.340686913E-02, 7.740459502E-03, 6.000000000E-01, 1.548091900E-02, 5.598865997E+02
       371, 1.340686913E-02, 7.740459502E-03, 6.000000000E-01, 1.548091900E-02, 5.598865997E+02
       372,-7.830116100E-03, 7.830116100E-03, 6.000000000E-01, 1.107345638E-02, 5.563556333E+02
       373, 7.830116100E-03, 7.830116100E-03, 6.000000000E-01, 1.107345638E-02, 5.563556333E+02
       374,-6.087614290E-03, 7.933533403E-03, 6.000000000E-01, 1.000000000E-02, 5.554858990E+02
       375, 6.087614290E-03, 7.933533403E-03, 6.000000000E-01, 1.000000000E-02, 5.554858990E+02
       376,-1.059177542E-02, 8.127355132E-03, 6.000000000E-01, 1.335064073E-02, 5.583243188E+02
       377, 1.059177542E-02, 8.127355132E-03, 6.000000000E-01, 1.335064073E-02, 5.583243188E+02
       378,-8.295183374E-03, 8.295183374E-03, 6.000000000E-01, 1.173116083E-02, 5.569626126E+02
       379, 8.295183374E-03, 8.295183374E-03, 6.000000000E-01, 1.173116083E-02, 5.569626126E+02
       380,-6.391995005E-03, 8.330210073E-03, 6.000000000E-01, 1.050000000E-02, 5.557964632E+02
       381, 6.391995005E-03, 8.330210073E-03, 6.000000000E-01, 1.050000000E-02, 5.557964632E+02
       382,-1.453722019E-02, 8.393067989E-03, 6.000000000E-01, 1.678613598E-02, 5.607430001E+02
       383, 1.453722019E-02, 8.393067989E-03, 6.000000000E-01, 1.678613598E-02, 5.607430001E+02
       384,-5.000000000E-03, 8.660254038E-03, 6.000000000E-01, 1.000000000E-02, 5.554858781E+02
       385, 5.000000000E-03, 8.660254038E-03, 6.000000000E-01, 1.000000000E-02, 5.554858781E+02
       386,-1.137898178E-02, 8.731399816E-03, 6.000000000E-01, 1.434289263E-02, 5.590803207E+02
       387, 1.137898178E-02, 8.731399816E-03, 6.000000000E-01, 1.434289263E-02, 5.590803207E+02
       388,-6.741093132E-03, 8.785163610E-03, 6.000000000E-01, 1.107345638E-02, 5.563556346E+02
       389, 6.741093132E-03, 8.785163610E-03, 6.000000000E-01, 1.107345638E-02, 5.563556346E+02
       390,-8.828574968E-03, 8.828574968E-03, 6.000000000E-01, 1.248549046E-02, 5.576185735E+02
       391, 8.828574968E-03, 8.828574968E-03, 6.000000000E-01, 1.248549046E-02, 5.576185735E+02
       392,-5.250000000E-03, 9.093266740E-03, 6.000000000E-01, 1.050000000E-02, 5.557964260E+02
       393, 5.250000000E-03, 9.093266740E-03, 6.000000000E-01, 1.050000000E-02, 5.557964260E+02
       394,-1.583363424E-02, 9.141552993E-03, 6.000000000E-01, 1.828310599E-02, 5.616489820E+02
       395, 1.583363424E-02, 9.141552993E-03, 6.000000000E-01, 1.828310599E-02, 5.616489820E+02
       396,-3.826834324E-03, 9.238795325E-03, 6.000000000E-01, 1.000000000E-02, 5.554856371E+02
       397, 3.826834324E-03, 9.238795325E-03, 6.000000000E-01, 1.000000000E-02, 5.554856371E+02
       398,-7.141478231E-03, 9.306955630E-03, 6.000000000E-01, 1.173116083E-02, 5.569626028E+02
       399, 7.141478231E-03, 9.306955630E-03, 6.000000000E-01, 1.173116083E-02, 5.569626028E+02
       400,-1.228183880E-02, 9.424186376E-03, 6.000000000E-01, 1.548091900E-02, 5.598866404E+02
       401, 1.228183880E-02, 9.424186376E-03, 6.000000000E-01, 1.548091900E-02, 5.598866404E+02
       402,-9.440328597E-03, 9.440328597E-03, 6.000000000E-01, 1.335064073E-02, 5.583243348E+02
       403, 9.440328597E-03, 9.440328597E-03, 6.000000000E-01, 1.335064073E-02, 5.583243348E+02
       404,-5.536728192E-03, 9.589894536E-03, 6.000000000E-01, 1.107345638E-02, 5.563555793E+02
       405, 5.536728192E-03, 9.589894536E-03, 6.000000000E-01, 1.107345638E-02, 5.563555793E+02
       406,-2.588190451E-03, 9.659258263E-03, 6.000000000E-01, 1.000000000E-02, 5.554852308E+02
       407, 2.588190451E-03, 9.659258263E-03, 6.000000000E-01, 1.000000000E-02, 5.554852308E+02
       408,-4.018176040E-03, 9.700735091E-03, 6.000000000E-01, 1.050000000E-02, 5.557962072E+02
       409, 4.018176040E-03, 9.700735091E-03, 6.000000000E-01, 1.050000000E-02, 5.557962072E+02
       410,-7.600685012E-03, 9.905405559E-03, 6.000000000E-01, 1.248549046E-02, 5.576185587E+02
       411, 7.600685012E-03, 9.905405559E-03, 6.000000000E-01, 1.248549046E-02, 5.576185587E+02
       412,-1.305261922E-03, 9.914448614E-03, 6.000000000E-01, 1.000000000E-02, 5.554848561E+02
       413, 1.305261922E-03, 9.914448614E-03, 6.000000000E-01, 1.000000000E-02, 5.554848561E+02
       414,-1.732050808E-02, 1.000000000E-02, 6.000000000E-01, 2.000000000E-02, 5.622633042E+02
       415, 3.061616998E-18, 1.000000000E-02, 6.000000000E-01, 1.000000000E-02, 5.554847057E+02
       416, 1.732050808E-02, 1.000000000E-02, 6.000000000E-01, 2.000000000E-02, 5.622633042E+02
       417,-1.014195664E-02, 1.014195664E-02, 6.000000000E-01, 1.434289263E-02, 5.590803359E+02
       418, 1.014195664E-02, 1.014195664E-02, 6.000000000E-01, 1.434289263E-02, 5.590803359E+02
       419,-2.717599974E-03, 1.014222118E-02, 6.000000000E-01, 1.050000000E-02, 5.557958537E+02
       420, 2.717599974E-03, 1.014222118E-02, 6.000000000E-01, 1.050000000E-02, 5.557958537E+02
       421,-5.865580415E-03, 1.015948329E-02, 6.000000000E-01, 1.173116083E-02, 5.569625411E+02
       422, 5.865580415E-03, 1.015948329E-02, 6.000000000E-01, 1.173116083E-02, 5.569625411E+02
       423,-1.331733705E-02, 1.021875213E-02, 6.000000000E-01, 1.678613598E-02, 5.607430349E+02
       424, 1.331733705E-02, 1.021875213E-02, 6.000000000E-01, 1.678613598E-02, 5.607430349E+02
       425,-4.237628297E-03, 1.023053971E-02, 6.000000000E-01, 1.107345638E-02, 5.563553961E+02
       426, 4.237628297E-03, 1.023053971E-02, 6.000000000E-01, 1.107345638E-02, 5.563553961E+02
       427,-1.370525018E-03, 1.041017104E-02, 6.000000000E-01, 1.050000000E-02, 5.557955306E+02
       428, 1.370525018E-03, 1.041017104E-02, 6.000000000E-01, 1.050000000E-02, 5.557955306E+02
       429, 3.214697848E-18, 1.050000000E-02, 6.000000000E-01, 1.050000000E-02, 5.557954011E+02
       430,-8.127355132E-03, 1.059177542E-02, 6.000000000E-01, 1.335064073E-02, 5.583243188E+02
       431, 8.127355132E-03, 1.059177542E-02, 6.000000000E-01, 1.335064073E-02, 5.583243188E+02
       432,-2.866021407E-03, 1.069613751E-02, 6.000000000E-01, 1.107345638E-02, 5.563551215E+02
       433, 2.866021407E-03, 1.069613751E-02, 6.000000000E-01, 1.107345638E-02, 5.563551215E+02
       434,-6.242745228E-03, 1.081275191E-02, 6.000000000E-01, 1.248549046E-02, 5.576184982E+02
       435, 6.242745228E-03, 1.081275191E-02, 6.000000000E-01, 1.248549046E-02, 5.576184982E+02
       436,-4.489320892E-03, 1.083817938E-02, 6.000000000E-01, 1.173116083E-02, 5.569623899E+02
       437, 4.489320892E-03, 1.083817938E-02, 6.000000000E-01, 1.173116083E-02, 5.569623899E+02
       438,-1.094666281E-02, 1.094666281E-02, 6.000000000E-01, 1.548091900E-02, 5.598866541E+02
       439, 1.094666281E-02, 1.094666281E-02, 6.000000000E-01, 1.548091900E-02, 5.598866541E+02
       440,-1.445376096E-03, 1.097872143E-02, 6.000000000E-01, 1.107345638E-02, 5.563548752E+02
       441, 1.445376096E-03, 1.097872143E-02, 6.000000000E-01, 1.107345638E-02, 5.563548752E+02
       442, 3.390268229E-18, 1.107345638E-02, 6.000000000E-01, 1.107345638E-02, 5.563547769E+02
       443,-1.450496320E-02, 1.113004973E-02, 6.000000000E-01, 1.828310599E-02, 5.616490128E+02
       444, 1.450496320E-02, 1.113004973E-02, 6.000000000E-01, 1.828310599E-02, 5.616490128E+02
       445,-3.036247844E-03, 1.133143122E-02, 6.000000000E-01, 1.173116083E-02, 5.569621789E+02
       446, 3.036247844E-03, 1.133143122E-02, 6.000000000E-01, 1.173116083E-02, 5.569621789E+02
       447,-8.731399816E-03, 1.137898178E-02, 6.000000000E-01, 1.434289263E-02, 5.590803207E+02
       448, 8.731399816E-03, 1.137898178E-02, 6.000000000E-01, 1.434289263E-02, 5.590803207E+02
       449,-4.777990343E-03, 1.153508909E-02, 6.000000000E-01, 1.248549046E-02, 5.576183751E+02
       450, 4.777990343E-03, 1.153508909E-02, 6.000000000E-01, 1.248549046E-02, 5.576183751E+02
       451,-6.675320367E-03, 1.156199403E-02, 6.000000000E-01, 1.335064073E-02, 5.583242637E+02
       452, 6.675320367E-03, 1.156199403E-02, 6.000000000E-01, 1.335064073E-02, 5.583242637E+02
       453,-1.531223753E-03, 1.163079912E-02, 6.000000000E-01, 1.173116083E-02, 5.569619937E+02
       454, 1.531223753E-03, 1.163079912E-02, 6.000000000E-01, 1.173116083E-02, 5.569619937E+02
       455, 3.591632140E-18, 1.173116083E-02, 6.000000000E-01, 1.173116083E-02, 5.569619203E+02
       456,-1.186959058E-02, 1.186959058E-02, 6.000000000E-01, 1.678613598E-02, 5.607430469E+02
       457, 1.186959058E-02, 1.186959058E-02, 6.000000000E-01, 1.678613598E-02, 5.607430469E+02
       458,-3.231482718E-03, 1.206005769E-02, 6.000000000E-01, 1.248549046E-02, 5.576182144E+02
       459, 3.231482718E-03, 1.206005769E-02, 6.000000000E-01, 1.248549046E-02, 5.576182144E+02
       460,-1.586706681E-02, 1.217522858E-02, 6.000000000E-01, 2.000000000E-02, 5.622633336E+02
       461, 1.586706681E-02, 1.217522858E-02, 6.000000000E-01, 2.000000000E-02, 5.622633336E+02
       462,-9.424186376E-03, 1.228183880E-02, 6.000000000E-01, 1.548091900E-02, 5.598866404E+02
       463, 9.424186376E-03, 1.228183880E-02, 6.000000000E-01, 1.548091900E-02, 5.598866404E+02
       464,-5.109069021E-03, 1.233438372E-02, 6.000000000E-01, 1.335064073E-02, 5.583241649E+02
       465, 5.109069021E-03, 1.233438372E-02, 6.000000000E-01, 1.335064073E-02, 5.583241649E+02
       466,-1.629683527E-03, 1.237867535E-02, 6.000000000E-01, 1.248549046E-02, 5.576180768E+02
       467, 1.629683527E-03, 1.237867535E-02, 6.000000000E-01, 1.248549046E-02, 5.576180768E+02
       468,-7.171446317E-03, 1.242130938E-02, 6.000000000E-01, 1.434289263E-02, 5.590802728E+02
       469, 7.171446317E-03, 1.242130938E-02, 6.000000000E-01, 1.434289263E-02, 5.590802728E+02
       470, 3.822578981E-18, 1.248549046E-02, 6.000000000E-01, 1.248549046E-02, 5.576180227E+02
       471,-3.455400086E-03, 1.289572868E-02, 6.000000000E-01, 1.335064073E-02, 5.583240432E+02
       472, 3.455400086E-03, 1.289572868E-02, 6.000000000E-01, 1.335064073E-02, 5.583240432E+02
       473,-1.292810822E-02, 1.292810822E-02, 6.000000000E-01, 1.828310599E-02, 5.616490236E+02
       474, 1.292810822E-02, 1.292810822E-02, 6.000000000E-01, 1.828310599E-02, 5.616490236E+02
       475,-1.742608299E-03, 1.323642415E-02, 6.000000000E-01, 1.335064073E-02, 5.583239416E+02
       476, 1.742608299E-03, 1.323642415E-02, 6.000000000E-01, 1.335064073E-02, 5.583239416E+02
       477,-5.488787383E-03, 1.325110494E-02, 6.000000000E-01, 1.434289263E-02, 5.590801940E+02
       478, 5.488787383E-03, 1.325110494E-02, 6.000000000E-01, 1.434289263E-02, 5.590801940E+02
       479,-1.021875213E-02, 1.331733705E-02, 6.000000000E-01, 1.678613598E-02, 5.607430349E+02
       480, 1.021875213E-02, 1.331733705E-02, 6.000000000E-01, 1.678613598E-02, 5.607430349E+02
       481, 4.087454861E-18, 1.335064073E-02, 6.000000000E-01, 1.335064073E-02, 5.583239020E+02
       482,-7.740459502E-03, 1.340686913E-02, 6.000000000E-01, 1.548091900E-02, 5.598865997E+02
       483, 7.740459502E-03, 1.340686913E-02, 6.000000000E-01, 1.548091900E-02, 5.598865997E+02
       484,-3.712213776E-03, 1.385417042E-02, 6.000000000E-01, 1.434289263E-02, 5.590801018E+02
       485, 3.712213776E-03, 1.385417042E-02, 6.000000000E-01, 1.434289263E-02, 5.590801018E+02
       486,-1.414213562E-02, 1.414213562E-02, 6.000000000E-01, 2.000000000E-02, 5.622633441E+02
       487, 1.414213562E-02, 1.414213562E-02, 6.000000000E-01, 2.000000000E-02, 5.622633441E+02
       488,-1.872123161E-03, 1.422018720E-02, 6.000000000E-01, 1.434289263E-02, 5.590800267E+02
       489, 1.872123161E-03, 1.422018720E-02, 6.000000000E-01, 1.434289263E-02, 5.590800267E+02
       490,-5.924291221E-03, 1.430250421E-02, 6.000000000E-01, 1.548091900E-02, 5.598865367E+02
       491, 5.924291221E-03, 1.430250421E-02, 6.000000000E-01, 1.548091900E-02, 5.598865367E+02
       492, 4.391244389E-18, 1.434289263E-02, 6.000000000E-01, 1.434289263E-02, 5.590799978E+02
       493,-1.113004973E-02, 1.450496320E-02, 6.000000000E-01, 1.828310599E-02, 5.616490128E+02
       494, 1.113004973E-02, 1.450496320E-02, 6.000000000E-01, 1.828310599E-02, 5.616490128E+02
       495,-8.393067989E-03, 1.453722019E-02, 6.000000000E-01, 1.678613598E-02, 5.607430001E+02
       496, 8.393067989E-03, 1.453722019E-02, 6.000000000E-01, 1.678613598E-02, 5.607430001E+02
       497,-4.006756674E-03, 1.495341948E-02, 6.000000000E-01, 1.548091900E-02, 5.598864659E+02
       498, 4.006756674E-03, 1.495341948E-02, 6.000000000E-01, 1.548091900E-02, 5.598864659E+02
       499,-2.020665410E-03, 1.534847760E-02, 6.000000000E-01, 1.548091900E-02, 5.598864097E+02
       500, 2.020665410E-03, 1.534847760E-02, 6.000000000E-01, 1.548091900E-02, 5.598864097E+02
       501, 4.739664477E-18, 1.548091900E-02, 6.000000000E-01, 1.548091900E-02, 5.598863882E+02
       502,-6.423776132E-03, 1.550836746E-02, 6.000000000E-01, 1.678613598E-02, 5.607429485E+02
       503, 6.423776132E-03, 1.550836746E-02, 6.000000000E-01, 1.678613598E-02, 5.607429485E+02
       504,-9.141552993E-03, 1.583363424E-02, 6.000000000E-01, 1.828310599E-02, 5.616489820E+02
       505, 9.141552993E-03, 1.583363424E-02, 6.000000000E-01, 1.828310599E-02, 5.616489820E+02
       506,-1.217522858E-02, 1.586706681E-02, 6.000000000E-01, 2.000000000E-02, 5.622633336E+02
       507, 1.217522858E-02, 1.586706681E-02, 6.000000000E-01, 2.000000000E-02, 5.622633336E+02
       508,-4.344571685E-03, 1.621416226E-02, 6.000000000E-01, 1.678613598E-02, 5.607428925E+02
       509, 4.344571685E-03, 1.621416226E-02, 6.000000000E-01, 1.678613598E-02, 5.607428925E+02
       510,-2.191030411E-03, 1.664252826E-02, 6.000000000E-01, 1.678613598E-02, 5.607428488E+02
       511, 2.191030411E-03, 1.664252826E-02, 6.000000000E-01, 1.678613598E-02, 5.607428488E+02
       512, 5.139271924E-18, 1.678613598E-02, 6.000000000E-01, 1.678613598E-02, 5.607428324E+02
       513,-6.996641753E-03, 1.689138741E-02, 6.000000000E-01, 1.828310599E-02, 5.616489374E+02
       514, 6.996641753E-03, 1.689138741E-02, 6.000000000E-01, 1.828310599E-02, 5.616489374E+02
       515,-1.000000000E-02, 1.732050808E-02, 6.000000000E-01, 2.000000000E-02, 5.622633042E+02
       516, 1.000000000E-02, 1.732050808E-02, 6.000000000E-01, 2.000000000E-02, 5.622633042E+02
       517,-4.732016033E-03, 1.766012426E-02, 6.000000000E-01, 1.828310599E-02, 5.616488900E+02
       518, 4.732016033E-03, 1.766012426E-02, 6.000000000E-01, 1.828310599E-02, 5.616488900E+02
       519,-2.386424206E-03, 1.812669148E-02, 6.000000000E-01, 1.828310599E-02, 5.616488537E+02
       520, 2.386424206E-03, 1.812669148E-02, 6.000000000E-01, 1.828310599E-02, 5.616488537E+02
       521, 5.597586806E-18, 1.828310599E-02, 6.000000000E-01, 1.828310599E-02, 5.616488401E+02
       522,-7.653668647E-03, 1.847759065E-02, 6.000000000E-01, 2.000000000E-02, 5.622632621E+02
       523, 7.653668647E-03, 1.847759065E-02, 6.000000000E-01, 2.000000000E-02, 5.622632621E+02
       524,-5.176380902E-03, 1.931851653E-02, 6.000000000E-01, 2.000000000E-02, 5.622632177E+02
       525, 5.176380902E-03, 1.931851653E-02, 6.000000000E-01, 2.000000000E-02, 5.622632177E+02
       526,-2.610523844E-03, 1.982889723E-02, 6.000000000E-01, 2.000000000E-02, 5.622631839E+02
       527, 2.610523844E-03, 1.982889723E-02, 6.000000000E-01, 2.000000000E-02, 5.622631839E+02
       528, 6.123233996E-18, 2.000000000E-02, 6.000000000E-01, 2.000000000E-02, 5.622631712E+02
