"# Master table, Section 6B three-mesh study. Status: A clearly convergent, B approximately convergent, C still changing materially, D affected by geometry/faceting, E inconclusive. RE-ANALYSIS 2026."
quantity,units,coarse_51840,medium_159840,fine_500580,coarse_to_medium_pct,medium_to_fine_pct,coarse_to_medium_pct_of_rise,medium_to_fine_pct_of_rise,geometry_part_C_to_M,geometry_part_M_to_F,geometry_basis,extrapolated,GCI_fine_pct,GCI_fine_abs,GCI_basis,status,status_basis
Mass flow (inlet),g/s,8.6312,8.6622,8.6759,+0.358,+0.159,,,+0.03092,+0.01377,exact: planar area of the polygon,8.6866,,,value,D,"raw change is mostly the polygon geometry (100 % of coarse->medium); Richardson limit 8.68657 vs exact circle value 8.68694 (-0.0043 %): the sequence converges geometrically to the circle, which confirms the procedure; no GCI quoted"
Mass flow / planar-area ratio,g/s,8.6869,8.6869,8.6869,+0.000,-0.000,,,,,exact correction,,,,value,A,after the exact area correction all three meshes agree to round-off
"Pressure drop, static (area-wtd, inlet - outlet)",Pa,437.09,438.13,439.12,+0.236,+0.227,,,-1.242,-0.5535,estimated: Dh and bulk-T effects,,0.596,2.617,value,B,"monotonic, R = 0.96, p = not credible (0.13), medium->fine 0.23 %; estimated geometric part of coarse->medium change: -1.24 (raw +1.03)"
"Pressure drop, geometry-adjusted (estimate)",Pa,434.85,437.13,438.68,+0.523,+0.354,,,,,estimated correction,441.81,0.894,3.923,value,B,"monotonic, R = 0.68, p = 1.05, medium->fine 0.35 %; capped at B because the adjustment itself is an estimate"
"Outlet temperature, mass-weighted",K,369.115,368.932,368.851,-0.050,-0.022,-0.265,-0.117,-0.185,-0.08194,exact: Q/mdot of the polygon,368.790,,,rise above 300 K,D,"raw change is mostly the polygon geometry (101 % of coarse->medium); Richardson limit 368.79 vs exact circle value 368.786 (+0.0010 %): the sequence converges geometrically to the circle, which confirms the procedure; no GCI quoted"
"Outlet temperature, geometry-corrected",K,368.783,368.785,368.786,+0.001,+0.000,+0.003,+0.002,,,exact correction,368.787,0.002,0.001592,rise above 300 K,A,"monotonic, R = 0.55, p = 1.61, medium->fine 0.00 % of the rise"
Heat-transfer rate,W,602.22,602.76,602.99,+0.089,+0.040,,,+0.5379,+0.2392,exact: outer area of the polygon,603.18,,,value,D,"raw change is mostly the polygon geometry (100 % of coarse->medium); Richardson limit 603.179 vs exact circle value 603.186 (-0.0011 %): the sequence converges geometrically to the circle, which confirms the procedure; no GCI quoted"
Heat-transfer rate / lateral-area ratio,W,603.19,603.19,603.19,+0.000,-0.000,,,,,exact correction,,,,value,A,after the exact area correction all three meshes agree to round-off
Maximum solid temperature (outer-wall facet max),K,565.40,562.58,560.83,-0.500,-0.310,-1.065,-0.665,-0.185,-0.08194,exact part: bulk shift at exit,558.13,1.292,3.371,rise above 300 K,B,"monotonic, R = 0.62, p = 1.31, medium->fine -0.66 % of the rise"
"Maximum solid temperature, geometry-corrected",K,565.07,562.43,560.77,-0.468,-0.296,-0.997,-0.634,,,exact bulk correction,558.06,1.297,3.381,rise above 300 K,B,"monotonic, R = 0.63, p = 1.26, medium->fine -0.63 % of the rise"
Minimum solid temperature (cell centre),K,425.41,423.97,423.09,-0.338,-0.207,-1.148,-0.708,,,inlet end; negligible bulk shift,421.78,1.332,1.639,rise above 300 K,B,"monotonic, R = 0.61, p = 1.35, medium->fine -0.71 % of the rise"
Peak inner-wall temperature,K,558.12,555.27,553.50,-0.512,-0.318,-1.106,-0.691,-0.185,-0.08194,exact part: bulk shift at exit,550.78,1.342,3.402,rise above 300 K,B,"monotonic, R = 0.62, p = 1.31, medium->fine -0.69 % of the rise"
"Inner-wall temperature, mid-span",K,534.24,531.67,530.17,-0.482,-0.282,-1.098,-0.647,-0.09332,-0.04131,exact part: bulk shift at mid-span,528.16,1.090,2.51,rise above 300 K,B,"monotonic, R = 0.58, p = 1.47, medium->fine -0.65 % of the rise"
"Outer-wall temperature, mid-span",K,541.80,539.25,537.77,-0.470,-0.275,-1.053,-0.620,-0.09332,-0.04131,exact part: bulk shift at mid-span,535.78,1.043,2.481,rise above 300 K,B,"monotonic, R = 0.58, p = 1.47, medium->fine -0.62 % of the rise"
"Through-wall dT, MID-SPAN z = 300 mm",K,7.554,7.581,7.597,+0.353,+0.213,,,+0.0203,+0.009035,estimated: apothem scaling,7.620,0.386,0.02935,value,B,"monotonic, R = 0.60, p = 1.37, medium->fine 0.21 %; estimated geometric part of coarse->medium change: +0.0203 (raw +0.0267); capped at B: the ESTIMATED geometric share of coarse->medium is 76 %, so a discretisation-only trend cannot be isolated (residual changes +0.00639, +0.00707)"
"Through-wall dT, z = 570 mm",K,7.334,7.361,7.378,+0.356,+0.230,,,+0.01971,+0.008773,estimated: apothem scaling,7.407,0.505,0.03729,value,B,"monotonic, R = 0.65, p = 1.18, medium->fine 0.23 %; estimated geometric part of coarse->medium change: +0.0197 (raw +0.0261); capped at B: the ESTIMATED geometric share of coarse->medium is 75 %, so a discretisation-only trend cannot be isolated (residual changes +0.00642, +0.00818)"
"h, mid-span",W/m2K,79.69,80.69,81.29,+1.256,+0.741,,,-0.04276,-0.01922,"estimated: Dh^-0.2, negligible",82.14,1.308,1.063,value,B,"monotonic, R = 0.60, p = 1.40, medium->fine 0.74 %; estimated geometric part of coarse->medium change: -0.0428 (raw +1)"
Fully developed Nu (exact window x/D 18-29),-,53.38,54.17,54.66,+1.484,+0.907,,,-0.02864,-0.0129,"estimated: Dh^-0.2, negligible",55.43,1.757,0.9603,value,B,"monotonic, R = 0.62, p = 1.30, medium->fine 0.91 %; estimated geometric part of coarse->medium change: -0.0286 (raw +0.792)"
Fully developed Darcy f (exact window x/D 18-29),-,0.02134,0.02163,0.02181,+1.345,+0.847,,,-1.145e-05,-5.151e-06,"estimated: Dh^-0.2, negligible",0.02212,1.768,0.0003855,value,B,"monotonic, R = 0.64, p = 1.23, medium->fine 0.85 %; estimated geometric part of coarse->medium change: -1.14e-05 (raw +0.000287)"
Volume-mean solid temperature,K,527.66,525.48,524.18,-0.412,-0.247,-0.954,-0.576,-0.09248,-0.04097,exact part: mean bulk shift,522.34,1.030,2.309,rise above 300 K,B,"monotonic, R = 0.60, p = 1.40, medium->fine -0.58 % of the rise"
"Reynolds number, outlet",-,25535,25545,25549,+0.037,+0.016,,,,,via T_out (exact),25552,,,value,D,changes only through mu(T_out) at fixed G = mdot/A; the T_out change is geometric (same apparent order p = 2.20 as T_out)
y+ area mean,-,0.238,0.241,0.243,+1.193,+0.712,,,,,,0.245,1.287,0.003124,value,B,"monotonic, R = 0.60, p = 1.37, medium->fine 0.71 %"
y+ maximum,-,0.522,0.585,0.653,+12.095,+11.653,,,,,first-slab sampling position differs,,,,value,E,"not a convergence metric: the maximum sits in the first slab, whose centre moves toward the inlet leading edge as the mesh is refined (5.0 / 3.3 / 2.2 mm); every value <= 1"
y+ minimum,-,0.207,0.208,0.209,+0.639,+0.383,,,,,O-grid spacing pattern,0.210,0.694,0.001449,value,A,"monotonic, R = 0.60, p = 1.37, medium->fine 0.38 %"
Mass imbalance,%,1.2e-13,7.0e-13,3.9e-12,,,,,,,,,,,value,A,round-off on every mesh
Energy imbalance,%,2.0e-11,3.1e-11,6.2e-11,,,,,,,,,,,value,A,round-off on every mesh
