"# isothermal diagnostic, medium mesh: slab-averaged wall shear and Darcy f. RE-ANALYSIS 2026."
z,x_over_D,tau_w,f,yplus_avg
0.00333333,0.166667,5.6899782,0.070051217,0.794182
0.01,0.5,2.6918084,0.03313975,0.546257
0.0166667,0.833333,2.2265997,0.027412411,0.496796
0.0233333,1.16667,2.1782494,0.026817154,0.491374
0.03,1.5,2.1419526,0.026370292,0.487268
0.0366667,1.83333,2.1061526,0.025929546,0.483181
0.0433333,2.16667,2.0720452,0.025509638,0.479254
0.05,2.5,2.0407204,0.025123988,0.475619
0.0566667,2.83333,2.0134005,0.024787644,0.472425
0.0633333,3.16667,1.9900947,0.024500719,0.469683
0.07,3.5,1.9702489,0.02425639,0.467335
0.0766667,3.83333,1.9532985,0.024047708,0.46532
0.0833333,4.16667,1.9387221,0.023868254,0.46358
0.09,4.5,1.9260785,0.023712594,0.462065
0.0966667,4.83333,1.9150626,0.023576974,0.460741
0.103333,5.16667,1.9054219,0.023458284,0.45958
0.11,5.5,1.8969379,0.023353835,0.458555
0.116667,5.83333,1.8894429,0.023261561,0.457648
0.123333,6.16667,1.8828251,0.023180087,0.456846
0.13,6.5,1.8769654,0.023107946,0.456134
0.136667,6.83333,1.8717652,0.023043924,0.455502
0.143333,7.16667,1.8671376,0.022986952,0.454938
0.15,7.5,1.8630576,0.022936723,0.454441
0.156667,7.83333,1.8594914,0.022892817,0.454005
0.163333,8.16667,1.8563526,0.022854175,0.453622
0.17,8.5,1.8535729,0.022819953,0.453282
0.176667,8.83333,1.8510729,0.022789175,0.452976
0.183333,9.16667,1.8488302,0.022761564,0.452701
0.19,9.5,1.8468441,0.022737112,0.452458
0.196667,9.83333,1.8451028,0.022715675,0.452244
0.203333,10.1667,1.8435861,0.022697003,0.452058
0.21,10.5,1.8422819,0.022680946,0.451898
0.216667,10.8333,1.8411801,0.022667381,0.451763
0.223333,11.1667,1.8402674,0.022656145,0.451651
0.23,11.5,1.8395305,0.022647072,0.451561
0.236667,11.8333,1.8389505,0.022639932,0.451489
0.243333,12.1667,1.8385218,0.022634654,0.451437
0.25,12.5,1.8382365,0.022631142,0.451401
0.256667,12.8333,1.8380805,0.022629221,0.451382
0.263333,13.1667,1.8380463,0.0226288,0.451378
0.27,13.5,1.8381232,0.022629747,0.451387
0.276667,13.8333,1.8383041,0.022631974,0.451409
0.283333,14.1667,1.8385827,0.022635404,0.451443
0.29,14.5,1.8389542,0.022639978,0.451489
0.296667,14.8333,1.8394042,0.022645517,0.451544
0.303333,15.1667,1.8399246,0.022651925,0.451609
0.31,15.5,1.8405098,0.022659129,0.451681
0.316667,15.8333,1.8411553,0.022667075,0.45176
0.323333,16.1667,1.8418577,0.022675724,0.451847
0.33,16.5,1.8426167,0.022685068,0.45194
0.336667,16.8333,1.8434341,0.022695132,0.45204
0.343333,17.1667,1.8443072,0.02270588,0.452148
0.35,17.5,1.8452314,0.022717258,0.452261
0.356667,17.8333,1.8462053,0.022729248,0.452381
0.363333,18.1667,1.8472314,0.02274188,0.452507
0.37,18.5,1.8483094,0.022755153,0.452639
0.376667,18.8333,1.8494429,0.022769108,0.452778
0.383333,19.1667,1.8506347,0.022783781,0.452924
0.39,19.5,1.8518847,0.022799169,0.453077
0.396667,19.8333,1.8531893,0.02281523,0.453236
0.403333,20.1667,1.8545423,0.022831888,0.453401
0.41,20.5,1.8559408,0.022849105,0.453572
0.416667,20.8333,1.8573823,0.022866852,0.453748
0.423333,21.1667,1.8588643,0.022885098,0.453929
0.43,21.5,1.8603847,0.022903816,0.454115
0.436667,21.8333,1.8619396,0.022922958,0.454304
0.443333,22.1667,1.8635265,0.022942496,0.454498
0.45,22.5,1.8651451,0.022962422,0.454695
0.456667,22.8333,1.8667944,0.022982727,0.454896
0.463333,23.1667,1.8684732,0.023003395,0.455101
0.47,23.5,1.8701797,0.023024405,0.455309
0.476667,23.8333,1.8719114,0.023045725,0.455519
0.483333,24.1667,1.8736652,0.023067316,0.455733
0.49,24.5,1.8754376,0.023089136,0.455948
0.496667,24.8333,1.8772276,0.023111174,0.456166
0.503333,25.1667,1.8790337,0.023133409,0.456385
0.51,25.5,1.8808577,0.023155866,0.456607
0.516667,25.8333,1.8826951,0.023178486,0.45683
0.523333,26.1667,1.8845534,0.023201365,0.457055
0.53,26.5,1.8864197,0.023224341,0.457281
0.536667,26.8333,1.8883137,0.023247659,0.457511
0.543333,27.1667,1.8901996,0.023270876,0.457739
0.55,27.5,1.8921383,0.023294744,0.457974
0.556667,27.8333,1.8940229,0.023317947,0.458202
0.563333,28.1667,1.8960215,0.023342552,0.458443
0.57,28.5,1.8978594,0.023365179,0.458666
0.576667,28.8333,1.8999322,0.023390698,0.458916
0.583333,29.1667,1.9018288,0.023414047,0.459145
0.59,29.5,1.9036784,0.023436819,0.459369
0.596667,29.8333,1.905863,0.023463714,0.459632
