"Item","Expected_prefix","SHA256","Match","Path","Bytes","LastWrite"
"report PDF","7F8F32AD","7F8F32ADB39CD260A804CC0D42EB75915A5B37D6DD4D5197E856061584624494","UNCHANGED","13_Report\Final_Report\Flow_Behavior_Thermal_Effects_Multiphysics_Internship_Report.pdf","7841330","2026-10-01T12:04:07"
"report DOCX","2D40820C","2D40820C27BD55255021E0D576DBCA860AE41D9E178230D049322A1E1128CAD3","UNCHANGED","13_Report\Final_Report\Flow_Behavior_Thermal_Effects_Multiphysics_Internship_Report.docx","8013539","2026-10-01T12:04:06"
"presentation PPTX","02EAB433","02EAB433F6004679345D1BCFC60D38603601EEA63E937040449FC27540CA7157","UNCHANGED","14_Presentation\Final\Flow_Behavior_Thermal_Effects_Multiphysics_Presentation.pptx","3097493","2026-10-01T12:04:24"
"MASTER_PROJECT_DATA.csv","727ADD0A","727ADD0A71BE79011A96DCE517274B26BBC511E835154B30C0CB45FFF10722D3","UNCHANGED","11_Final_Audit\MASTER_PROJECT_DATA.csv","55210","2026-09-27T23:08:54"
"Fluent baseline case","84D6511B","84D6511B66C3B553BA9555A7115B21E9C41B3F7194D697D01A211466E8AE8204","UNCHANGED","06_Fluent_CFD\Case\baseline_medium_final.cas.h5","5000324","2026-09-23T19:10:58"
"Fluent baseline data","F05837C5","F05837C5C27E022FC7974E7F04469098FD34A8500F111E4E2D782C4B705A352F","UNCHANGED","06_Fluent_CFD\Data\baseline_medium_final.dat.h5","8546549","2026-09-23T19:11:00"
"LC2 solver deck","51D80678","51D806783ABC26AC2A6F89E47E3A19F079C59ACB53D3655A90E21ECF6AE15B09","UNCHANGED","08_Structural_Analysis\LC2_Restrained\Solver_Output\LC2_solve_input_ds.dat","15527234","2026-09-25T15:14:44"
"s7b_nodal.csv","DC650A0C","DC650A0C2532296A48E8EDA039E682F83E4B072D83F461CF0DFD2D24F33A5864","UNCHANGED","08_Structural_Analysis\Buckling\Mechanical\LC2_prestress_resolve\Solver_Output\s7b_nodal.csv","28578623","2026-09-26T11:47:00"
"s8a_mode1.csv","A5FDC844","A5FDC844DDDEBBDA732822334C790D4F6C59E3590D5932009FFCB09001CA2B29","UNCHANGED","08_Structural_Analysis\Buckling\Mechanical\LC2_Linear_Buckling\Solver_Output\s8a_mode1.csv","3225771","2026-09-26T11:51:36"
"BUCKLING_RESULTS.md","5BABD2DC","5BABD2DC621995F436D73ECD1D631F1DB453568D42F4D39ED9CFB96DE0698003","UNCHANGED","08_Structural_Analysis\Buckling\BUCKLING_RESULTS.md","15685","2026-09-26T12:06:52"
