t,Fz_inlet_N,Fz_outlet_N,z_resultant_all_spc_N
0,0,0,0
0.01,13822.2041,-13822.20377,0.0003301815593
0.02,27601.64761,-27601.64697,0.0006437825731
0.03,41338.3,-41338.29895,0.001047645127
0.04,55032.13064,-55032.1291,0.001541477409
0.05,68683.10888,-68683.10675,0.002124987402
0.06,82291.20401,-82291.20121,0.0027978832
0.07,95856.3853,-95856.38174,0.003559871892
0.08,109378.6219,-109378.6175,0.004410660943
0.09,122857.8831,-122857.8778,0.005349958012
0.1,136294.1379,-136294.1316,0.006377470096
0.11,149770.5532,-149770.5453,0.007956929444
0.12,163357.3708,-163357.3614,0.009378197934
0.13,177001.0169,-177001.006,0.0109184644
0.14,190679.2902,-190679.2777,0.01259302382
0.15,204382.9065,-204382.8921,0.01440691859
0.16,218107.8491,-218107.8328,0.01636899546
0.17,231852.1171,-231852.0986,0.01850205288
0.18,245613.9937,-245613.973,0.0206873874
0.19,259392.4341,-259392.4113,0.02278738391
0.2,273187.1283,-273187.1031,0.0251161456
0.21,286996.1705,-286996.1427,0.02773664709
0.22,300818.1575,-300818.127,0.0304254431
0.23,314652.4559,-314652.4226,0.03334583807
0.24,328498.7456,-328498.7092,0.0364188802
0.25,342356.7478,-342356.7081,0.03965940171
0.26,356226.204,-356226.1609,0.04306644781
0.27,370106.8561,-370106.8094,0.04664324368
0.28,384012.2002,-384012.149,0.05117053834
0.29,397966.5978,-397966.5421,0.05566595205
0.3,411958.8209,-411958.7609,0.06000793761
0.31,425982.9403,-425982.8757,0.06454455813
0.32,440035.0611,-440034.9918,0.069284775
0.33,454112.1489,-454112.0747,0.07423574992
0.34,468213.0285,-468212.9491,0.07940258181
0.35,482335.6433,-482335.5585,0.08479198855
0.36,496479.4054,-496479.315,0.09040727989
0.37,510642.786,-510642.6898,0.09625621206
0.38,524825.3923,-524825.2899,0.1023407193
0.39,539026.8028,-539026.6942,0.1086647064
0.4,553246.4285,-553246.3133,0.115234544
0.41,556092.3856,-556092.364,0.02161284204
0.42,558939.1437,-558939.1218,0.02187133103
0.43,561786.5684,-561786.5463,0.02213236872
0.44,564634.7234,-564634.701,0.0223952686
0.45,567483.5417,-567483.519,0.02266049649
0.46,570333.0563,-570333.0333,0.02292762051
0.47,573183.2565,-573183.2333,0.02319724003
0.48,576034.1469,-576034.1235,0.02346857684
0.49,578885.5037,-578885.48,0.02374990096
0.5,581736.7045,-581736.6804,0.02406746351
0.51,584587.4614,-584587.437,0.02437884823
0.52,587437.6019,-587437.5772,0.02468297523
0.53,590287.0361,-590287.0111,0.02499647064
0.54,593135.7462,-593135.7209,0.02529074949
0.55,595983.7302,-595983.7046,0.02559402351
0.56,598831.1499,-598831.124,0.02588411048
0.57,601678.0476,-601678.0214,0.02617898188
0.58,604524.5069,-604524.4804,0.02647361956
0.59,607370.5343,-607370.5076,0.02677137371
0.6,610216.2081,-610216.181,0.02707122705
0.61,613060.2979,-613060.2708,0.02712238655
0.62,615900.1375,-615900.1108,0.02664845013
0.63,618735.3685,-618735.342,0.02653584751
0.64,621564.7499,-621564.7237,0.02623245983
0.65,624387.7696,-624387.7435,0.02601738064
0.66,627204.6735,-627204.6475,0.02597514534
0.67,630015.3448,-630015.3187,0.02605166184
0.68,632820.741,-632820.7147,0.02629184938
0.69,635620.8856,-635620.8591,0.02653569674
0.7,638415.9698,-638415.943,0.02677650088
0.71,641206.6538,-641206.6267,0.02701601748
0.72,643992.9887,-643992.9615,0.02725823881
0.73,646775.1281,-646775.1006,0.02750013847
0.74,649553.6455,-649553.6178,0.02774735944
0.75,652327.6788,-652327.6508,0.02798879923
0.76,655098.244,-655098.2157,0.02823250879
0.77,657864.8658,-657864.8373,0.02848172656
0.78,660628.3401,-660628.3114,0.02873157476
0.79,663387.7412,-663387.7122,0.0289692315
0.8,666144.0479,-666144.0186,0.02922114797
0.81,671646.4298,-671646.3694,0.06044212012
0.82,677136.5927,-677136.5312,0.06145798723
0.83,682615.3386,-682615.2762,0.06245250841
0.84,688083.9483,-688083.8848,0.06350510175
0.85,693541.2806,-693541.216,0.06454822326
0.86,698990.3523,-698990.2867,0.06557095146
0.87,704428.1466,-704428.0799,0.06669387037
0.88,709858.3854,-709858.3177,0.0677446437
0.89,715278.3858,-715278.3171,0.06873864957
0.9,720690.6501,-720690.58,0.07009457382
