r_m,sigma_r_Pa,sigma_hoop_Pa,sigma_z_Pa,sigma_vm_Pa
1.000000000000000021e-02,-0.000000000000000000e+00,1.704978957285856828e+07,1.704978957285857201e+07,1.704978957285856828e+07
1.005025125628140718e-02,8.453257041957593174e+04,1.676378708095604181e+07,1.684831965137561411e+07,1.672168104704699479e+07
1.010050251256281416e-02,1.668092589731486805e+05,1.648104531260957010e+07,1.664785457158271968e+07,1.639827701221898943e+07
1.015075376884422113e-02,2.468795632551301096e+05,1.620150479654823989e+07,1.644838435980336927e+07,1.607948652050434612e+07
1.020100502512562811e-02,3.247917160721473047e+05,1.592510747404830903e+07,1.624989919012045301e+07,1.576522104931259155e+07
1.025125628140703508e-02,4.005927232665757183e+05,1.565179665820525028e+07,1.605238938147182018e+07,1.545539444053156301e+07
1.030150753768844206e-02,4.743284002377929864e+05,1.538151699457916617e+07,1.585584539481696300e+07,1.514992284259331599e+07
1.035175879396984903e-02,5.460434072118290933e+05,1.511421442316067778e+07,1.566025783037250116e+07,1.484872465536636114e+07
1.040201005025125601e-02,6.157812833081132267e+05,1.484983614160666429e+07,1.546561742491477728e+07,1.455172047784200497e+07
1.045226130653266298e-02,6.835844794496949762e+05,1.458833056969757751e+07,1.527191504914727248e+07,1.425883305859180540e+07
1.050251256281406996e-02,7.494943901614447823e+05,1.432964731496983208e+07,1.507914170513127558e+07,1.396998724898285791e+07
1.055276381909547694e-02,8.135513842988191172e+05,1.407373713947900012e+07,1.488728852377781644e+07,1.368510995914772339e+07
1.060301507537688391e-02,8.757948347478549695e+05,1.382055192765136994e+07,1.469634676239922270e+07,1.340413011671691574e+07
1.065326633165829089e-02,9.362631471354624955e+05,1.357004465518301725e+07,1.450630780231847987e+07,1.312697862833313085e+07
1.070351758793969960e-02,9.949937875873659505e+05,1.332216935894757137e+07,1.431716314653493278e+07,1.285358834397925436e+07
1.075376884422110657e-02,1.052023309569383971e+06,1.307688110787522048e+07,1.412890441744460538e+07,1.258389402416552790e+07
1.080402010050251355e-02,1.107387379846496973e+06,1.283413597476715222e+07,1.394152335461364873e+07,1.231783231003591046e+07
1.085427135678392052e-02,1.161120803592333104e+06,1.259389100901116431e+07,1.375501181260349974e+07,1.205534169647007063e+07
1.090452261306532750e-02,1.213257548680724110e+06,1.235610421016547456e+07,1.356936175884619728e+07,1.179636250827477500e+07
1.095477386934673447e-02,1.263830769189438317e+06,1.212073450237920322e+07,1.338456527156863920e+07,1.154083687957821973e+07
1.100502512562814145e-02,1.312872828144995961e+06,1.188774170961922966e+07,1.320061453776422329e+07,1.128870873656226136e+07
1.105527638190954842e-02,1.360415319536374649e+06,1.165708653167441487e+07,1.301750185121078975e+07,1.103992378369177319e+07
1.110552763819095540e-02,1.406489089624166489e+06,1.142873052090930566e+07,1.283521961053347215e+07,1.079442949362688884e+07
1.115577889447236237e-02,1.451124257570754737e+06,1.120263605974050425e+07,1.265376031731125712e+07,1.055217510103401355e+07
1.120603015075376935e-02,1.494350235415950185e+06,1.097876633881017193e+07,1.247311657422612421e+07,1.031311160054526664e+07
1.125628140703517632e-02,1.536195747421701206e+06,1.075708533583187684e+07,1.229328108325357735e+07,1.007719174915355258e+07
1.130653266331658330e-02,1.576688848808306269e+06,1.053755779508519173e+07,1.211424664389349706e+07,9.844370073373576626e+06
1.135678391959799027e-02,1.615856943903906271e+06,1.032014920753625408e+07,1.193600615144016035e+07,9.614602881546994671e+06
1.140703517587939725e-02,1.653726803728016093e+06,1.010482579156252928e+07,1.175855259529054724e+07,9.387848281724980101e+06
1.145728643216080422e-02,1.690324583029063419e+06,9.891554474260680377e+06,1.158187905728974380e+07,9.164066205623183399e+06
1.150753768844221120e-02,1.725675836795147741e+06,9.680302873317426071e+06,1.140597871011257358e+07,8.943218439214918762e+06
1.155778894472361817e-02,1.759805536256476305e+06,9.471039279424058273e+06,1.123084481568053365e+07,8.725268660608639941e+06
1.160804020100502515e-02,1.792738084397096885e+06,9.263732639215895906e+06,1.105647072361299396e+07,8.510182485947461799e+06
1.165829145728643212e-02,1.824497330993101466e+06,9.058352538718793541e+06,1.088284986971189268e+07,8.297927524172956124e+06
1.170854271356783910e-02,1.855106587193570798e+06,8.854869187285482883e+06,1.070997577447905391e+07,8.088473441615306772e+06
1.175879396984924607e-02,1.884588639659991255e+06,8.653253402005160227e+06,1.053784204166515172e+07,7.881792037508429959e+06
1.180904522613065305e-02,1.912965764279320370e+06,8.453476592570407316e+06,1.036644235684972443e+07,7.677857331685495563e+06
1.185929648241206003e-02,1.940259739465254126e+06,8.255510746586026624e+06,1.019577048605128191e+07,7.476645665889453143e+06
1.190954773869346700e-02,1.966491859061628347e+06,8.059328415305148810e+06,1.002582027436677925e+07,7.278135820338821039e+06
1.195979899497487398e-02,1.991682944861496333e+06,7.864902699778290465e+06,9.856585644639788195e+06,7.082309147424197756e+06
1.201005025125628095e-02,2.015853358754806221e+06,7.672207237401745282e+06,9.688060596156548709e+06,6.889149724680360407e+06
1.206030150753768793e-02,2.039023014517121948e+06,7.481216188852137886e+06,9.520239203369261697e+06,6.698644529487009160e+06
1.211055276381909490e-02,2.061211389251443790e+06,7.291904225394466892e+06,9.353115614645909518e+06,6.510783638302822597e+06
1.216080402010050188e-02,2.082437534494631924e+06,7.104246516551339999e+06,9.186684051045970991e+06,6.325560453638450243e+06
1.221105527638190885e-02,2.102720086999580730e+06,6.918218718121801503e+06,9.020938805121384561e+06,6.142971962429195642e+06
1.226130653266331583e-02,2.122077279203872196e+06,6.733796960538252257e+06,8.855874239742120728e+06,5.963019029982812703e+06
1.231155778894472280e-02,2.140526949395161588e+06,6.550957837550617754e+06,8.691484786945778877e+06,5.785706734256781638e+06
1.236180904522613151e-02,2.158086551583313383e+06,6.369678395227291621e+06,8.527764946810605004e+06,5.611044745865006000e+06
1.241206030150753849e-02,2.174773165088789072e+06,6.189936121262595989e+06,8.364709286351387389e+06,5.439047759926923551e+06
1.246231155778894546e-02,2.190603503856593277e+06,6.011708934581049718e+06,8.202312438437645324e+06,5.269735986647831276e+06
1.251256281407035244e-02,2.205593925504553597e+06,5.834975175229019485e+06,8.040569100733570755e+06,5.103135708347025327e+06
1.256281407035175941e-02,2.219760440114609431e+06,5.659713594544639811e+06,7.879474034659249708e+06,4.939279911507563666e+06
1.261306532663316639e-02,2.233118718775331508e+06,5.485903345597247593e+06,7.719022064372582361e+06,4.778209003270414658e+06
1.266331658291457336e-02,2.245684101883598603e+06,5.313523973887858912e+06,7.559208075771460310e+06,4.619971622574803419e+06
1.271356783919598034e-02,2.257471607213165145e+06,5.142555408302549273e+06,7.400027015515713021e+06,4.464625556759701110e+06
1.276381909547738731e-02,2.268495937757492065e+06,4.972977952310818247e+06,7.241473890068312176e+06,4.312238774745328352e+06
1.281407035175879429e-02,2.278771489354008343e+06,4.804772275401451625e+06,7.083543764755462296e+06,4.162890587696935050e+06
1.286432160804020126e-02,2.288312358096644282e+06,4.637919404748376459e+06,6.926231762845024467e+06,4.016672947031839751e+06
1.291457286432160824e-02,2.297132347543350887e+06,4.472400717099616304e+06,6.769533064642966725e+06,3.873691887336624786e+06
1.296482412060301521e-02,2.305244975724962540e+06,4.308197930882339366e+06,6.613442906607302837e+06,3.734069117620731238e+06
1.301507537688442219e-02,2.312663481961628888e+06,4.145293098517589271e+06,6.457956580479219556e+06,3.597943757543641143e+06
1.306532663316582916e-02,2.319400833492785227e+06,3.983668598938126117e+06,6.303069432430913672e+06,3.465474204757058993e+06
1.311557788944723614e-02,2.325469731926381122e+06,3.823307130303395446e+06,6.148776862229777500e+06,3.336840103953992017e+06
1.316582914572864312e-02,2.330882619513047393e+06,3.664191702905573882e+06,5.995074322418620810e+06,3.212244365972728468e+06
1.321608040201005009e-02,2.335651685250436887e+06,3.506305632260989863e+06,5.841957317511429079e+06,3.091915154502930120e+06
1.326633165829145707e-02,2.339788870823048521e+06,3.349632532381386962e+06,5.689421403204436414e+06,2.976107716700178571e+06
1.331658291457286404e-02,2.343305876382494345e+06,3.194156309219627175e+06,5.537462185602119192e+06,2.865105880859849509e+06
1.336683417085427102e-02,2.346214166173043661e+06,3.039861154284656513e+06,5.386075320457701571e+06,2.759222978937751614e+06
1.341708542713567973e-02,2.348524974007182289e+06,2.886731538420811296e+06,5.235256512427994981e+06,2.658801876261820551e+06
1.346733668341708670e-02,2.350249308595635928e+06,2.734752205746479798e+06,5.085001514342118055e+06,2.564213711579722818e+06
1.351758793969849368e-02,2.351397958736292552e+06,2.583908167747521773e+06,4.935306126483812928e+06,2.475854880338909570e+06
1.356783919597990065e-02,2.351981498366192449e+06,2.434184697520942427e+06,4.786166195887134410e+06,2.394141753975030966e+06
1.361809045226130763e-02,2.352010291480729356e+06,2.285567324164402205e+06,4.637577615645131096e+06,2.319502648459911346e+06
1.366834170854271460e-02,2.351494496923933737e+06,2.138041827307293192e+06,4.489536324231226929e+06,2.252366673806190491e+06
1.371859296482412158e-02,2.350444073053731583e+06,1.991594231779377675e+06,4.342038304833108559e+06,2.193149348903640639e+06
1.376884422110552855e-02,2.348868782285809051e+06,1.846210802412955090e+06,4.195079584698765539e+06,2.142235272801866755e+06
1.381909547738693553e-02,2.346778195519693196e+06,1.701878038974735187e+06,4.048656234494430479e+06,2.099958686548724305e+06
1.386934673366834250e-02,2.344181696450443938e+06,1.558582671223736368e+06,3.902764367674180772e+06,2.066583363603964914e+06
1.391959798994974948e-02,2.341088485769383609e+06,1.416311654091579374e+06,3.757400139860963449e+06,2.042283793713015271e+06
1.396984924623115645e-02,2.337507585257006809e+06,1.275052162981724832e+06,3.612559748238732107e+06,2.027129898869405035e+06
1.402010050251256343e-02,2.333447841771222651e+06,1.134791589184304699e+06,3.468239430955524556e+06,2.021077385086467955e+06
1.407035175879397040e-02,2.328917931134004612e+06,9.955175354032166069e+05,3.324435466537221335e+06,2.023965230505184503e+06
1.412060301507537738e-02,2.323926361919269431e+06,8.572178113924419740e+05,3.181144173311711289e+06,2.035520828188732499e+06
1.417085427135678435e-02,2.318481479144933168e+06,7.198804296984359389e+05,3.038361908843369689e+06,2.055372170373570872e+06
1.422110552763819133e-02,2.312591467871791683e+06,5.834936015056598699e+05,2.896085069377451204e+06,2.083065470855796477e+06
1.427135678391959830e-02,2.306264356711927336e+06,4.480457325824088184e+05,2.754310089294335805e+06,2.118086012959221844e+06
1.432160804020100528e-02,2.299508021249222104e+06,3.135254193241550820e+05,2.613033440573376138e+06,2.159879883639476262e+06
1.437185929648241225e-02,2.292330187374400906e+06,1.799214448916847177e+05,2.472251632266087458e+06,2.207874555947109126e+06
1.442211055276381923e-02,2.284738434537096415e+06,4.722277544146218133e+04,2.331961209978561383e+06,2.261496852691774257e+06
1.447236180904522621e-02,2.276740198917223606e+06,-8.458144355431708391e+04,2.192158755362906028e+06,2.320187476602253504e+06
1.452261306532663318e-02,2.268342776517906226e+06,-2.155018909004728775e+05,2.052840885617431253e+06,2.383411876766724046e+06
1.457286432160804016e-02,2.259553326182198711e+06,-3.455490731866616989e+05,1.914004252995538991e+06,2.450667654644199181e+06
1.462311557788944713e-02,2.250378872535682283e+06,-4.747333282126693521e+05,1.775645544323012233e+06,2.521488975738181267e+06
1.467336683417085411e-02,2.240826308857006021e+06,-6.030648283333749278e+05,1.637761480523628881e+06,2.595448567572517786e+06
1.472361809045226108e-02,2.230902399878360331e+06,-7.305535837255233200e+05,1.500348816152835730e+06,2.672157891976115294e+06
1.477386934673366806e-02,2.220613784517830238e+06,-8.572094455784107558e+05,1.363404338939421112e+06,2.751266022152302787e+06
1.482412060301507503e-02,2.209966978545463644e+06,-9.830421092105461285e+05,1.226924869334918680e+06,2.832457666871206369e+06
1.487437185929648201e-02,2.198968377184908837e+06,-1.108061117114239605e+06,1.090907260070667369e+06,2.915450688940233551e+06
1.492462311557788898e-02,2.187624257652346976e+06,-1.232275861930025276e+06,9.553483957223221660e+05,2.999993376699679997e+06
1.497487437185929596e-02,2.175940781634461600e+06,-1.355695589352747193e+06,8.202451922817137092e+05,3.085861652201066259e+06
1.502512562814070293e-02,2.163923997707042377e+06,-1.478329400971210562e+06,6.855945967358321650e+05,3.172856339783729520e+06
1.507537688442210991e-02,2.151579843695894349e+06,-1.600186257042997284e+06,5.513935866528981132e+05,3.260800573147737887e+06
1.512562814070351688e-02,2.138914148981545120e+06,-1.721274979206281947e+06,4.176391697752614855e+05,3.349537385679888539e+06
1.517587939698492386e-02,2.125932636749296449e+06,-1.841604253130205907e+06,2.843283836190896109e+05,3.438927505320357159e+06
1.522613065326633083e-02,2.112640926186075434e+06,-1.961182631105416687e+06,1.514582950806594163e+05,3.528847359371684957e+06
1.527638190954773781e-02,2.099044534625499044e+06,-2.080018534576352919e+06,1.902600004914735109e+04,3.619187284383687656e+06
1.532663316582914478e-02,2.085148879642533371e+06,-2.198120256616767962e+06,-1.129713769742358418e+05,3.709849930014351849e+06
1.537688442211055349e-02,2.070959281099066837e+06,-2.315495964349958114e+06,-2.445366832508895604e+05,3.800748842347950675e+06
1.542713567839196047e-02,2.056480963141738437e+06,-2.432153701315040700e+06,-3.756727381733030779e+05,3.891807210637999233e+06
1.547738693467336744e-02,2.041719056153229438e+06,-2.548101389780833386e+06,-5.063823336276048794e+05,3.982956761174831539e+06
1.552763819095477442e-02,2.026678598658255534e+06,-2.663346833008469082e+06,-6.366682343502128497e+05,4.074136782487566117e+06
1.557788944723618139e-02,2.011364539185468340e+06,-2.777897717464181595e+06,-7.665331782787122065e+05,4.165293267055416945e+06
1.562814070351759010e-02,1.995781738086391008e+06,-2.891761614983489271e+06,-8.959798768970977981e+05,4.256378155903714709e+06
1.567839195979899708e-02,1.979934969312519999e+06,-3.004945984887965955e+06,-1.025011015575447236e+06,4.347348673752292059e+06
1.572864321608040405e-02,1.963828922151647974e+06,-3.117458176055860240e+06,-1.153629253904212033e+06,4.438166743676205166e+06
1.577889447236181103e-02,1.947468202924534213e+06,-3.229305428947654553e+06,-1.281837226023121970e+06,4.528798471475634724e+06
1.582914572864321801e-02,1.930857336642838316e+06,-3.340494877587737981e+06,-1.409637540944901993e+06,4.619213691102144308e+06
1.587939698492462498e-02,1.914000768629417289e+06,-3.451033551503242925e+06,-1.537032782873825403e+06,4.709385563537795097e+06
1.592964824120603196e-02,1.896902866101895692e+06,-3.560928377621145453e+06,-1.664025511519251857e+06,4.799290222466888838e+06
1.597989949748743893e-02,1.879567919720418286e+06,-3.670186182124656625e+06,-1.790618262404239271e+06,4.888906460919820704e+06
1.603015075376884591e-02,1.862000145100597292e+06,-3.778813692269886844e+06,-1.916813547169291647e+06,4.978215453810298815e+06
1.608040201005025288e-02,1.844203684292427497e+06,-3.886817538163765334e+06,-2.042613853871337371e+06,5.067200511938444339e+06
1.613065326633165986e-02,1.826182607226086548e+06,-3.994204254504196811e+06,-2.168021647278110031e+06,5.155846863602379337e+06
1.618090452261306683e-02,1.807940913125467254e+06,-4.100980282283324748e+06,-2.293039369157858193e+06,5.244141460457605310e+06
1.623115577889447381e-02,1.789482531890213024e+06,-4.207151970454865135e+06,-2.417669438564652577e+06,5.332072804696024396e+06
1.628140703517588078e-02,1.770811325447087409e+06,-4.312725577566305175e+06,-2.541914252119217068e+06,5.419630794992038049e+06
1.633165829145728776e-02,1.751931089071414201e+06,-4.417707273356869817e+06,-2.665776184285457246e+06,5.506806588989298791e+06
1.638190954773869473e-02,1.732845552679339889e+06,-4.522103140322094783e+06,-2.789257587642755825e+06,5.593592480384671129e+06
1.643216080402010171e-02,1.713558382091672393e+06,-4.625919175245751627e+06,-2.912360793154079467e+06,5.679981788911291398e+06
1.648241206030150868e-02,1.694073180269953795e+06,-4.729161290699946694e+06,-3.035088110429992434e+06,5.765968761735564098e+06
1.653266331658291566e-02,1.674393488525494467e+06,-4.831835316514164209e+06,-3.157441827988669276e+06,5.851548484967799857e+06
1.658291457286432263e-02,1.654522787702022120e+06,-4.933947001213948242e+06,-3.279424213511925656e+06,5.936716804146540351e+06
1.663316582914572961e-02,1.634464499332573963e+06,-5.035502013429993764e+06,-3.401037514097419567e+06,6.021470252696182579e+06
1.668341708542713658e-02,1.614221986771302531e+06,-5.136505943278322928e+06,-3.522283956507021561e+06,6.105805987478702329e+06
1.673366834170854356e-02,1.593798556300762808e+06,-5.236964303712220863e+06,-3.643165747411457822e+06,6.189721730665894225e+06
1.678391959798995053e-02,1.573197458215327002e+06,-5.336882531846608967e+06,-3.763685073631279636e+06,6.273215717250563204e+06
1.683417085427135751e-02,1.552421887881261995e+06,-5.436265990255501121e+06,-3.883844102374239359e+06,6.356286647595323622e+06
1.688442211055276448e-02,1.531474986774052959e+06,-5.535119968243188225e+06,-4.003644981469132937e+06,6.438933644487810321e+06
1.693467336683417146e-02,1.510359843493558699e+06,-5.633449683089705184e+06,-4.123089839596144855e+06,6.521156214232379571e+06
1.698492462311557843e-02,1.489079494757449022e+06,-5.731260281271242537e+06,-4.242180786513794214e+06,6.602954211362005211e+06
1.703517587939698541e-02,1.467636926373525057e+06,-5.828556839656082913e+06,-4.360919913282558322e+06,6.684327806601278484e+06
1.708542713567839239e-02,1.446035074191410327e+06,-5.925344366676542908e+06,-4.479309292485132813e+06,6.765277457752488554e+06
1.713567839195979936e-02,1.424276825034049340e+06,-6.021627803477586247e+06,-4.597350978443535976e+06,6.845803883213219233e+06
1.718592964824120634e-02,1.402365017609589268e+06,-6.117412025042563677e+06,-4.715047007432975806e+06,6.925908037865824997e+06
1.723618090452261331e-02,1.380302443404037738e+06,-6.212701841296653263e+06,-4.832399397892615758e+06,7.005591091107196175e+06
1.728643216080402029e-02,1.358091847555159824e+06,-6.307501998188452795e+06,-4.949410150633292273e+06,7.084854406812092289e+06
1.733668341708542726e-02,1.335735929708106443e+06,-6.401817178750288673e+06,-5.066081249042181298e+06,7.163699525045339949e+06
1.738693467336683424e-02,1.313237344853149494e+06,-6.495652004137662239e+06,-5.182414659284512512e+06,7.242128145357437432e+06
1.743718592964824121e-02,1.290598704145960044e+06,-6.589011034648374654e+06,-5.298412330502414145e+06,7.320142111515451223e+06
1.748743718592964819e-02,1.267822575710876845e+06,-6.681898770721690729e+06,-5.414076195010812953e+06,7.397743397536164150e+06
1.753768844221105516e-02,1.244911485427470412e+06,-6.774319653918118216e+06,-5.529408168490646407e+06,7.474934094902123325e+06
1.758793969849246214e-02,1.221867917700935155e+06,-6.866278067880073562e+06,-5.644410150179138407e+06,7.551716400853116997e+06
1.763819095477386911e-02,1.198694316216507927e+06,-6.957778339274069294e+06,-5.759084023057559505e+06,7.628092607656473294e+06
1.768844221105527609e-02,1.175393084678455954e+06,-7.048824738714616746e+06,-5.873431654036161490e+06,7.704065092768928036e+06
1.773869346733668306e-02,1.151966587533873739e+06,-7.139421481670398265e+06,-5.987454894136526622e+06,7.779636309811472893e+06
1.778894472361809004e-02,1.128417150681657251e+06,-7.229572729353095405e+06,-6.101155578671437688e+06,7.854808780286181718e+06
1.783919597989949701e-02,1.104747062167087570e+06,-7.319282589589108713e+06,-6.214535527422019280e+06,7.929585085970660672e+06
1.788944723618090399e-02,1.080958572862185072e+06,-7.408555117674783804e+06,-6.327596544812598266e+06,8.003967861932108179e+06
1.793969849246231096e-02,1.057053897132351529e+06,-7.497394317215280607e+06,-6.440340420082930475e+06,8.077959790108208545e+06
1.798994974874371794e-02,1.033035213489445508e+06,-7.585804140947599895e+06,-6.552768927458153106e+06,8.151563593407087028e+06
1.804020100502512491e-02,1.008904665231712512e+06,-7.673788491548003629e+06,-6.664883826316291466e+06,8.224782030282936990e+06
1.809045226130653189e-02,9.846643610708181513e+05,-7.761351222424269654e+06,-6.776686861353453249e+06,8.297617889747896232e+06
1.814070351758793886e-02,9.603163757462839130e+05,-7.848496138493017294e+06,-6.888179762746731751e+06,8.370073986784262583e+06
1.819095477386934584e-02,9.358627506276027998e+05,-7.935226996942493133e+06,-6.999364246314890683e+06,8.442153158124428242e+06
1.824120603015075281e-02,9.113054943043499952e+05,-8.021547507981099188e+06,-7.110242013676749542e+06,8.513858258368741721e+06
1.829145728643215979e-02,8.866465831644902937e+05,-8.107461335571970791e+06,-7.220814752407481894e+06,8.585192156414138153e+06
1.834170854271356677e-02,8.618879619612095412e+05,-8.192972098153937608e+06,-7.331084136192728765e+06,8.656157732168789953e+06
1.839195979899497374e-02,8.370315443685017526e+05,-8.278083369349094108e+06,-7.441051824980592355e+06,8.726757873530091718e+06
1.844221105527638072e-02,8.120792135257623158e+05,-8.362798678657321259e+06,-7.550719465131561272e+06,8.796995473605269566e+06
1.849246231155778769e-02,7.870328225716224406e+05,-8.447121512138035148e+06,-7.660088689566413872e+06,8.866873428155705333e+06
1.854271356783919467e-02,7.618941951672747964e+05,-8.531055313079383224e+06,-7.769161117912109010e+06,8.936394633247554302e+06
1.859296482412060164e-02,7.366651260095316684e+05,-8.614603482655229047e+06,-7.877938356645694934e+06,9.005561983092814684e+06
1.864321608040200862e-02,7.113473813338191248e+05,-8.697769380570096895e+06,-7.986421999236278236e+06,9.074378368066169322e+06
1.869346733668341559e-02,6.859426994073584210e+05,-8.780556325692422688e+06,-8.094613626285062172e+06,9.142846672884287313e+06
1.874371859296482257e-02,6.604527910126943607e+05,-8.862967596676275134e+06,-8.202514805663581006e+06,9.210969774935210124e+06
1.879396984924622954e-02,6.348793399218720151e+05,-8.945006432571826503e+06,-8.310127092649954371e+06,9.278750542746532708e+06
1.884422110552763652e-02,6.092240033613675041e+05,-9.026676033424824476e+06,-8.417452030063457787e+06,9.346191834581984207e+06
1.889447236180904349e-02,5.834884124680347741e+05,-9.107979560865256935e+06,-8.524491148397220299e+06,9.413296497156791389e+06
1.894472361809045047e-02,5.576741727362743113e+05,-9.188920138685435057e+06,-8.631245965949159116e+06,9.480067364463023841e+06
1.899497487437185744e-02,5.317828644565300783e+05,-9.269500853407781571e+06,-8.737717988951249048e+06,9.546507256696797907e+06
1.904522613065326442e-02,5.058160431454352220e+05,-9.349724754842409864e+06,-8.843908711696973071e+06,9.612618979279765859e+06
1.909547738693467139e-02,4.797752399676375790e+05,-9.429594856634849682e+06,-8.949819616667212918e+06,9.678405321968076751e+06
1.914572864321607837e-02,4.536619621496091131e+05,-9.509114136804010719e+06,-9.055452174654398113e+06,9.743869058042312041e+06
1.919597989949748534e-02,4.274776933855413808e+05,-9.588285538270609453e+06,-9.160807844885068014e+06,9.809012943572528660e+06
1.924623115577889232e-02,4.012238942355132895e+05,-9.667111969376331195e+06,-9.265888075140818954e+06,9.873839716752981767e+06
1.929648241206030276e-02,3.749020025160951191e+05,-9.745596304393788800e+06,-9.370694301877694204e+06,9.938352097301399335e+06
1.934673366834170974e-02,3.485134336835684371e+05,-9.823741384027536958e+06,-9.475227950343968347e+06,1.000255278591820225e+07
1.939698492462311671e-02,3.220595812098821625e+05,-9.901550015906367451e+06,-9.579490434696486220e+06,1.006644446380130760e+07
1.944723618090452369e-02,2.955418169515353511e+05,-9.979024975066950545e+06,-9.683483158115414903e+06,1.013002979221250862e+07
1.949748743718593066e-02,2.689614915114995674e+05,-1.005616900442909077e+07,-9.787207512917589396e+06,1.019331141209172457e+07
1.954773869346733764e-02,2.423199345943820663e+05,-1.013298481526269391e+07,-9.890664880668310449e+06,1.025629194371564686e+07
1.959798994974874461e-02,2.156184553549022239e+05,-1.020947508764671162e+07,-9.993856632291808724e+06,1.031897398639764078e+07
1.964824120603015159e-02,1.888583427398694912e+05,-1.028564247092008218e+07,-1.009678412818021327e+07,1.038136011822584830e+07
1.969849246231155857e-02,1.620408658238022472e+05,-1.036148958412497491e+07,-1.019944871830117330e+07,1.044345289583685435e+07
1.974874371859296554e-02,1.351672741382740787e+05,-1.043701901644236594e+07,-1.030185174230409227e+07,1.050525485422221385e+07
1.979899497487437252e-02,1.082387979951843736e+05,-1.051223332762020268e+07,-1.040399452962501347e+07,1.056676850656560995e+07
1.984924623115577949e-02,8.125664880401227856e+04,-1.058713504839419387e+07,-1.050587839959018119e+07,1.062799634410830960e+07
1.989949748743718647e-02,5.422201938322107162e+04,-1.066172668090150505e+07,-1.060750466151828319e+07,1.068894083604093455e+07
1.994974874371859344e-02,2.713608426594533375e+04,-1.073601069908734225e+07,-1.070887461482139863e+07,1.074960442941961065e+07
2.000000000000000042e-02,0.000000000000000000e+00,-1.080998954910473898e+07,-1.080998954910473898e+07,1.080998954910473898e+07
