iteration,continuity,x-velocity,y-velocity,z-velocity,energy,k,omega
1,4.29510e-17,4.20570e-19,4.21360e-19,1.08950e-03,,1.52170e+00,1.66030e+03
2,1.00000e+00,2.67880e-05,2.47240e-05,1.73270e-02,,9.70900e-01,4.92870e-01
3,9.99380e-01,1.88300e-05,1.77980e-05,1.12060e-02,,9.57460e-01,4.88010e-01
4,9.48100e-01,1.70450e-05,1.43600e-05,7.08940e-03,,9.28040e-01,4.78010e-01
5,1.00000e+00,1.86660e-05,1.36450e-05,4.47250e-03,,8.49810e-01,4.57560e-01
6,1.03910e+00,1.82870e-05,1.27140e-05,2.87160e-03,,6.40640e-01,4.16750e-01
7,9.93930e-01,1.56420e-05,1.09450e-05,1.95570e-03,,3.16200e-01,3.44280e-01
8,9.65710e-01,1.48220e-05,1.02580e-05,1.33420e-03,,1.15340e-01,2.41720e-01
9,9.02290e-01,1.30850e-05,9.27810e-06,9.25220e-04,,5.12730e-02,1.39290e-01
10,8.16040e-01,1.09130e-05,7.99430e-06,6.54500e-04,,3.38020e-02,6.79220e-02
11,7.23060e-01,9.09810e-06,7.02210e-06,4.76430e-04,,2.80820e-02,2.99540e-02
12,6.32410e-01,7.94100e-06,6.47460e-06,3.72600e-04,,2.54300e-02,1.26040e-02
13,5.52010e-01,7.41650e-06,6.09350e-06,3.50350e-04,,2.38070e-02,5.21900e-03
14,4.84270e-01,7.17370e-06,5.96450e-06,3.54350e-04,,2.25670e-02,2.10990e-03
15,4.24460e-01,7.49630e-06,5.99060e-06,3.50920e-04,,2.17180e-02,1.40640e-03
16,3.70330e-01,7.93490e-06,6.10740e-06,3.35680e-04,,2.14400e-02,1.58330e-03
17,3.21350e-01,8.22940e-06,6.14760e-06,3.10880e-04,,2.18600e-02,1.46770e-03
18,2.75970e-01,8.43380e-06,6.10900e-06,2.81680e-04,,2.31200e-02,1.20640e-03
19,2.47680e-01,8.29240e-06,5.88860e-06,2.48640e-04,,2.53960e-02,9.58500e-04
20,2.40470e-01,7.80650e-06,5.41550e-06,2.15580e-04,,2.88580e-02,7.72760e-04
21,2.34330e-01,7.08880e-06,4.84450e-06,1.86100e-04,,3.36330e-02,6.50790e-04
22,2.25710e-01,6.21480e-06,4.20950e-06,1.68700e-04,,3.96750e-02,5.82000e-04
23,2.13940e-01,5.30290e-06,3.56530e-06,1.68360e-04,,4.68520e-02,5.58220e-04
24,1.97870e-01,4.38760e-06,2.94950e-06,1.74030e-04,,5.48440e-02,5.71940e-04
25,1.80540e-01,3.50480e-06,2.37550e-06,1.86230e-04,,6.31830e-02,6.19830e-04
26,1.62540e-01,2.77400e-06,1.93900e-06,2.08880e-04,,7.10550e-02,7.04360e-04
27,1.42910e-01,2.17780e-06,1.62940e-06,2.44550e-04,,7.73780e-02,8.49690e-04
28,1.24770e-01,1.79510e-06,1.44680e-06,2.82840e-04,,8.06770e-02,1.01730e-03
29,1.08260e-01,1.63230e-06,1.37300e-06,3.15310e-04,,7.84660e-02,1.17500e-03
30,9.44510e-02,1.56750e-06,1.34720e-06,3.28600e-04,,6.86660e-02,1.29550e-03
31,8.34080e-02,1.55610e-06,1.33070e-06,3.33580e-04,,5.79940e-02,1.37810e-03
32,7.35240e-02,1.53590e-06,1.29290e-06,3.36060e-04,,4.91250e-02,1.42260e-03
33,6.42080e-02,1.46880e-06,1.20360e-06,3.35990e-04,,4.20440e-02,1.44390e-03
34,5.61780e-02,1.38560e-06,1.10950e-06,3.31830e-04,,3.63620e-02,1.45130e-03
35,4.98030e-02,1.27270e-06,1.00420e-06,3.24270e-04,,3.16810e-02,1.44300e-03
36,4.49470e-02,1.14880e-06,8.96790e-07,3.14130e-04,,2.77830e-02,1.42100e-03
37,4.15890e-02,1.03130e-06,7.99430e-07,3.02090e-04,,2.45260e-02,1.38830e-03
38,3.95610e-02,9.27050e-07,7.19010e-07,2.88930e-04,,2.18090e-02,1.34350e-03
39,3.85860e-02,8.40200e-07,6.57910e-07,2.74520e-04,,1.95390e-02,1.29110e-03
40,3.86740e-02,7.73620e-07,6.14620e-07,2.59490e-04,,1.76210e-02,1.23100e-03
41,3.90890e-02,7.16240e-07,5.83430e-07,2.44230e-04,,1.59720e-02,1.16640e-03
42,3.97010e-02,6.71210e-07,5.60920e-07,2.29080e-04,,1.45330e-02,1.09870e-03
43,3.99560e-02,6.29010e-07,5.42090e-07,2.14680e-04,,1.32720e-02,1.02990e-03
44,3.98780e-02,5.90660e-07,5.24780e-07,2.00780e-04,,1.21540e-02,9.61910e-04
45,3.93710e-02,5.60750e-07,5.07830e-07,1.87700e-04,,1.11460e-02,8.96480e-04
46,3.84460e-02,5.37700e-07,4.91300e-07,1.75260e-04,,1.02210e-02,8.32180e-04
47,3.72730e-02,5.30180e-07,4.79370e-07,1.63690e-04,,9.36830e-03,7.72850e-04
48,3.58030e-02,5.09960e-07,4.58820e-07,1.53170e-04,,8.57170e-03,7.16110e-04
49,3.42090e-02,4.93170e-07,4.40500e-07,1.43390e-04,,7.83490e-03,6.64030e-04
50,3.24070e-02,4.68220e-07,4.19620e-07,1.33930e-04,,7.15400e-03,6.14170e-04
51,3.03530e-02,4.49210e-07,4.02590e-07,1.24790e-04,,6.53100e-03,5.66950e-04
52,2.82240e-02,4.32160e-07,3.86410e-07,1.16070e-04,,5.96350e-03,5.22220e-04
53,2.61020e-02,4.16710e-07,3.70880e-07,1.07980e-04,,5.44980e-03,4.80570e-04
54,2.40450e-02,3.96260e-07,3.52100e-07,1.00330e-04,,4.98360e-03,4.41620e-04
55,2.20740e-02,3.74890e-07,3.31490e-07,9.32900e-05,,4.55320e-03,4.04900e-04
56,2.01060e-02,3.53790e-07,3.11520e-07,8.68500e-05,,4.15450e-03,3.70980e-04
57,1.83810e-02,3.32810e-07,2.92840e-07,8.08200e-05,,3.78170e-03,3.39460e-04
58,1.68020e-02,3.13810e-07,2.77350e-07,7.50480e-05,,3.43120e-03,3.10280e-04
59,1.53330e-02,2.96430e-07,2.63670e-07,6.96040e-05,,3.10060e-03,2.83120e-04
60,1.40030e-02,2.80980e-07,2.51970e-07,6.46700e-05,,2.79170e-03,2.57480e-04
61,1.27880e-02,2.68690e-07,2.43250e-07,6.01860e-05,,2.50740e-03,2.33550e-04
62,1.16680e-02,2.58570e-07,2.36590e-07,5.60540e-05,,2.24750e-03,2.11350e-04
63,1.06380e-02,2.50030e-07,2.31450e-07,5.21810e-05,,2.00970e-03,1.90860e-04
64,9.68780e-03,2.42870e-07,2.27550e-07,4.85610e-05,,1.79190e-03,1.72020e-04
65,8.83140e-03,2.36930e-07,2.24240e-07,4.52200e-05,,1.59410e-03,1.55020e-04
66,8.06450e-03,2.30140e-07,2.20070e-07,4.21220e-05,,1.41560e-03,1.39610e-04
67,7.36630e-03,2.23010e-07,2.15300e-07,3.92340e-05,,1.25560e-03,1.25730e-04
68,6.73260e-03,2.15730e-07,2.10040e-07,3.65310e-05,,1.11220e-03,1.12960e-04
69,6.19690e-03,2.08280e-07,2.04320e-07,3.39940e-05,,9.88440e-04,1.01440e-04
70,5.74530e-03,2.00580e-07,1.98100e-07,3.15980e-05,,8.79120e-04,9.11320e-05
71,5.32860e-03,1.93240e-07,1.91960e-07,2.93240e-05,,7.82970e-04,8.18030e-05
72,4.96420e-03,1.85820e-07,1.85500e-07,2.71670e-05,,6.98290e-04,7.34600e-05
73,4.61680e-03,1.78450e-07,1.78890e-07,2.51240e-05,,6.22530e-04,6.59780e-05
74,4.28580e-03,1.71260e-07,1.72330e-07,2.32000e-05,,5.55160e-04,5.92590e-05
75,3.96550e-03,1.64370e-07,1.65950e-07,2.14090e-05,,4.94700e-04,5.32220e-05
76,3.64960e-03,1.57090e-07,1.59040e-07,1.97240e-05,,4.41150e-04,4.77110e-05
77,3.36940e-03,1.49590e-07,1.51860e-07,1.81400e-05,,3.93300e-04,4.28240e-05
78,3.08290e-03,1.41540e-07,1.43960e-07,1.66520e-05,,3.50450e-04,3.84500e-05
79,2.81170e-03,1.33500e-07,1.35930e-07,1.52590e-05,,3.12000e-04,3.45180e-05
80,2.55980e-03,1.25390e-07,1.27730e-07,1.39590e-05,,2.77640e-04,3.09790e-05
81,2.33820e-03,1.17300e-07,1.19480e-07,1.27500e-05,,2.47470e-04,2.77910e-05
82,2.15020e-03,1.09450e-07,1.11400e-07,1.16230e-05,,2.21150e-04,2.49430e-05
83,1.97800e-03,1.02060e-07,1.03640e-07,1.05760e-05,,1.98050e-04,2.23260e-05
84,1.81600e-03,9.49090e-08,9.61270e-08,9.60350e-06,,1.77590e-04,1.99100e-05
85,1.67320e-03,8.77670e-08,8.87410e-08,8.70480e-06,,1.59510e-04,1.77710e-05
86,1.54220e-03,8.05670e-08,8.14520e-08,7.87830e-06,,1.43350e-04,1.58560e-05
87,1.41710e-03,7.38690e-08,7.47050e-08,7.11880e-06,,1.29040e-04,1.41500e-05
88,1.30000e-03,6.74890e-08,6.82770e-08,6.42490e-06,,1.16270e-04,1.26340e-05
89,1.18720e-03,6.15240e-08,6.22420e-08,5.79330e-06,,1.04790e-04,1.12940e-05
90,1.08100e-03,5.59390e-08,5.65850e-08,5.21980e-06,,9.45100e-05,1.01110e-05
91,9.82850e-04,5.07790e-08,5.13880e-08,4.70090e-06,,8.52260e-05,9.05120e-06
92,8.90980e-04,4.61070e-08,4.66790e-08,4.23090e-06,,7.69000e-05,8.10460e-06
93,8.04540e-04,4.17900e-08,4.23300e-08,3.80700e-06,,6.93420e-05,7.25700e-06
94,7.26790e-04,3.78020e-08,3.83140e-08,3.42390e-06,,6.25470e-05,6.49540e-06
95,6.57060e-04,3.41490e-08,3.46220e-08,3.07890e-06,,5.63760e-05,5.81320e-06
96,5.93680e-04,3.08540e-08,3.12860e-08,2.76790e-06,,5.07960e-05,5.20190e-06
97,5.36590e-04,2.78150e-08,2.82060e-08,2.48740e-06,,4.57640e-05,4.65090e-06
98,4.84120e-04,2.50370e-08,2.53880e-08,2.23500e-06,,4.12180e-05,4.16130e-06
99,4.36460e-04,2.25110e-08,2.28330e-08,2.00810e-06,,3.71160e-05,3.72410e-06
100,3.92860e-04,2.02220e-08,2.05160e-08,1.80430e-06,,3.34220e-05,3.33270e-06
101,3.53210e-04,1.81490e-08,1.84190e-08,1.62110e-06,,3.00820e-05,2.98220e-06
102,3.17230e-04,1.62780e-08,1.65250e-08,1.45670e-06,,2.70620e-05,2.66850e-06
103,2.84790e-04,1.45930e-08,1.48190e-08,1.30920e-06,,2.43400e-05,2.38780e-06
104,2.55490e-04,1.30790e-08,1.32850e-08,1.17650e-06,,2.18980e-05,2.13660e-06
105,2.28990e-04,1.17190e-08,1.19080e-08,1.05720e-06,,1.97090e-05,1.91190e-06
106,2.04900e-04,1.04990e-08,1.06730e-08,9.49930e-07,,1.77390e-05,1.71090e-06
107,1.82980e-04,9.40570e-09,9.56470e-09,8.53610e-07,,1.59640e-05,1.53120e-06
108,1.63390e-04,8.42630e-09,8.57230e-09,7.67140e-07,,1.43680e-05,1.37050e-06
109,1.46090e-04,7.54990e-09,7.68360e-09,6.89500e-07,,1.29300e-05,1.22670e-06
110,1.30790e-04,6.76570e-09,6.88780e-09,6.19800e-07,,1.16320e-05,1.09810e-06
111,1.17080e-04,6.06370e-09,6.17470e-09,5.57200e-07,,1.04630e-05,9.83130e-07
112,1.04810e-04,5.43550e-09,5.53610e-09,5.00980e-07,,9.41090e-06,8.80290e-07
113,9.37920e-05,4.87320e-09,4.96400e-09,4.50480e-07,,8.46370e-06,7.88290e-07
114,8.39510e-05,4.36950e-09,4.45150e-09,4.05110e-07,,7.61190e-06,7.06020e-07
115,7.51450e-05,3.91850e-09,3.99270e-09,3.64340e-07,,6.84660e-06,6.32460e-07
116,6.72770e-05,3.51460e-09,3.58150e-09,3.27700e-07,,6.15880e-06,5.66680e-07
117,6.02530e-05,3.15290e-09,3.21300e-09,2.94760e-07,,5.54070e-06,5.07840e-07
118,5.39750e-05,2.82900e-09,2.88300e-09,2.65130e-07,,4.98500e-06,4.55190e-07
119,4.83620e-05,2.53890e-09,2.58720e-09,2.38490e-07,,4.48520e-06,4.08060e-07
120,4.33440e-05,2.27900e-09,2.32230e-09,2.14520e-07,,4.03570e-06,3.65870e-07
121,3.88630e-05,2.04620e-09,2.08480e-09,1.92960e-07,,3.63140e-06,3.28080e-07
122,3.48670e-05,1.83770e-09,1.87190e-09,1.73560e-07,,3.26760e-06,2.94230e-07
123,3.13050e-05,1.65070e-09,1.68120e-09,1.56100e-07,,2.94020e-06,2.63880e-07
124,2.81290e-05,1.48320e-09,1.51010e-09,1.40390e-07,,2.64560e-06,2.36680e-07
125,2.52960e-05,1.33300e-09,1.35670e-09,1.26230e-07,,2.38120e-06,2.12290e-07
126,2.27670e-05,1.19830e-09,1.21910e-09,1.13490e-07,,2.14330e-06,1.90410e-07
127,2.05170e-05,1.07760e-09,1.09570e-09,1.02030e-07,,1.92900e-06,1.70780e-07
128,1.85150e-05,9.69300e-10,9.84860e-10,9.17180e-08,,1.73580e-06,1.53160e-07
129,1.67330e-05,8.72160e-10,8.85400e-10,8.24410e-08,,1.56170e-06,1.37350e-07
130,1.51430e-05,7.84930e-10,7.96050e-10,7.40960e-08,,1.40490e-06,1.23160e-07
131,1.37200e-05,7.06570e-10,7.15740e-10,6.65890e-08,,1.26360e-06,1.10420e-07
132,1.24410e-05,6.36130e-10,6.43550e-10,5.98360e-08,,1.13630e-06,9.89880e-08
133,1.12890e-05,5.72790e-10,5.78640e-10,5.37610e-08,,1.02160e-06,8.87510e-08
134,1.01840e-05,5.15770e-10,5.20690e-10,4.82920e-08,,9.18260e-07,7.95080e-08
135,9.20260e-06,4.64450e-10,4.68060e-10,4.33740e-08,,8.25260e-07,7.12030e-08
136,8.31300e-06,4.18230e-10,4.20570e-10,3.89530e-08,,7.41540e-07,6.37580e-08
137,7.50280e-06,3.76670e-10,3.77890e-10,3.49780e-08,,6.66190e-07,5.70890e-08
138,6.76630e-06,3.39350e-10,3.39570e-10,3.14040e-08,,5.98390e-07,5.11190e-08
139,6.09810e-06,3.05770e-10,3.05190e-10,2.81920e-08,,5.37400e-07,4.57740e-08
140,5.49240e-06,2.75510e-10,2.74330e-10,2.53060e-08,,4.82550e-07,4.09900e-08
141,4.94120e-06,2.48220e-10,2.46620e-10,2.27120e-08,,4.33240e-07,3.67100e-08
142,4.43870e-06,2.23610e-10,2.21760e-10,2.03820e-08,,3.88920e-07,3.28790e-08
143,3.98210e-06,2.01400e-10,1.99420e-10,1.82890e-08,,3.49090e-07,2.94510e-08
144,3.56810e-06,1.81340e-10,1.79350e-10,1.64100e-08,,3.13320e-07,2.63750e-08
145,3.20300e-06,1.63280e-10,1.61230e-10,1.47230e-08,,2.81180e-07,2.36360e-08
146,2.87280e-06,1.46890e-10,1.44950e-10,1.32080e-08,,2.52320e-07,2.11880e-08
147,2.57330e-06,1.32050e-10,1.30280e-10,1.18480e-08,,2.26400e-07,1.89950e-08
148,2.30170e-06,1.18620e-10,1.17060e-10,1.06270e-08,,2.03120e-07,1.70300e-08
149,2.05600e-06,1.06490e-10,1.05150e-10,9.52990e-09,,1.82230e-07,1.52690e-08
150,1.83450e-06,9.55500e-11,9.44070e-11,8.54550e-09,,1.63470e-07,1.36900e-08
150,1.83450e-06,9.55500e-11,9.44070e-11,8.54550e-09,0.00000e+00,1.63470e-07,1.36900e-08
151,1.63570e-06,8.56850e-11,8.47300e-11,7.66190e-09,1.89420e-04,1.46640e-07,1.22740e-08
152,4.97010e-02,4.11250e-08,4.11360e-08,6.74920e-05,1.77990e-04,2.91030e-03,2.67440e-01
153,1.05090e-01,5.71850e-07,4.72280e-07,1.02630e-04,1.55360e-04,4.82500e-03,1.48670e-01
154,1.53530e-01,1.08880e-06,8.88250e-07,1.37880e-04,1.38900e-04,5.24990e-03,9.01550e-02
155,1.89440e-01,1.44290e-06,1.16600e-06,1.77810e-04,1.29320e-04,4.72190e-03,6.26360e-02
156,2.14900e-01,1.57280e-06,1.29740e-06,2.12870e-04,1.21650e-04,4.05170e-03,4.99750e-02
157,2.28800e-01,1.59400e-06,1.34060e-06,2.48050e-04,1.14490e-04,3.53190e-03,3.86550e-02
158,2.34600e-01,1.45770e-06,1.28170e-06,2.71300e-04,1.08660e-04,3.11370e-03,3.35610e-02
159,2.31230e-01,1.29300e-06,1.19470e-06,2.92300e-04,1.03130e-04,2.85260e-03,2.68110e-02
160,2.23430e-01,1.15980e-06,1.12630e-06,3.04820e-04,9.83570e-05,2.66600e-03,2.40930e-02
161,2.15190e-01,1.11900e-06,1.06720e-06,3.08380e-04,9.38370e-05,2.55720e-03,2.23150e-02
162,2.04440e-01,1.07740e-06,1.01200e-06,3.08700e-04,8.94740e-05,2.49040e-03,2.06290e-02
163,1.94600e-01,1.04400e-06,9.60450e-07,3.03300e-04,8.52540e-05,2.43980e-03,1.91000e-02
164,1.85450e-01,9.93850e-07,8.99750e-07,2.95160e-04,8.11690e-05,2.38980e-03,1.77770e-02
165,1.76720e-01,9.45860e-07,8.40840e-07,2.85950e-04,7.72490e-05,2.33760e-03,1.66540e-02
166,1.69300e-01,8.99750e-07,7.88290e-07,2.76270e-04,7.33900e-05,2.28520e-03,1.55750e-02
167,1.63830e-01,8.58050e-07,7.38990e-07,2.65840e-04,6.95870e-05,2.23030e-03,1.45990e-02
168,1.59510e-01,8.12270e-07,6.87010e-07,2.54360e-04,6.58830e-05,2.16930e-03,1.15630e-02
169,1.56300e-01,7.75060e-07,6.30810e-07,2.40460e-04,6.23000e-05,2.07540e-03,1.26230e-02
170,1.54890e-01,6.94840e-07,5.57640e-07,2.28040e-04,5.87540e-05,2.01740e-03,1.21990e-02
171,1.53210e-01,6.04800e-07,4.88010e-07,2.14900e-04,5.53060e-05,1.95420e-03,9.71110e-03
172,1.51270e-01,5.11990e-07,4.23230e-07,2.03360e-04,5.19970e-05,1.86280e-03,1.05700e-02
173,1.49040e-01,4.30720e-07,3.70640e-07,1.92230e-04,4.87480e-05,1.79680e-03,8.60740e-03
174,1.46260e-01,3.67500e-07,3.31280e-07,1.82060e-04,4.56390e-05,1.70830e-03,9.41930e-03
175,1.43330e-01,3.24780e-07,3.02920e-07,1.72170e-04,4.26080e-05,1.64300e-03,9.01540e-03
176,1.39840e-01,2.96020e-07,2.82560e-07,1.62100e-04,3.96690e-05,1.57520e-03,7.12720e-03
177,1.35930e-01,2.73590e-07,2.63750e-07,1.52680e-04,3.69010e-05,1.48560e-03,7.68110e-03
178,1.31590e-01,2.56600e-07,2.48510e-07,1.43510e-04,3.42330e-05,1.41660e-03,7.35970e-03
179,1.27000e-01,2.41720e-07,2.34490e-07,1.34490e-04,3.16870e-05,1.34840e-03,6.86910e-03
180,1.21970e-01,2.28500e-07,2.22400e-07,1.25840e-04,2.92740e-05,1.27840e-03,6.39360e-03
181,1.16610e-01,2.16790e-07,2.11830e-07,1.17520e-04,2.69960e-05,1.20780e-03,5.92750e-03
182,1.10980e-01,2.06260e-07,2.02410e-07,1.09510e-04,2.48570e-05,1.13780e-03,5.50320e-03
183,1.05130e-01,1.96860e-07,1.93860e-07,1.01820e-04,2.28560e-05,1.06960e-03,5.10860e-03
184,9.91940e-02,1.88240e-07,1.86100e-07,9.44490e-05,2.09900e-05,1.00360e-03,4.74610e-03
185,9.32310e-02,1.80150e-07,1.79120e-07,8.73950e-05,1.92600e-05,9.40150e-04,4.41480e-03
186,8.72370e-02,1.72440e-07,1.73090e-07,8.07610e-05,1.76580e-05,8.79540e-04,4.09310e-03
187,8.13740e-02,1.65050e-07,1.66880e-07,7.44180e-05,1.61830e-05,8.21840e-04,3.80340e-03
188,7.56430e-02,1.58010e-07,1.60900e-07,6.84170e-05,1.48270e-05,7.67150e-04,3.53710e-03
189,7.00660e-02,1.52170e-07,1.56030e-07,6.30060e-05,1.35850e-05,7.15610e-04,3.28190e-03
190,6.47730e-02,1.46210e-07,1.50350e-07,5.78560e-05,1.24510e-05,6.67400e-04,3.05020e-03
191,5.97430e-02,1.39260e-07,1.43750e-07,5.27130e-05,1.14160e-05,6.21930e-04,2.83880e-03
192,5.49380e-02,1.34070e-07,1.38660e-07,4.80710e-05,1.04740e-05,5.79020e-04,2.63940e-03
193,5.04080e-02,1.29790e-07,1.33680e-07,4.38680e-05,9.61850e-06,5.38920e-04,2.45290e-03
194,4.61730e-02,1.25880e-07,1.28590e-07,4.00680e-05,8.84250e-06,5.01530e-04,2.28160e-03
195,4.22730e-02,1.21910e-07,1.23360e-07,3.67070e-05,8.16850e-06,4.66180e-04,2.39590e-03
196,3.86210e-02,1.18050e-07,1.18330e-07,3.36160e-05,7.50690e-06,4.38520e-04,2.01310e-03
197,3.52520e-02,1.13620e-07,1.12960e-07,3.08410e-05,6.92160e-06,4.08120e-04,1.82610e-03
198,3.22190e-02,1.09090e-07,1.07560e-07,2.85130e-05,6.41730e-06,3.78860e-04,1.90400e-03
199,2.94290e-02,1.03540e-07,1.01670e-07,2.62710e-05,5.92000e-06,3.56170e-04,1.60570e-03
200,2.69210e-02,9.74470e-08,9.55790e-08,2.42980e-05,5.49960e-06,3.31220e-04,1.63930e-03
201,2.46410e-02,9.07820e-08,8.93310e-08,2.24640e-05,5.08450e-06,3.11420e-04,1.38050e-03
202,2.26040e-02,8.44690e-08,8.35610e-08,2.08190e-05,4.73390e-06,2.89690e-04,1.41440e-03
203,2.07430e-02,7.88570e-08,7.84660e-08,1.92610e-05,4.38550e-06,2.72500e-04,1.19140e-03
204,1.90840e-02,7.37100e-08,7.37370e-08,1.78640e-05,4.09110e-06,2.53590e-04,1.22450e-03
205,1.75630e-02,6.91490e-08,6.95050e-08,1.65420e-05,3.79700e-06,2.38730e-04,1.03440e-03
206,1.62040e-02,6.49120e-08,6.55010e-08,1.53570e-05,3.54800e-06,2.22260e-04,1.06380e-03
207,1.49620e-02,6.09250e-08,6.17180e-08,1.42590e-05,3.29800e-06,2.09310e-04,9.00310e-04
208,1.38540e-02,5.72070e-08,5.81990e-08,1.32710e-05,3.08570e-06,1.94970e-04,9.28170e-04
209,1.28310e-02,5.38820e-08,5.50280e-08,1.23290e-05,2.87160e-06,1.83700e-04,7.86280e-04
210,1.19140e-02,5.07610e-08,5.20070e-08,1.14800e-05,2.68950e-06,1.71110e-04,8.09170e-04
211,1.10680e-02,4.78280e-08,4.91410e-08,1.06900e-05,2.50510e-06,1.61260e-04,6.86580e-04
212,1.03010e-02,4.51380e-08,4.65440e-08,9.95790e-06,2.34810e-06,1.50200e-04,7.08470e-04
213,9.59140e-03,4.26220e-08,4.40330e-08,9.27550e-06,2.18850e-06,1.41550e-04,6.00650e-04
214,8.95030e-03,4.02110e-08,4.16510e-08,8.65930e-06,2.05230e-06,1.31880e-04,6.19790e-04
215,8.34740e-03,3.80100e-08,3.94650e-08,8.06630e-06,1.91370e-06,1.24280e-04,5.25490e-04
216,7.80190e-03,3.59080e-08,3.73530e-08,7.53150e-06,1.79520e-06,1.15720e-04,5.43240e-04
217,7.29060e-03,3.39470e-08,3.53440e-08,7.03010e-06,1.67440e-06,1.09070e-04,4.60880e-04
218,6.82300e-03,3.20490e-08,3.34800e-08,6.56310e-06,1.57100e-06,1.01580e-04,4.76410e-04
219,6.37760e-03,3.02280e-08,3.16350e-08,6.10640e-06,1.46550e-06,9.57340e-05,4.04530e-04
220,5.97240e-03,2.85610e-08,2.99620e-08,5.70140e-06,1.37480e-06,8.91120e-05,4.17030e-04
221,5.58630e-03,2.71100e-08,2.84170e-08,5.32480e-06,1.28240e-06,8.39560e-05,3.53710e-04
222,5.23760e-03,2.55730e-08,2.69130e-08,4.97600e-06,1.20300e-06,7.80990e-05,3.66190e-04
223,4.90100e-03,2.42640e-08,2.54980e-08,4.64900e-06,1.12210e-06,7.35510e-05,3.10500e-04
224,4.59590e-03,2.29260e-08,2.41030e-08,4.35310e-06,1.05250e-06,6.84300e-05,3.21660e-04
225,4.30330e-03,2.16640e-08,2.28010e-08,4.06590e-06,9.81640e-07,6.44340e-05,2.73150e-04
226,4.03630e-03,2.04390e-08,2.15340e-08,3.80560e-06,9.20560e-07,5.99420e-05,2.82920e-04
227,3.77950e-03,1.93060e-08,2.03560e-08,3.55280e-06,8.58380e-07,5.64470e-05,2.39660e-04
228,3.54480e-03,1.82140e-08,1.92140e-08,3.32370e-06,8.04820e-07,5.24990e-05,2.48320e-04
229,3.32430e-03,1.72050e-08,1.81530e-08,3.10780e-06,7.52910e-07,4.92990e-05,2.35350e-04
230,3.11120e-03,1.62660e-08,1.71550e-08,2.89960e-06,7.01240e-07,4.64300e-05,1.96040e-04
231,2.91530e-03,1.53490e-08,1.61760e-08,2.71140e-06,6.57030e-07,4.31180e-05,2.01680e-04
232,2.72610e-03,1.44900e-08,1.52560e-08,2.52950e-06,6.12190e-07,4.05230e-05,1.70910e-04
233,2.55280e-03,1.36500e-08,1.43570e-08,2.36500e-06,5.73560e-07,3.76240e-05,1.77000e-04
234,2.38990e-03,1.28650e-08,1.35200e-08,2.21040e-06,5.36250e-07,3.52640e-05,1.67880e-04
235,2.22900e-03,1.22000e-08,1.27560e-08,2.06540e-06,4.99090e-07,3.31960e-05,1.39960e-04
236,2.08930e-03,1.13840e-08,1.19510e-08,1.93040e-06,4.67330e-07,3.07990e-05,1.44210e-04
237,1.95550e-03,1.06850e-08,1.12300e-08,1.80380e-06,4.36730e-07,2.88360e-05,1.36740e-04
238,1.82330e-03,1.01090e-08,1.05790e-08,1.68510e-06,4.06300e-07,2.71220e-05,1.14050e-04
239,1.70810e-03,9.42090e-09,9.89760e-09,1.57470e-06,3.80340e-07,2.51330e-05,1.17610e-04
240,1.59540e-03,8.88380e-09,9.30530e-09,1.47370e-06,3.55250e-07,2.35400e-05,1.11670e-04
241,1.49180e-03,8.28340e-09,8.71460e-09,1.37360e-06,3.30400e-07,2.21210e-05,9.31290e-05
242,1.39520e-03,7.75480e-09,8.16490e-09,1.28320e-06,3.09180e-07,2.04910e-05,9.59990e-05
243,1.30220e-03,7.31770e-09,7.67060e-09,1.20050e-06,2.88710e-07,1.91760e-05,9.10360e-05
244,1.21520e-03,6.86260e-09,7.19050e-09,1.12050e-06,2.68400e-07,1.80240e-05,7.57770e-05
245,1.13780e-03,6.37210e-09,6.71330e-09,1.04620e-06,2.51040e-07,1.66960e-05,7.81050e-05
246,1.06380e-03,5.96250e-09,6.29000e-09,9.76460e-07,2.34360e-07,1.56100e-05,7.40880e-05
247,9.90730e-04,5.62360e-09,5.90570e-09,9.11020e-07,2.17820e-07,1.46670e-05,6.16460e-05
248,9.27040e-04,5.23110e-09,5.51230e-09,8.50260e-07,2.03700e-07,1.35740e-05,6.35840e-05
249,8.64830e-04,4.92110e-09,5.16770e-09,7.94720e-07,1.90080e-07,1.26990e-05,6.03140e-05
250,8.09220e-04,4.58110e-09,4.82920e-09,7.41230e-07,1.77260e-07,1.18840e-05,5.61500e-05
251,7.53350e-04,4.31230e-09,4.52940e-09,6.91220e-07,1.64660e-07,1.11530e-05,4.66570e-05
252,7.04560e-04,4.00570e-09,4.22280e-09,6.44880e-07,1.53900e-07,1.03100e-05,4.81240e-05
253,6.56890e-04,3.76380e-09,3.95400e-09,6.02540e-07,1.43540e-07,9.63630e-06,4.56620e-05
254,6.14270e-04,3.49940e-09,3.69000e-09,5.61800e-07,1.33810e-07,9.01120e-06,4.25220e-05
255,5.71460e-04,3.29000e-09,3.45640e-09,5.23720e-07,1.24240e-07,8.45220e-06,3.53370e-05
256,5.34120e-04,3.05210e-09,3.21800e-09,4.88450e-07,1.16080e-07,7.80960e-06,3.64560e-05
257,4.97700e-04,2.86430e-09,3.00950e-09,4.56210e-07,1.08240e-07,7.29380e-06,3.45900e-05
258,4.64510e-04,2.67500e-09,2.81010e-09,4.25950e-07,1.00830e-07,6.82480e-06,3.22130e-05
259,4.33400e-04,2.48030e-09,2.61930e-09,3.96160e-07,9.36120e-08,6.39410e-06,2.67440e-05
260,4.03850e-04,2.32350e-09,2.44600e-09,3.69960e-07,8.74070e-08,5.91120e-06,2.75880e-05
261,3.77450e-04,2.15550e-09,2.27850e-09,3.44690e-07,8.14740e-08,5.51580e-06,2.61680e-05
262,3.51670e-04,2.02320e-09,2.13100e-09,3.21650e-07,7.58830e-08,5.15680e-06,2.43620e-05
263,3.28100e-04,1.88990e-09,1.98950e-09,3.00100e-07,7.06400e-08,4.81980e-06,2.25960e-05
264,3.05970e-04,1.75260e-09,1.85400e-09,2.78910e-07,6.55410e-08,4.50980e-06,1.87560e-05
265,2.84930e-04,1.64130e-09,1.73010e-09,2.60290e-07,6.11610e-08,4.16460e-06,1.93540e-05
266,2.66130e-04,1.52200e-09,1.61030e-09,2.42340e-07,5.69790e-08,3.88260e-06,1.83640e-05
267,2.47780e-04,1.42770e-09,1.50470e-09,2.25990e-07,5.30320e-08,3.62890e-06,1.70970e-05
268,2.31360e-04,1.32520e-09,1.40130e-09,2.10340e-07,4.93540e-08,3.38670e-06,1.58590e-05
269,2.15290e-04,1.24370e-09,1.30950e-09,1.96120e-07,4.59180e-08,3.15940e-06,1.47100e-05
270,2.00200e-04,1.16040e-09,1.22080e-09,1.82480e-07,4.25670e-08,2.95530e-06,1.22140e-05
271,1.86820e-04,1.07180e-09,1.13310e-09,1.69880e-07,3.97050e-08,2.72420e-06,1.26110e-05
272,1.73810e-04,1.00280e-09,1.05670e-09,1.58370e-07,3.69600e-08,2.54010e-06,1.19690e-05
273,1.62210e-04,9.28910e-10,9.82730e-10,1.47310e-07,3.43890e-08,2.37050e-06,1.11430e-05
274,1.50890e-04,8.70540e-10,9.17390e-10,1.37270e-07,3.19800e-08,2.21300e-06,1.03360e-05
275,1.40750e-04,8.07060e-10,8.53430e-10,1.27670e-07,2.97400e-08,2.06240e-06,9.58570e-06
276,1.30850e-04,7.56520e-10,7.96560e-10,1.18950e-07,2.76520e-08,1.92180e-06,8.89320e-06
277,1.21810e-04,7.05010e-10,7.41790e-10,1.10820e-07,2.57020e-08,1.79060e-06,8.25440e-06
278,1.13580e-04,6.51810e-10,6.89170e-10,1.03060e-07,2.38930e-08,1.66640e-06,7.66670e-06
279,1.05340e-04,6.10030e-10,6.42630e-10,9.58130e-08,2.21320e-08,1.55640e-06,6.37040e-06
280,9.81840e-05,5.63320e-10,5.95670e-10,8.91200e-08,2.06280e-08,1.43320e-06,6.58410e-06
281,9.12370e-05,5.26350e-10,5.54650e-10,8.30000e-08,1.91870e-08,1.33500e-06,6.25060e-06
282,8.50640e-05,4.86810e-10,5.15120e-10,7.71340e-08,1.78370e-08,1.24530e-06,5.82210e-06
283,7.91850e-05,4.53190e-10,4.79640e-10,7.16740e-08,1.65800e-08,1.16070e-06,5.39840e-06
284,7.35460e-05,4.24890e-10,4.47390e-10,6.67160e-08,1.54070e-08,1.08190e-06,5.00770e-06
285,6.85220e-05,3.93460e-10,4.15670e-10,6.19900e-08,1.43170e-08,1.00700e-06,4.64430e-06
286,6.36260e-05,3.68310e-10,3.87530e-10,5.77010e-08,1.33020e-08,9.37240e-07,4.31040e-06
287,5.91700e-05,3.42740e-10,3.60510e-10,5.37040e-08,1.23560e-08,8.72390e-07,4.00040e-06
288,5.51220e-05,3.16350e-10,3.34580e-10,4.98960e-08,1.14790e-08,8.11230e-07,3.71440e-06
289,5.11860e-05,2.95710e-10,3.11730e-10,4.64370e-08,1.06610e-08,7.54830e-07,3.45160e-06
290,4.76700e-05,2.73410e-10,2.89370e-10,4.31340e-08,9.90290e-09,7.01810e-07,3.20520e-06
291,4.42500e-05,2.55670e-10,2.69550e-10,4.01360e-08,9.19620e-09,6.52900e-07,2.97690e-06
292,4.12030e-05,2.36390e-10,2.50130e-10,3.72760e-08,8.54070e-09,6.06880e-07,2.76600e-06
293,3.82380e-05,2.20990e-10,2.32920e-10,3.46780e-08,7.93070e-09,5.64490e-07,2.56920e-06
294,3.55990e-05,2.04250e-10,2.16090e-10,3.22020e-08,7.36430e-09,5.24650e-07,2.38730e-06
295,3.30330e-05,1.90870e-10,2.01180e-10,2.99500e-08,6.83720e-09,4.88000e-07,2.21810e-06
296,3.07500e-05,1.76370e-10,1.86630e-10,2.78030e-08,6.34930e-09,4.53450e-07,2.06210e-06
297,2.85300e-05,1.64800e-10,1.73750e-10,2.58540e-08,5.89350e-09,4.21730e-07,1.91410e-06
298,2.65570e-05,1.52260e-10,1.61180e-10,2.39960e-08,5.47160e-09,3.91910e-07,1.77850e-06
299,2.46790e-05,1.41520e-10,1.49830e-10,2.22680e-08,5.07990e-09,3.64150e-07,1.65160e-06
300,2.28850e-05,1.32430e-10,1.39500e-10,2.07030e-08,4.71460e-09,3.38580e-07,1.53660e-06
300,2.28850e-05,1.32430e-10,1.39500e-10,2.07030e-08,4.71460e-09,3.38580e-07,1.53660e-06
301,2.63500e-01,2.82240e-06,2.82240e-06,3.77880e-05,5.41590e-06,1.27900e-03,1.00980e-04
302,1.86490e-01,1.55630e-06,1.54000e-06,2.72590e-05,4.63210e-06,8.62810e-04,1.93880e-04
303,1.44800e-01,8.43320e-07,8.27620e-07,2.25190e-05,3.97750e-06,6.39280e-04,1.78740e-04
304,1.12290e-01,5.32030e-07,5.23720e-07,1.88980e-05,3.43560e-06,5.24100e-04,1.49830e-04
305,8.77680e-02,5.03670e-07,4.99260e-07,1.63990e-05,2.99720e-06,4.38610e-04,1.18380e-04
306,7.06980e-02,5.06810e-07,5.01360e-07,1.46490e-05,2.63780e-06,3.72490e-04,9.59830e-05
307,5.69700e-02,4.85940e-07,4.72310e-07,1.31260e-05,2.34400e-06,3.15580e-04,8.56670e-05
308,4.64250e-02,4.32790e-07,4.15620e-07,1.16730e-05,2.09300e-06,2.69830e-04,7.85820e-05
309,3.79740e-02,3.77690e-07,3.61510e-07,1.03660e-05,1.87620e-06,2.33820e-04,7.27520e-05
310,3.15180e-02,3.28240e-07,3.14070e-07,9.28680e-06,1.68820e-06,2.06300e-04,6.56620e-05
311,2.63330e-02,2.82820e-07,2.68990e-07,8.43520e-06,1.52740e-06,1.84860e-04,5.91140e-05
312,2.22310e-02,2.36860e-07,2.25760e-07,7.81210e-06,1.39880e-06,1.66910e-04,5.33600e-05
313,1.91850e-02,1.96550e-07,1.89510e-07,7.32060e-06,1.29600e-06,1.51840e-04,4.88470e-05
314,1.67680e-02,1.64450e-07,1.60020e-07,6.88290e-06,1.21180e-06,1.39730e-04,4.56860e-05
315,1.47150e-02,1.41140e-07,1.37390e-07,6.50360e-06,1.14010e-06,1.30000e-04,4.32430e-05
316,1.30100e-02,1.24500e-07,1.20550e-07,6.15000e-06,1.07620e-06,1.22170e-04,4.20270e-05
317,1.15600e-02,1.12700e-07,1.08220e-07,5.83730e-06,1.00920e-06,1.15730e-04,7.08590e-05
318,1.02360e-02,1.03070e-07,9.80940e-08,5.54380e-06,9.50660e-07,1.11060e-04,7.38310e-05
319,9.06570e-03,9.43860e-08,8.90980e-08,5.26930e-06,8.99550e-07,1.07150e-04,7.15530e-05
320,8.03500e-03,8.54690e-08,8.05500e-08,5.00260e-06,8.63790e-07,1.04040e-04,4.67520e-05
321,7.16200e-03,7.89520e-08,7.35420e-08,4.75180e-06,8.24400e-07,1.00420e-04,6.46150e-05
322,6.44860e-03,7.10250e-08,6.59280e-08,4.51440e-06,7.88840e-07,9.72370e-05,6.73570e-05
323,5.83330e-03,6.41450e-08,5.92790e-08,4.27960e-06,7.61420e-07,9.43540e-05,4.79850e-05
324,5.35860e-03,5.81450e-08,5.32790e-08,4.05460e-06,7.29850e-07,9.07200e-05,6.40880e-05
325,4.94410e-03,5.30060e-08,4.80020e-08,3.83180e-06,7.03670e-07,8.75140e-05,4.92790e-05
326,4.66280e-03,4.96530e-08,4.37420e-08,3.61090e-06,6.72720e-07,8.36740e-05,6.54880e-05
327,4.47430e-03,4.60520e-08,3.98560e-08,3.39670e-06,6.42510e-07,8.00820e-05,6.88300e-05
328,4.29470e-03,4.27320e-08,3.63860e-08,3.17440e-06,6.16400e-07,7.67520e-05,5.25130e-05
329,4.17980e-03,3.88920e-08,3.30240e-08,2.95420e-06,5.87720e-07,7.28110e-05,6.73720e-05
330,4.07160e-03,3.47520e-08,2.99550e-08,2.75450e-06,5.60420e-07,6.92020e-05,7.10210e-05
331,3.95570e-03,3.09770e-08,2.73620e-08,2.56810e-06,5.34650e-07,6.56690e-05,7.15740e-05
332,3.83070e-03,2.76870e-08,2.51780e-08,2.39650e-06,5.10610e-07,6.21700e-05,7.13940e-05
333,3.69530e-03,2.49830e-08,2.33860e-08,2.23750e-06,4.88140e-07,5.87270e-05,7.11810e-05
334,3.55410e-03,2.28450e-08,2.19280e-08,2.09410e-06,4.67370e-07,5.53190e-05,7.09780e-05
335,3.40580e-03,2.12870e-08,2.08240e-08,1.96040e-06,4.48160e-07,5.19750e-05,7.06330e-05
336,3.25210e-03,2.02260e-08,1.99710e-08,1.83850e-06,4.30570e-07,4.86830e-05,7.01730e-05
337,3.09250e-03,1.94480e-08,1.92950e-08,1.72110e-06,4.14280e-07,4.54850e-05,6.94970e-05
338,2.93110e-03,1.88360e-08,1.87110e-08,1.61270e-06,3.98970e-07,4.23930e-05,6.88210e-05
339,2.77090e-03,1.82820e-08,1.81710e-08,1.51080e-06,3.84270e-07,3.94300e-05,6.80610e-05
340,2.61460e-03,1.77900e-08,1.76460e-08,1.41520e-06,3.69930e-07,3.66090e-05,6.69800e-05
341,2.46500e-03,1.73250e-08,1.71130e-08,1.32510e-06,3.55670e-07,3.39570e-05,6.57020e-05
342,2.32150e-03,1.68440e-08,1.65680e-08,1.24090e-06,3.41150e-07,3.14340e-05,6.42200e-05
343,2.18150e-03,1.63630e-08,1.60340e-08,1.16200e-06,3.26560e-07,2.90860e-05,6.26270e-05
344,2.05140e-03,1.58290e-08,1.54560e-08,1.08900e-06,3.11690e-07,2.68900e-05,6.08030e-05
345,1.92610e-03,1.52330e-08,1.48480e-08,1.02050e-06,2.96600e-07,2.48420e-05,5.88880e-05
346,1.80670e-03,1.45890e-08,1.42220e-08,9.55920e-07,2.81440e-07,2.29400e-05,5.68940e-05
347,1.69270e-03,1.39230e-08,1.35890e-08,8.95290e-07,2.66190e-07,2.11670e-05,5.47610e-05
348,1.58250e-03,1.32710e-08,1.29800e-08,8.38150e-07,2.51070e-07,1.95680e-05,5.25280e-05
349,1.48260e-03,1.26120e-08,1.23540e-08,7.83850e-07,2.36020e-07,1.80980e-05,5.02270e-05
350,1.38690e-03,1.19910e-08,1.17610e-08,7.32710e-07,2.21160e-07,1.67990e-05,4.78710e-05
351,1.29880e-03,1.13600e-08,1.11550e-08,6.83830e-07,2.06560e-07,1.56060e-05,4.54090e-05
352,1.21500e-03,1.07810e-08,1.05910e-08,6.38430e-07,1.92350e-07,1.45180e-05,4.29980e-05
353,1.14020e-03,1.01890e-08,1.00170e-08,5.95530e-07,1.78560e-07,1.34840e-05,4.06060e-05
354,1.07190e-03,9.64380e-09,9.48540e-09,5.56990e-07,1.65380e-07,1.25360e-05,3.82270e-05
355,1.01390e-03,9.09220e-09,8.94830e-09,5.22650e-07,1.52860e-07,1.15930e-05,4.08430e-05
356,9.57440e-04,8.58790e-09,8.45230e-09,4.91860e-07,1.40600e-07,1.08810e-05,3.41020e-05
357,9.08020e-04,8.07570e-09,7.95270e-09,4.65730e-07,1.29400e-07,1.00790e-05,3.50660e-05
358,8.60140e-04,7.58470e-09,7.47420e-09,4.41860e-07,1.18620e-07,9.43620e-06,2.90220e-05
359,8.14740e-04,7.11100e-09,7.01140e-09,4.19130e-07,1.08880e-07,8.72200e-06,2.97370e-05
360,7.68670e-04,6.65770e-09,6.56450e-09,3.95730e-07,9.96380e-08,8.15060e-06,2.44970e-05
361,7.23990e-04,6.22310e-09,6.13320e-09,3.73470e-07,9.13310e-08,7.52180e-06,2.50050e-05
362,6.78810e-04,5.80860e-09,5.72080e-09,3.50710e-07,8.35740e-08,7.01770e-06,2.04750e-05
363,6.35380e-04,5.41430e-09,5.32640e-09,3.29120e-07,7.65670e-08,6.47210e-06,2.08600e-05
364,5.93860e-04,5.04110e-09,4.95170e-09,3.07860e-07,7.00310e-08,6.01350e-06,1.92340e-05
365,5.52540e-04,4.68520e-09,4.59540e-09,2.86660e-07,6.40910e-08,5.60610e-06,1.53010e-05
366,5.14280e-04,4.31620e-09,4.24200e-09,2.66400e-07,5.88160e-08,5.16250e-06,1.54630e-05
367,4.76100e-04,3.98400e-09,3.91990e-09,2.46460e-07,5.40470e-08,4.80360e-06,1.24490e-05
368,4.40580e-04,3.68070e-09,3.62050e-09,2.27970e-07,4.97360e-08,4.41830e-06,1.26560e-05
369,4.06280e-04,3.40200e-09,3.34080e-09,2.09980e-07,4.58510e-08,4.10440e-06,1.01290e-05
370,3.74540e-04,3.14750e-09,3.07900e-09,1.93410e-07,4.22830e-08,3.76730e-06,1.02990e-05
371,3.43790e-04,2.91230e-09,2.83560e-09,1.77480e-07,3.91030e-08,3.48860e-06,8.19550e-06
372,3.15470e-04,2.69620e-09,2.61040e-09,1.62980e-07,3.61630e-08,3.19620e-06,8.33390e-06
373,2.88510e-04,2.49550e-09,2.40130e-09,1.49260e-07,3.35800e-08,2.95620e-06,6.60430e-06
374,2.63820e-04,2.30860e-09,2.20810e-09,1.36890e-07,3.11910e-08,2.70410e-06,6.72350e-06
375,2.40970e-04,2.10420e-09,2.01310e-09,1.25800e-07,2.91260e-08,2.49940e-06,5.32920e-06
376,2.19870e-04,1.93620e-09,1.84760e-09,1.15520e-07,2.73290e-08,2.30080e-06,4.67930e-06
377,2.00900e-04,1.81700e-09,1.71440e-09,1.05670e-07,2.57450e-08,2.11830e-06,4.23460e-06
378,1.85060e-04,1.68450e-09,1.57790e-09,9.69950e-08,2.43530e-08,1.95580e-06,3.86040e-06
379,1.71470e-04,1.55340e-09,1.45090e-09,8.93590e-08,2.31380e-08,1.81320e-06,3.53240e-06
380,1.59030e-04,1.42780e-09,1.33200e-09,8.24750e-08,2.20340e-08,1.68850e-06,3.24240e-06
381,1.46740e-04,1.30030e-09,1.22000e-09,7.62820e-08,2.10000e-08,1.57540e-06,2.98810e-06
382,1.34980e-04,1.17780e-09,1.11280e-09,7.09580e-08,2.00360e-08,1.47430e-06,2.76980e-06
383,1.23700e-04,1.06960e-09,1.01410e-09,6.63140e-08,1.91120e-08,1.38410e-06,2.59010e-06
384,1.13190e-04,9.72600e-10,9.26790e-10,6.22280e-08,1.82230e-08,1.30150e-06,2.43610e-06
385,1.03670e-04,8.87270e-10,8.52410e-10,5.85690e-08,1.73540e-08,1.22480e-06,2.31760e-06
386,9.49710e-05,8.17370e-10,7.89740e-10,5.51790e-08,1.65040e-08,1.15330e-06,2.22220e-06
387,8.66020e-05,7.61260e-10,7.36770e-10,5.19350e-08,1.58020e-08,1.09150e-06,1.96720e-06
388,7.96280e-05,7.13490e-10,6.91670e-10,4.90260e-08,1.49630e-08,1.02040e-06,2.09340e-06
389,7.29760e-05,6.73040e-10,6.52680e-10,4.61650e-08,1.42710e-08,9.64870e-07,1.92090e-06
390,6.75300e-05,6.35030e-10,6.15570e-10,4.35530e-08,1.34650e-08,9.00270e-07,2.06290e-06
391,6.23560e-05,5.90440e-10,5.74820e-10,4.10220e-08,1.27820e-08,8.49830e-07,1.85080e-06
392,5.78240e-05,5.53620e-10,5.40360e-10,3.87140e-08,1.20290e-08,7.94160e-07,2.00520e-06
393,5.32480e-05,5.21740e-10,5.09630e-10,3.64350e-08,1.13740e-08,7.50800e-07,1.75920e-06
394,4.94040e-05,4.91810e-10,4.80150e-10,3.43670e-08,1.06900e-08,7.02890e-07,1.91780e-06
395,4.56980e-05,4.64220e-10,4.52480e-10,3.23460e-08,1.00780e-08,6.64880e-07,1.65710e-06
396,4.25880e-05,4.37020e-10,4.25320e-10,3.05070e-08,9.46180e-09,6.21680e-07,1.81610e-06
397,3.97440e-05,4.11200e-10,3.99410e-10,2.87640e-08,8.88010e-09,5.87140e-07,1.79640e-06
398,3.71540e-05,3.94040e-10,3.79060e-10,2.70830e-08,8.33230e-09,5.53150e-07,1.73270e-06
399,3.48840e-05,3.68430e-10,3.53790e-10,2.54360e-08,7.81800e-09,5.22500e-07,1.42770e-06
400,3.28690e-05,3.41820e-10,3.29910e-10,2.39160e-08,7.33340e-09,4.85900e-07,1.56270e-06
400,3.28690e-05,3.41820e-10,3.29910e-10,2.39160e-08,7.33340e-09,4.85900e-07,1.56270e-06
401,3.09080e-05,3.13270e-10,3.05210e-10,2.24710e-08,6.87610e-09,4.54840e-07,1.53380e-06
402,2.89750e-05,2.85520e-10,2.81270e-10,2.11030e-08,6.44950e-09,4.25880e-07,1.47110e-06
403,2.70870e-05,2.59620e-10,2.59430e-10,1.98150e-08,6.04810e-09,3.98250e-07,1.40010e-06
404,2.52760e-05,2.36240e-10,2.39310e-10,1.86070e-08,5.67060e-09,3.71460e-07,1.33490e-06
405,2.35090e-05,2.16390e-10,2.20920e-10,1.75150e-08,5.31440e-09,3.46440e-07,1.26790e-06
406,2.19070e-05,2.00310e-10,2.04310e-10,1.65000e-08,4.97950e-09,3.22840e-07,1.20220e-06
407,2.04330e-05,1.87100e-10,1.90320e-10,1.55540e-08,4.66450e-09,3.00640e-07,1.13690e-06
408,1.90730e-05,1.76180e-10,1.77500e-10,1.46750e-08,4.36840e-09,2.79910e-07,1.08270e-06
409,1.78130e-05,1.66500e-10,1.65340e-10,1.38530e-08,4.09020e-09,2.60480e-07,1.02450e-06
410,1.66370e-05,1.56720e-10,1.53690e-10,1.30790e-08,3.83060e-09,2.41300e-07,9.69000e-07
411,1.55370e-05,1.52660e-10,1.46120e-10,1.23870e-08,3.58460e-09,2.25430e-07,9.16990e-07
412,1.45350e-05,1.38790e-10,1.32420e-10,1.16990e-08,3.35440e-09,2.09850e-07,8.70000e-07
413,1.35510e-05,1.27130e-10,1.21320e-10,1.10860e-08,3.15120e-09,1.94830e-07,9.24930e-07
414,1.26470e-05,1.16820e-10,1.11460e-10,1.04860e-08,2.94050e-09,1.83220e-07,7.87930e-07
415,1.18490e-05,1.07280e-10,1.02320e-10,9.92850e-09,2.74790e-09,1.70630e-07,7.22040e-07
416,1.11360e-05,9.84110e-11,9.38230e-11,9.41960e-09,2.57900e-09,1.58010e-07,7.64970e-07
417,1.04570e-05,9.02800e-11,8.60620e-11,8.92280e-09,2.40460e-09,1.48350e-07,6.50790e-07
418,9.81040e-06,8.25640e-11,7.87720e-11,8.45250e-09,2.24600e-09,1.38020e-07,6.00860e-07
419,9.21230e-06,7.52300e-11,7.19820e-11,8.02510e-09,2.10630e-09,1.27860e-07,6.29720e-07
420,8.64190e-06,6.84240e-11,6.58310e-11,7.60070e-09,1.96280e-09,1.20120e-07,5.36120e-07
421,8.10740e-06,6.21220e-11,6.02410e-11,7.20850e-09,1.83850e-09,1.11470e-07,5.57940e-07
422,7.59250e-06,5.64600e-11,5.52650e-11,6.82390e-09,1.71230e-09,1.04660e-07,4.66580e-07
423,7.11390e-06,5.15020e-11,5.08390e-11,6.46770e-09,1.60290e-09,9.71010e-08,4.87330e-07
424,6.65310e-06,4.75680e-11,4.71010e-11,6.11070e-09,1.49130e-09,9.12090e-08,4.10700e-07
425,6.23010e-06,4.43260e-11,4.38980e-11,5.77900e-09,1.39520e-09,8.46040e-08,4.25750e-07
426,5.82500e-06,4.15010e-11,4.10350e-11,5.45110e-09,1.29770e-09,7.95050e-08,3.58330e-07
427,5.45270e-06,3.90080e-11,3.84400e-11,5.14470e-09,1.21370e-09,7.37010e-08,3.75700e-07
428,5.09620e-06,3.66830e-11,3.60460e-11,4.83740e-09,1.12770e-09,6.93110e-08,3.10260e-07
429,4.78170e-06,3.45310e-11,3.38290e-11,4.55400e-09,1.05330e-09,6.42350e-08,3.27610e-07
430,4.49830e-06,3.24460e-11,3.17290e-11,4.26890e-09,9.78050e-10,6.04420e-08,2.76820e-07
431,4.26630e-06,3.14990e-11,3.02990e-11,3.99600e-09,9.12880e-10,5.60820e-08,2.82880e-07
432,4.02540e-06,2.95060e-11,2.83060e-11,3.72120e-09,8.47310e-10,5.26400e-08,2.39720e-07
433,3.78730e-06,2.72700e-11,2.62060e-11,3.45870e-09,7.90170e-10,4.88480e-08,2.45510e-07
434,3.54770e-06,2.48440e-11,2.40910e-11,3.20570e-09,7.35830e-10,4.56430e-08,2.33670e-07
435,3.31070e-06,2.23000e-11,2.19580e-11,2.96620e-09,6.81420e-10,4.27850e-08,1.91060e-07
436,3.08650e-06,2.00210e-11,2.00110e-11,2.75090e-09,6.35030e-10,3.95230e-08,1.99630e-07
437,2.87410e-06,1.80130e-11,1.82260e-11,2.55720e-09,5.90630e-10,3.68760e-08,1.89460e-07
438,2.66920e-06,1.64130e-11,1.67500e-11,2.36980e-09,5.47320e-10,3.45060e-08,1.58790e-07
439,2.48280e-06,1.51780e-11,1.55210e-11,2.20160e-09,5.09780e-10,3.19070e-08,1.61900e-07
440,2.30820e-06,1.43700e-11,1.44660e-11,2.04960e-09,4.72860e-10,2.97560e-08,1.49280e-07
441,2.14590e-06,1.34920e-11,1.34430e-11,1.90180e-09,4.37170e-10,2.78900e-08,1.25810e-07
442,2.00170e-06,1.24290e-11,1.24210e-11,1.76710e-09,4.07810e-10,2.57340e-08,1.29710e-07
443,1.86200e-06,1.16740e-11,1.15490e-11,1.64560e-09,3.78340e-10,2.40020e-08,1.20460e-07
444,1.73030e-06,1.08370e-11,1.06900e-11,1.53200e-09,3.49740e-10,2.25180e-08,9.90760e-08
445,1.60970e-06,9.99950e-12,9.87760e-12,1.42480e-09,3.25490e-10,2.07910e-08,1.03100e-07
446,1.49660e-06,9.20290e-12,9.11620e-12,1.32550e-09,3.02450e-10,1.93460e-08,9.91800e-08
447,1.39160e-06,8.47920e-12,8.41910e-12,1.23350e-09,2.80650e-10,1.81000e-08,8.78390e-08
448,1.29320e-06,7.81870e-12,7.78220e-12,1.14960e-09,2.60930e-10,1.68450e-08,8.35810e-08
449,1.20000e-06,7.23250e-12,7.19770e-12,1.06670e-09,2.40440e-10,1.57600e-08,7.19510e-08
450,1.11620e-06,6.66340e-12,6.65170e-12,9.91560e-10,2.24120e-10,1.45640e-08,7.36650e-08
451,1.03660e-06,6.22790e-12,6.17490e-12,9.19850e-10,2.08330e-10,1.35000e-08,6.81110e-08
452,9.61310e-07,5.83070e-12,5.72260e-12,8.53240e-10,1.93410e-10,1.26390e-08,5.86330e-08
453,8.91360e-07,5.39090e-12,5.29640e-12,7.90340e-10,1.78450e-10,1.17850e-08,5.21650e-08
454,8.26860e-07,5.00780e-12,4.90640e-12,7.33950e-10,1.66730e-10,1.08420e-08,5.14460e-08
455,7.66330e-07,4.65690e-12,4.54140e-12,6.80690e-10,1.54590e-10,1.01510e-08,4.96080e-08
456,7.11360e-07,4.28310e-12,4.20550e-12,6.31110e-10,1.44370e-10,9.44990e-09,4.55290e-08
457,6.58370e-07,3.97430e-12,3.89660e-12,5.82900e-10,1.31980e-10,8.83460e-09,3.60230e-08
458,6.10440e-07,3.68930e-12,3.61380e-12,5.41230e-10,1.24530e-10,8.09350e-09,3.86720e-08
459,5.65560e-07,3.43600e-12,3.35830e-12,5.03640e-10,1.15130e-10,7.54330e-09,3.75250e-08
460,5.24420e-07,3.15250e-12,3.10690e-12,4.65690e-10,1.06550e-10,7.06100e-09,3.28000e-08
461,4.86520e-07,2.93240e-12,2.88660e-12,4.33560e-10,9.98600e-11,6.55980e-09,3.33790e-08
462,4.50060e-07,2.74150e-12,2.68200e-12,4.01670e-10,9.12350e-11,6.14630e-09,2.63300e-08
463,4.18240e-07,2.51610e-12,2.47980e-12,3.72330e-10,8.58150e-11,5.66750e-09,2.65230e-08
464,3.88510e-07,2.33400e-12,2.30040e-12,3.46790e-10,7.99440e-11,5.27000e-09,2.59350e-08
465,3.59790e-07,2.17970e-12,2.13870e-12,3.22500e-10,7.47730e-11,4.93860e-09,2.38680e-08
466,3.33780e-07,2.00690e-12,1.98130e-12,2.97840e-10,6.88380e-11,4.56960e-09,1.99030e-08
467,3.09190e-07,1.87550e-12,1.84790e-12,2.76950e-10,6.43540e-11,4.23480e-09,2.02610e-08
468,2.86530e-07,1.72760e-12,1.70990e-12,2.55820e-10,5.94610e-11,3.96740e-09,1.90780e-08
469,2.65810e-07,1.61550e-12,1.58870e-12,2.35430e-10,5.45760e-11,3.66740e-09,1.70580e-08
470,2.47160e-07,1.49960e-12,1.48450e-12,2.19260e-10,5.14510e-11,3.40400e-09,1.47290e-08
471,2.29820e-07,1.39970e-12,1.38200e-12,2.01960e-10,4.68110e-11,3.19020e-09,1.24250e-08
472,2.14250e-07,1.29430e-12,1.28630e-12,1.89360e-10,4.46510e-11,2.94330e-09,1.29020e-08
473,1.98800e-07,1.21170e-12,1.19840e-12,1.76590e-10,4.13890e-11,2.74030e-09,1.28060e-08
474,1.84030e-07,1.12350e-12,1.11730e-12,1.64370e-10,3.81710e-11,2.55410e-09,1.11560e-08
475,1.70740e-07,1.05720e-12,1.04500e-12,1.52520e-10,3.56440e-11,2.35040e-09,9.74400e-09
476,1.58740e-07,9.84730e-13,9.79960e-13,1.39950e-10,3.26480e-11,2.19410e-09,9.25970e-09
477,1.48040e-07,9.18270e-13,9.19250e-13,1.29200e-10,3.00490e-11,2.05610e-09,8.06970e-09
478,1.37150e-07,8.54840e-13,8.57790e-13,1.21170e-10,2.85560e-11,1.89890e-09,8.19960e-09
479,1.27330e-07,7.94110e-13,7.96900e-13,1.10110e-10,2.56660e-11,1.78990e-09,6.38330e-09
480,1.18770e-07,7.46810e-13,7.52580e-13,1.05260e-10,2.52880e-11,1.64750e-09,8.68860e-09
481,1.10690e-07,7.11160e-13,7.09750e-13,9.67910e-11,2.28670e-11,1.53320e-09,7.28510e-09
482,1.03750e-07,6.62150e-13,6.57040e-13,8.94490e-11,2.11710e-11,1.40240e-09,7.11670e-09
483,9.65310e-08,6.16120e-13,6.12770e-13,8.25220e-11,1.97590e-11,1.30210e-09,6.52050e-09
484,8.88830e-08,5.70230e-13,5.70230e-13,7.66680e-11,1.83410e-11,1.19640e-09,5.93090e-09
485,8.24920e-08,5.29470e-13,5.32660e-13,7.14220e-11,1.71140e-11,1.12100e-09,5.02400e-09
486,7.65450e-08,4.94920e-13,4.99920e-13,6.64840e-11,1.55460e-11,1.05140e-09,4.78990e-09
487,7.16560e-08,4.61680e-13,4.68040e-13,6.17210e-11,1.46720e-11,9.78850e-10,4.12960e-09
488,6.69830e-08,4.39360e-13,4.40470e-13,5.71680e-11,1.35170e-11,9.04790e-10,4.48630e-09
489,6.25680e-08,4.14280e-13,4.13700e-13,5.24600e-11,1.21890e-11,8.37390e-10,3.48490e-09
490,5.82220e-08,3.83070e-13,3.82590e-13,4.82740e-11,1.14570e-11,7.76980e-10,3.18570e-09
491,5.39480e-08,3.58290e-13,3.58650e-13,4.65140e-11,1.10750e-11,7.61680e-10,3.66810e-09
492,5.10110e-08,3.31440e-13,3.30650e-13,4.21700e-11,9.75400e-12,6.99460e-10,2.30120e-09
493,4.78690e-08,3.24700e-13,3.19320e-13,3.98840e-11,9.46830e-12,6.59160e-10,3.12800e-09
494,4.48670e-08,3.16190e-13,3.12090e-13,3.68440e-11,8.73950e-12,6.16140e-10,2.88730e-09
495,4.20590e-08,3.00960e-13,2.97430e-13,3.39200e-11,7.93450e-12,5.68570e-10,2.01910e-09
496,3.95740e-08,2.79980e-13,2.81460e-13,3.21060e-11,7.59110e-12,5.40070e-10,2.55140e-09
497,3.74980e-08,2.70290e-13,2.68750e-13,2.96170e-11,6.70180e-12,5.04140e-10,1.62570e-09
498,3.47260e-08,2.60160e-13,2.57910e-13,2.90790e-11,7.05580e-12,4.91770e-10,3.28260e-09
499,3.35360e-08,2.47470e-13,2.44510e-13,2.58250e-11,5.98000e-12,4.51840e-10,2.29310e-09
500,3.13150e-08,2.32750e-13,2.29660e-13,2.39000e-11,5.52530e-12,4.18010e-10,1.56420e-09
500,3.13150e-08,2.32750e-13,2.29660e-13,2.39000e-11,5.52530e-12,4.18010e-10,1.56420e-09
501,2.90300e-08,2.20090e-13,2.18200e-13,2.26170e-11,5.25130e-12,3.84200e-10,1.60400e-09
502,2.71850e-08,2.05270e-13,2.03480e-13,2.11690e-11,4.99180e-12,3.59630e-10,2.36670e-09
503,2.55860e-08,1.93270e-13,1.91720e-13,1.91700e-11,4.32830e-12,3.32330e-10,1.37200e-09
504,2.37550e-08,1.79880e-13,1.79810e-13,1.72900e-11,4.08370e-12,2.89860e-10,1.37440e-09
505,2.19450e-08,1.68540e-13,1.70100e-13,1.63230e-11,3.57040e-12,2.78400e-10,1.66940e-09
506,2.03620e-08,1.54420e-13,1.56850e-13,1.46300e-11,3.26690e-12,2.60160e-10,9.23020e-10
507,1.89500e-08,1.44510e-13,1.47040e-13,1.32230e-11,3.01830e-12,2.39290e-10,6.64190e-10
508,1.77190e-08,1.36400e-13,1.39000e-13,1.25240e-11,2.96940e-12,2.18610e-10,6.23290e-10
509,1.66470e-08,1.30380e-13,1.33650e-13,1.18900e-11,2.64110e-12,2.08380e-10,6.57450e-10
510,1.60000e-08,1.27520e-13,1.30830e-13,1.10100e-11,2.48820e-12,1.95700e-10,6.71390e-10
511,1.50660e-08,1.23950e-13,1.26560e-13,1.04100e-11,2.33580e-12,1.86930e-10,5.77780e-10
512,1.41360e-08,1.20070e-13,1.21560e-13,9.04250e-12,2.08460e-12,1.60530e-10,6.48260e-10
513,1.30160e-08,1.15290e-13,1.16110e-13,8.59760e-12,1.92910e-12,1.49420e-10,8.65860e-10
514,1.20970e-08,1.07010e-13,1.07320e-13,7.77420e-12,1.81210e-12,1.39990e-10,6.16580e-10
515,1.12030e-08,1.00190e-13,9.87840e-14,7.30620e-12,1.73010e-12,1.28580e-10,5.91550e-10
516,1.04720e-08,9.45390e-14,9.23090e-14,6.71560e-12,1.76040e-12,1.21130e-10,3.82800e-10
517,9.86330e-09,9.01240e-14,8.75750e-14,6.24440e-12,1.48550e-12,1.16370e-10,2.71770e-10
518,9.25630e-09,8.43770e-14,8.17710e-14,5.62740e-12,1.43160e-12,1.03740e-10,2.97780e-10
519,8.58860e-09,7.86730e-14,7.61500e-14,5.29440e-12,1.24330e-12,9.45630e-11,3.50740e-10
520,7.95130e-09,7.29370e-14,7.11770e-14,4.99650e-12,1.21290e-12,9.49720e-11,2.53090e-10
521,7.64060e-09,6.91220e-14,6.71150e-14,4.25470e-12,9.97220e-13,8.10380e-11,1.81370e-10
522,6.86160e-09,6.55420e-14,6.37740e-14,4.05100e-12,1.09620e-12,7.44420e-11,6.92250e-10
523,6.28940e-09,6.13450e-14,5.94860e-14,3.52500e-12,8.20770e-13,6.62640e-11,2.76810e-10
524,5.63560e-09,5.75070e-14,5.59590e-14,3.43970e-12,9.67630e-13,6.83600e-11,2.70770e-10
525,5.51510e-09,5.04680e-14,4.95080e-14,3.06740e-12,8.02010e-13,6.21960e-11,1.54770e-10
526,4.77250e-09,4.40780e-14,4.32470e-14,2.77540e-12,7.12120e-13,5.54320e-11,1.39840e-10
527,4.53600e-09,3.87370e-14,3.83000e-14,2.61200e-12,7.36680e-13,5.19820e-11,1.26290e-10
528,4.36830e-09,3.53500e-14,3.49190e-14,2.56440e-12,6.30090e-13,4.63660e-11,2.38050e-10
529,3.85340e-09,3.28900e-14,3.22280e-14,2.57350e-12,7.22850e-13,5.18410e-11,1.48860e-10
530,3.92120e-09,3.45860e-14,3.37390e-14,2.28000e-12,5.31690e-13,4.97490e-11,9.78000e-11
531,3.83630e-09,3.54170e-14,3.44400e-14,1.95250e-12,4.31320e-13,4.11310e-11,9.28340e-11
532,3.51730e-09,3.45340e-14,3.35060e-14,1.72170e-12,4.41750e-13,3.48240e-11,9.50270e-11
533,3.15620e-09,3.24320e-14,3.14990e-14,1.71800e-12,4.75160e-13,3.76330e-11,8.16960e-11
534,3.12800e-09,3.03500e-14,2.95070e-14,1.59610e-12,4.14220e-13,3.56980e-11,6.53380e-11
535,2.79270e-09,2.74730e-14,2.63430e-14,1.45510e-12,3.97920e-13,3.10100e-11,6.76630e-11
536,2.59020e-09,2.45310e-14,2.39040e-14,1.35840e-12,3.72600e-13,3.02030e-11,6.37900e-11
537,2.49900e-09,2.25210e-14,2.21690e-14,1.50400e-12,3.97230e-13,3.07210e-11,8.48590e-11
538,2.43020e-09,2.22050e-14,2.19230e-14,1.40870e-12,3.69140e-13,2.76840e-11,2.29070e-10
539,2.31390e-09,2.30350e-14,2.27360e-14,1.20410e-12,3.09050e-13,2.56560e-11,8.66760e-11
540,2.17350e-09,2.28760e-14,2.26420e-14,1.28710e-12,3.83080e-13,2.66780e-11,7.47900e-11
541,2.29060e-09,2.28360e-14,2.25940e-14,1.12990e-12,3.01380e-13,2.60160e-11,4.17470e-11
542,2.24060e-09,2.31630e-14,2.27000e-14,9.82690e-13,2.82380e-13,2.24720e-11,3.30580e-11
543,2.09930e-09,2.32240e-14,2.28260e-14,1.10710e-12,3.42280e-13,2.66470e-11,3.38290e-11
544,2.16730e-09,2.39970e-14,2.35270e-14,9.25170e-13,2.72590e-13,2.12650e-11,2.71020e-11
545,1.82010e-09,2.25640e-14,2.20680e-14,8.72820e-13,2.59030e-13,2.10860e-11,2.67070e-11
546,1.91130e-09,2.04500e-14,2.00740e-14,7.33010e-13,2.23230e-13,1.74880e-11,2.28170e-11
547,1.75090e-09,1.85880e-14,1.82310e-14,6.35970e-13,1.95440e-13,1.38390e-11,2.24280e-11
548,1.54200e-09,1.64720e-14,1.62910e-14,5.63150e-13,1.68500e-13,1.15510e-11,2.01650e-11
549,1.32990e-09,1.43690e-14,1.41220e-14,5.05610e-13,1.55910e-13,9.90940e-12,2.31240e-11
550,1.14760e-09,1.27170e-14,1.22850e-14,4.57750e-13,1.46230e-13,8.73250e-12,1.85000e-11
551,1.00420e-09,1.11710e-14,1.05520e-14,5.42030e-13,1.74990e-13,9.55580e-12,2.53350e-11
552,9.66740e-10,1.04370e-14,9.86230e-15,4.44970e-13,1.24950e-13,8.17860e-12,1.60780e-11
553,9.06830e-10,9.44310e-15,9.18420e-15,3.75090e-13,1.06610e-13,6.97750e-12,1.36700e-11
554,8.10240e-10,8.60210e-15,8.53050e-15,3.23430e-13,1.22550e-13,6.02810e-12,1.26970e-11
555,7.07990e-10,7.78250e-15,7.80510e-15,3.99740e-13,1.33160e-13,6.75830e-12,2.68300e-11
556,7.41580e-10,8.75430e-15,8.60920e-15,3.15610e-13,9.70370e-14,5.87510e-12,1.49300e-11
557,7.32180e-10,9.35780e-15,9.18240e-15,2.59870e-13,8.46240e-14,5.11570e-12,1.14610e-11
558,6.93250e-10,9.23750e-15,8.98060e-15,2.21780e-13,7.81430e-14,4.40910e-12,9.96470e-12
559,6.36110e-10,8.84550e-15,8.59040e-15,4.09580e-13,2.37510e-13,1.01550e-11,2.11200e-10
560,8.56050e-10,1.00370e-14,9.79040e-15,2.97930e-13,1.20660e-13,6.79850e-12,6.01110e-11
561,7.26760e-10,1.03830e-14,1.01330e-14,3.31950e-13,1.13130e-13,1.09140e-11,2.10300e-11
562,9.63770e-10,1.02410e-14,1.00500e-14,2.47850e-13,9.02590e-14,7.46580e-12,1.02840e-11
563,8.03830e-10,9.92030e-15,9.73940e-15,1.95980e-13,7.05750e-14,5.74600e-12,7.45580e-12
564,7.29310e-10,9.10690e-15,8.95150e-15,2.06820e-13,8.39670e-14,6.56830e-12,6.69050e-12
565,7.22070e-10,7.87000e-15,7.73430e-15,1.73880e-13,1.03510e-13,4.91470e-12,6.22530e-12
566,5.63010e-10,6.55830e-15,6.44990e-15,1.48280e-13,6.98500e-14,4.17710e-12,5.99130e-12
567,5.30440e-10,5.37850e-15,5.22130e-15,1.71290e-13,7.96400e-14,5.21260e-12,6.04700e-12
568,5.01430e-10,4.61670e-15,4.45290e-15,2.51710e-13,7.71800e-14,4.72500e-12,1.59900e-10
569,4.95450e-10,5.28150e-15,5.13670e-15,2.04320e-13,6.24800e-14,4.32760e-12,6.56530e-11
570,5.20450e-10,5.92130e-15,5.81740e-15,3.26420e-13,1.12810e-13,6.86660e-12,4.04210e-11
571,6.70770e-10,7.63640e-15,7.53360e-15,2.34740e-13,8.01310e-14,5.18750e-12,1.33220e-11
572,6.30830e-10,8.93670e-15,8.83710e-15,1.74150e-13,5.82040e-14,4.22390e-12,5.98730e-12
573,6.45100e-10,9.38800e-15,9.21810e-15,1.76250e-13,7.08620e-14,5.10680e-12,4.43620e-12
574,6.24380e-10,8.80820e-15,8.60340e-15,1.38900e-13,6.46100e-14,3.62960e-12,3.62380e-12
575,5.09740e-10,7.79420e-15,7.56230e-15,1.09160e-13,5.09110e-14,3.01240e-12,3.48950e-12
576,4.90280e-10,6.81620e-15,6.55940e-15,1.29350e-13,6.60690e-14,4.16420e-12,3.43790e-12
577,4.67090e-10,5.67010e-15,5.35280e-15,1.03780e-13,6.11360e-14,2.86610e-12,3.22330e-12
578,3.50630e-10,4.61340e-15,4.32590e-15,8.11010e-14,4.76210e-14,2.39500e-12,2.93660e-12
579,3.49830e-10,3.88660e-15,3.62000e-15,1.06100e-13,6.33950e-14,3.65430e-12,3.11100e-12
580,3.43530e-10,3.18990e-15,2.93380e-15,8.38240e-14,5.86170e-14,2.44580e-12,2.75220e-12
581,2.44540e-10,2.57910e-15,2.35290e-15,6.35100e-14,4.53480e-14,2.03430e-12,2.59440e-12
582,2.57820e-10,2.24080e-15,2.06300e-15,8.99830e-14,6.09040e-14,3.33990e-12,2.57080e-12
583,2.66040e-10,1.86300e-15,1.72020e-15,6.96610e-14,5.64970e-14,2.17000e-12,2.39370e-12
584,1.78560e-10,1.50470e-15,1.38830e-15,5.07080e-14,4.32930e-14,1.80240e-12,2.11980e-12
585,2.05850e-10,1.45120e-15,1.34630e-15,7.84190e-14,6.06790e-14,3.13650e-12,1.61740e-12
586,2.22820e-10,1.33940e-15,1.19490e-15,5.92330e-14,5.63170e-14,1.98600e-12,1.55450e-12
587,1.43340e-10,1.09460e-15,9.70760e-16,4.16340e-14,4.29630e-14,1.64410e-12,1.31050e-12
588,1.75610e-10,1.21680e-15,1.04790e-15,7.10360e-14,5.90860e-14,2.99110e-12,1.37240e-12
589,1.95340e-10,1.08870e-15,9.35480e-16,5.27970e-14,5.35670e-14,1.85630e-12,1.78750e-12
590,1.24750e-10,8.79910e-16,7.58010e-16,3.57660e-14,4.28660e-14,1.53620e-12,1.22140e-12
591,1.59050e-10,1.10150e-15,9.12270e-16,6.62970e-14,5.80500e-14,2.89960e-12,1.25880e-12
592,1.83550e-10,9.50750e-16,7.99590e-16,4.84850e-14,5.43320e-14,1.77640e-12,1.24700e-12
593,1.11330e-10,8.43680e-16,6.72990e-16,3.21360e-14,4.09600e-14,1.46230e-12,1.03690e-12
594,1.45910e-10,9.74110e-16,8.08670e-16,6.31400e-14,5.73860e-14,2.83190e-12,1.11300e-12
595,1.74950e-10,8.71580e-16,7.26660e-16,4.57910e-14,5.35940e-14,1.71830e-12,1.10170e-12
596,1.01790e-10,7.47510e-16,6.12180e-16,2.98590e-14,4.03730e-14,1.40970e-12,9.45780e-13
597,1.39890e-10,8.53150e-16,7.20900e-16,6.10980e-14,5.66710e-14,2.78540e-12,9.87040e-13
598,1.68030e-10,8.01280e-16,6.66670e-16,4.41060e-14,5.30240e-14,1.67590e-12,1.03770e-12
599,9.72780e-11,6.31450e-16,5.29110e-16,2.84060e-14,3.97950e-14,1.37170e-12,8.68460e-13
600,1.36840e-10,8.10230e-16,6.85900e-16,5.99990e-14,5.62510e-14,2.75010e-12,9.26130e-13
600,1.36840e-10,8.10230e-16,6.85900e-16,5.99990e-14,5.62510e-14,2.75010e-12,9.26130e-13
601,1.64680e-10,7.14960e-16,6.21290e-16,4.32120e-14,5.25680e-14,1.64480e-12,9.27170e-13
602,9.46150e-11,5.86020e-16,4.98080e-16,2.75610e-14,3.94610e-14,1.34300e-12,7.98060e-13
603,1.33840e-10,7.41400e-16,6.44620e-16,5.92720e-14,5.58060e-14,2.72310e-12,8.31570e-13
604,1.62500e-10,6.81640e-16,5.90670e-16,4.24860e-14,5.22130e-14,1.61980e-12,8.87560e-13
605,9.22820e-11,5.56910e-16,4.70990e-16,2.70690e-14,3.90710e-14,1.31950e-12,7.42120e-13
606,1.31960e-10,7.24760e-16,6.36150e-16,5.88560e-14,5.55550e-14,2.70140e-12,7.89680e-13
607,1.61150e-10,6.78660e-16,5.94960e-16,4.21840e-14,5.19220e-14,1.60030e-12,8.01520e-13
608,9.05900e-11,5.41080e-16,4.67190e-16,2.66540e-14,3.88650e-14,1.30160e-12,6.86310e-13
609,1.30430e-10,7.03780e-16,6.24160e-16,5.84300e-14,5.52470e-14,2.68450e-12,7.18680e-13
610,1.59700e-10,6.72070e-16,5.84950e-16,4.16600e-14,5.16750e-14,1.58460e-12,7.76700e-13
611,8.94600e-11,5.49950e-16,4.60650e-16,2.62460e-14,3.85880e-14,1.28680e-12,6.49140e-13
612,1.29430e-10,7.08450e-16,6.27750e-16,5.80260e-14,5.50800e-14,2.67110e-12,6.88400e-13
613,1.59000e-10,6.79680e-16,5.92020e-16,4.13300e-14,5.14770e-14,1.57250e-12,7.08160e-13
614,8.84800e-11,5.41240e-16,4.62240e-16,2.57790e-14,3.84480e-14,1.27530e-12,6.03080e-13
615,1.28610e-10,6.97320e-16,6.20420e-16,5.75230e-14,5.48480e-14,2.66060e-12,6.34470e-13
616,1.57700e-10,6.64810e-16,5.76150e-16,4.07430e-14,5.12870e-14,1.56250e-12,6.93140e-13
617,8.78980e-11,5.39420e-16,4.53310e-16,2.52910e-14,3.82400e-14,1.26570e-12,5.79300e-13
618,1.28040e-10,7.03310e-16,6.22340e-16,5.70680e-14,5.47310e-14,2.65210e-12,6.12450e-13
619,1.57820e-10,6.65390e-16,5.79960e-16,4.03680e-14,5.11480e-14,1.55480e-12,6.38280e-13
620,8.71770e-11,6.47590e-16,5.72360e-16,4.74570e-14,5.07890e-14,2.20100e-12,5.89610e-13
621,1.61340e-10,8.00430e-16,7.15900e-16,4.47530e-14,5.15140e-14,1.88300e-12,5.60790e-13
622,1.12190e-10,8.51900e-16,7.86510e-16,4.64610e-14,5.10970e-14,2.02360e-12,5.96950e-13
623,1.46450e-10,8.70920e-16,7.97330e-16,4.57670e-14,5.11420e-14,1.97300e-12,5.40400e-13
624,1.27480e-10,8.58370e-16,7.96990e-16,4.62750e-14,5.12500e-14,1.97160e-12,5.72730e-13
625,1.34790e-10,7.73700e-16,7.04080e-16,4.53840e-14,5.09710e-14,1.98180e-12,5.33970e-13
626,1.31730e-10,7.81280e-16,7.09670e-16,4.58170e-14,5.11900e-14,1.95840e-12,5.48670e-13
627,1.30010e-10,7.01980e-16,6.20090e-16,4.48900e-14,5.09050e-14,1.97110e-12,5.26830e-13
628,1.30510e-10,7.35360e-16,6.54860e-16,4.55100e-14,5.10820e-14,1.95100e-12,5.30100e-13
629,1.27950e-10,6.58250e-16,5.70810e-16,4.45780e-14,5.08670e-14,1.96000e-12,5.16330e-13
630,1.27670e-10,6.58280e-16,5.91740e-16,4.50870e-14,5.09760e-14,1.94710e-12,5.12900e-13
631,1.25790e-10,6.22140e-16,5.34780e-16,4.43120e-14,5.08230e-14,1.95110e-12,5.05730e-13
632,1.25760e-10,6.31530e-16,5.66580e-16,4.47740e-14,5.08810e-14,1.94320e-12,4.99520e-13
633,1.24600e-10,6.01900e-16,5.18710e-16,4.41230e-14,5.07720e-14,1.94530e-12,4.95840e-13
634,1.24570e-10,6.14900e-16,5.48500e-16,4.44220e-14,5.07980e-14,1.94070e-12,4.87560e-13
635,1.23760e-10,5.93240e-16,5.10980e-16,4.39430e-14,5.07130e-14,1.94160e-12,4.86830e-13
636,1.23860e-10,6.08090e-16,5.36040e-16,4.40670e-14,5.07200e-14,1.93900e-12,4.76800e-13
637,1.23280e-10,5.88160e-16,5.07630e-16,4.37170e-14,5.06520e-14,1.93930e-12,4.77950e-13
638,1.23290e-10,6.01780e-16,5.25870e-16,4.37370e-14,5.06500e-14,1.93770e-12,4.68070e-13
639,1.22860e-10,5.86410e-16,5.07820e-16,4.34790e-14,5.05950e-14,1.93750e-12,4.70270e-13
640,1.23250e-10,6.01220e-16,5.22780e-16,4.34470e-14,5.05900e-14,1.93630e-12,4.59940e-13
641,1.22720e-10,5.89360e-16,5.10980e-16,4.32420e-14,5.05440e-14,1.93590e-12,4.63020e-13
642,1.22640e-10,5.96490e-16,5.18850e-16,4.31980e-14,5.05370e-14,1.93490e-12,4.53240e-13
643,1.22640e-10,5.89370e-16,5.11490e-16,4.30220e-14,5.05030e-14,1.93440e-12,4.56800e-13
644,1.22280e-10,5.93190e-16,5.14820e-16,4.29910e-14,5.04960e-14,1.93360e-12,4.47350e-13
645,1.22420e-10,5.89380e-16,5.11060e-16,4.28330e-14,5.04680e-14,1.93280e-12,4.51480e-13
646,1.21990e-10,5.89840e-16,5.12040e-16,4.28270e-14,5.04630e-14,1.93220e-12,4.42830e-13
647,1.22400e-10,5.89440e-16,5.12860e-16,4.26830e-14,5.04420e-14,1.93140e-12,4.46810e-13
648,1.21950e-10,5.88600e-16,5.11810e-16,4.27050e-14,5.04360e-14,1.93100e-12,4.38320e-13
649,1.22050e-10,5.86990e-16,5.10130e-16,4.25720e-14,5.04230e-14,1.93010e-12,4.42560e-13
650,1.21630e-10,5.85380e-16,5.09670e-16,4.26180e-14,5.04190e-14,1.92990e-12,4.34890e-13
651,1.22220e-10,5.90910e-16,5.15060e-16,4.24990e-14,5.04080e-14,1.92900e-12,4.39270e-13
652,1.21660e-10,5.86490e-16,5.10560e-16,4.25580e-14,5.04040e-14,1.92890e-12,4.31900e-13
653,1.21790e-10,5.87000e-16,5.11310e-16,4.24540e-14,5.03940e-14,1.92810e-12,4.36010e-13
654,1.21590e-10,5.88700e-16,5.12560e-16,4.25170e-14,5.03910e-14,1.92820e-12,4.28890e-13
655,1.21690e-10,5.89270e-16,5.11910e-16,4.24280e-14,5.03840e-14,1.92730e-12,4.33260e-13
656,1.21490e-10,5.87860e-16,5.10570e-16,4.24900e-14,5.03810e-14,1.92750e-12,4.26740e-13
657,1.21710e-10,5.90050e-16,5.12260e-16,4.24130e-14,5.03770e-14,1.92670e-12,4.30920e-13
658,1.21530e-10,5.87870e-16,5.10930e-16,4.24720e-14,5.03720e-14,1.92700e-12,4.24990e-13
659,1.21380e-10,5.86360e-16,5.08780e-16,4.24060e-14,5.03690e-14,1.92630e-12,4.28930e-13
660,1.21750e-10,5.89740e-16,5.14220e-16,4.24610e-14,5.03670e-14,1.92660e-12,4.22910e-13
661,1.21490e-10,5.87220e-16,5.09270e-16,4.24010e-14,5.03620e-14,1.92590e-12,4.26960e-13
662,1.21690e-10,5.88550e-16,5.11980e-16,4.24550e-14,5.03580e-14,1.92630e-12,4.21310e-13
663,1.21420e-10,5.84960e-16,5.10130e-16,4.23980e-14,5.03550e-14,1.92560e-12,4.24650e-13
664,1.21330e-10,5.83770e-16,5.07650e-16,4.24520e-14,5.03530e-14,1.92600e-12,4.19940e-13
665,1.21390e-10,5.84700e-16,5.09850e-16,4.23950e-14,5.03490e-14,1.92540e-12,4.23410e-13
666,1.21580e-10,5.86160e-16,5.10060e-16,4.24510e-14,5.03480e-14,1.92580e-12,4.18530e-13
667,1.21490e-10,5.86430e-16,5.11680e-16,4.23910e-14,5.03460e-14,1.92520e-12,4.21990e-13
668,1.21550e-10,5.86600e-16,5.09690e-16,4.24510e-14,5.03450e-14,1.92560e-12,4.17630e-13
669,1.21280e-10,5.86230e-16,5.09670e-16,4.23860e-14,5.03410e-14,1.92500e-12,4.20550e-13
670,1.21300e-10,5.84850e-16,5.08810e-16,4.24510e-14,5.03390e-14,1.92540e-12,4.16100e-13
671,1.21610e-10,5.88010e-16,5.12250e-16,4.23810e-14,5.03370e-14,1.92490e-12,4.19240e-13
672,1.21740e-10,5.88620e-16,5.12530e-16,4.24490e-14,5.03340e-14,1.92520e-12,4.15000e-13
673,1.21600e-10,5.86820e-16,5.12110e-16,4.23750e-14,5.03330e-14,1.92470e-12,4.18490e-13
674,1.21530e-10,5.86150e-16,5.09800e-16,4.24460e-14,5.03330e-14,1.92500e-12,4.14790e-13
675,1.21480e-10,5.86550e-16,5.10520e-16,4.23690e-14,5.03290e-14,1.92460e-12,4.17330e-13
676,1.21350e-10,5.84750e-16,5.08850e-16,4.24400e-14,5.03270e-14,1.92480e-12,4.13290e-13
677,1.21160e-10,5.84590e-16,5.07800e-16,4.23620e-14,5.03260e-14,1.92450e-12,4.15850e-13
678,1.21420e-10,5.86340e-16,5.10450e-16,4.24330e-14,5.03250e-14,1.92460e-12,4.12630e-13
679,1.21120e-10,5.82730e-16,5.08200e-16,4.23540e-14,5.03240e-14,1.92440e-12,4.15120e-13
680,1.21490e-10,5.85520e-16,5.09060e-16,4.24240e-14,5.03230e-14,1.92450e-12,4.12160e-13
681,1.21510e-10,5.87470e-16,5.11260e-16,4.23470e-14,5.03220e-14,1.92430e-12,4.14840e-13
682,1.21240e-10,5.83900e-16,5.07980e-16,4.24140e-14,5.03220e-14,1.92430e-12,4.11770e-13
683,1.21660e-10,5.88930e-16,5.13450e-16,4.23390e-14,5.03190e-14,1.92420e-12,4.14130e-13
684,1.21580e-10,5.86690e-16,5.09810e-16,4.24030e-14,5.03210e-14,1.92420e-12,4.11290e-13
685,1.21420e-10,5.86480e-16,5.09900e-16,4.23340e-14,5.03180e-14,1.92410e-12,4.13630e-13
686,1.21540e-10,5.86500e-16,5.11270e-16,4.23910e-14,5.03200e-14,1.92410e-12,4.10630e-13
687,1.21730e-10,5.88890e-16,5.12410e-16,4.23290e-14,5.03200e-14,1.92400e-12,4.13190e-13
688,1.21330e-10,5.85570e-16,5.08390e-16,4.23800e-14,5.03170e-14,1.92400e-12,4.10420e-13
689,1.21680e-10,5.88010e-16,5.11610e-16,4.23250e-14,5.03170e-14,1.92390e-12,4.12650e-13
690,1.21460e-10,5.87780e-16,5.10980e-16,4.23690e-14,5.03150e-14,1.92400e-12,4.10410e-13
691,1.21430e-10,5.87450e-16,5.10050e-16,4.23220e-14,5.03160e-14,1.92390e-12,4.12050e-13
692,1.21350e-10,5.85870e-16,5.10020e-16,4.23590e-14,5.03160e-14,1.92390e-12,4.10010e-13
693,1.21650e-10,5.87750e-16,5.11490e-16,4.23210e-14,5.03150e-14,1.92380e-12,4.12050e-13
694,1.21550e-10,5.87460e-16,5.11020e-16,4.23500e-14,5.03160e-14,1.92390e-12,4.09670e-13
695,1.21690e-10,5.86790e-16,5.11140e-16,4.23200e-14,5.03150e-14,1.92380e-12,4.11450e-13
696,1.21440e-10,5.86900e-16,5.10670e-16,4.23420e-14,5.03120e-14,1.92380e-12,4.09200e-13
697,1.21510e-10,5.86120e-16,5.09960e-16,4.23200e-14,5.03140e-14,1.92370e-12,4.11110e-13
698,1.21370e-10,5.84680e-16,5.09040e-16,4.23360e-14,5.03120e-14,1.92380e-12,4.09270e-13
699,1.21370e-10,5.85080e-16,5.09090e-16,4.23190e-14,5.03140e-14,1.92370e-12,4.10700e-13
700,1.21550e-10,5.87470e-16,5.11030e-16,4.23300e-14,5.03120e-14,1.92380e-12,4.09090e-13
