"# CFD axial profiles, slab averages over the 90 axial slabs of the medium mesh. Source: Fluent cell/face exports of the converged baseline. RE-ANALYSIS 2026."
z,x_over_D,mdot,p_area,p_mass,Tb_mass,hb,rho_b,rho_b_volavg,w_b,w_max,Twi,Two,dTwall,dTwall_1D_localk,qi,qo,h,Nu,Nu_Dh48,Re,tau_w,f_shear,yplus_avg,yplus_min,yplus_max,Tsolid_mean,Tsolid_max,Tfluid_max
0.0033333333,0.16666667,0.0085441095,438.12633,437.99024,301.73334,3609.7398,1.1698957,1.1658768,23.313676,23.900262,423.21219,438.33165,15.119462,8.5674731,38471.236,8000,316.69081,240.17759,239.66335,29825.987,6.1606338,0.075409911,0.54582276,0.4992584,0.58483568,433.48721,437.81276,417.47975
0.01,0.5,0.0086889539,406.02082,406.14658,302.38877,4270.7297,1.1673599,1.160425,23.760403,24.646664,432.66354,442.26103,9.5974859,8.5200609,17365.726,8000,133.30076,100.9049,100.68885,29776.307,2.6895975,0.032850953,0.34734096,0.3181145,0.37219419,438.63253,441.74431,430.13437
0.016666667,0.83333333,0.008664509,402.1181,402.12781,303.05035,4937.7395,1.1648115,1.1558983,23.745395,24.783844,438.99419,447.31107,8.3168736,8.4706565,14945.778,8000,109.94082,83.064429,82.886582,29726.328,2.0564931,0.025063332,0.29793719,0.27303556,0.31874303,444.05532,446.79721,436.84756
0.023333333,1.1666667,0.0086614801,396.805,396.81941,303.7595,5652.7235,1.1620922,1.1520048,23.79264,24.961532,444.29741,452.37971,8.0822979,8.4242383,14824.851,8000,105.48649,79.5375,79.367204,29672.941,2.0314749,0.024700624,0.29171415,0.26698859,0.31216797,449.2083,451.8686,442.19299
0.03,1.5,0.0086625246,390.95582,390.95622,304.47023,6369.3067,1.1593795,1.1482736,23.851185,25.142972,449.18442,457.21844,8.0340232,8.3809134,14901.236,8000,102.97011,77.482761,77.316865,29619.627,1.999053,0.024249668,0.28545848,0.26139832,0.30559874,454.06939,456.70996,447.08443
0.036666667,1.8333333,0.0086620853,385.44066,385.44419,305.18509,7090.0758,1.1566638,1.1446219,23.905972,25.320464,453.78635,461.79735,8.0110005,8.340404,14965.834,8000,100.71135,75.628912,75.466984,29566.196,1.9703812,0.023845877,0.27985968,0.25636053,0.29958311,458.66025,461.29134,451.6935
0.043333333,2.1666667,0.0086620688,379.999,380.00289,305.90254,7813.4962,1.153951,1.141033,23.962127,25.49248,458.13524,466.12603,7.9907893,8.3024761,15018.152,8000,98.652602,73.931936,73.773642,29512.766,1.9436373,0.02346705,0.27477189,0.25174856,0.29413904,462.99917,465.62235,456.04998
0.05,2.5,0.0086621198,374.65016,374.65378,306.62262,8539.5992,1.151241,1.137501,24.018674,25.661412,462.24648,470.21853,7.9720535,8.2669353,15067.015,8000,96.81687,72.408116,72.253084,29459.333,1.9203098,0.023130949,0.27018306,0.24758655,0.28920526,467.10114,469.71705,460.16842
0.056666667,2.8333333,0.0086621084,369.40901,369.41261,307.34513,9268.1915,1.1485347,1.134023,24.075239,25.828175,466.13377,474.08841,7.9546426,8.2336069,15114.036,8000,95.183363,71.040947,70.888843,29405.913,1.9002644,0.022835684,0.26605802,0.24380983,0.28477654,470.97994,473.58902,464.06328
0.063333333,3.1666667,0.008662111,364.25064,364.25417,308.06999,9999.1756,1.1458323,1.1305966,24.132026,25.990172,469.80998,477.74663,7.936654,8.1996118,15160.11,8000,93.731364,69.814087,69.66461,29352.515,1.8833782,0.022579509,0.26236336,0.24039801,0.28081552,474.64784,477.24955,467.74705
0.07,3.5,0.0086621152,359.1708,359.17423,308.79711,10732.473,1.1431342,1.12722,24.188995,26.149856,473.28753,481.20536,7.9178248,8.1640213,15205.908,8000,92.442511,68.713069,68.565949,29299.145,1.8692284,0.0223571,0.25904745,0.23733861,0.27725576,478.11628,480.71042,471.23127
0.076666667,3.8333333,0.0086621229,354.16041,354.16372,309.52647,11468.058,1.1404405,1.1238908,24.24615,26.307628,476.57749,484.47705,7.8995613,8.1306398,15251.411,8000,91.297924,67.723138,67.578138,29245.804,1.8576026,0.022165694,0.25607719,0.23459979,0.27407086,481.39703,483.98412,474.52723
0.083333333,4.1666667,0.0086621231,349.21074,349.21396,310.25806,12205.911,1.1377514,1.1206066,24.303458,26.462636,479.69075,487.57377,7.8830194,8.0992963,15296.421,8000,90.280226,66.830775,66.687685,29192.495,1.8481888,0.022001363,0.25341378,0.23214128,0.27121608,484.5021,487.0827,477.646
0.09,4.5,0.0086621226,344.31628,344.3194,310.99181,12945.972,1.135067,1.1173651,24.360934,26.614346,482.63929,490.50715,7.86786,8.0698296,15340.352,8000,89.371262,66.021993,65.880634,29139.224,1.8406311,0.021859697,0.25101656,0.22992617,0.26864735,487.44325,490.01783,480.59969
0.096666667,4.8333333,0.0086621263,339.46993,339.47295,311.72763,13688.138,1.1323877,1.1141642,24.418583,26.764821,485.43464,493.28834,7.8536932,8.04209,15382.253,8000,88.552861,65.282915,65.14314,29085.998,1.8346275,0.021736967,0.24885073,0.22792485,0.26633607,490.2317,492.80064,483.39984
0.10333333,5.1666667,0.0086621309,334.66586,334.66881,312.46541,14432.306,1.129714,1.1110019,24.476389,26.913992,488.08749,495.92781,7.840325,8.01594,15421.948,8000,87.813268,64.604496,64.466173,29032.824,1.8299577,0.021630444,0.24688856,0.22611393,0.26425024,492.87804,495.44164,486.05715
0.11,5.5,0.0086621306,329.89975,329.90265,313.20506,15178.383,1.1270461,1.1078766,24.534327,27.060974,490.60778,498.4354,7.8276215,7.9912538,15459.378,8000,87.142845,63.979314,63.84233,28979.711,1.8264151,0.021537588,0.24510479,0.22447042,0.26235473,495.39213,497.95067,488.58162
0.11666667,5.8333333,0.0086621263,325.1683,325.17111,313.94646,15926.248,1.1243845,1.1047869,24.592391,27.206905,493.00479,500.82027,7.8154767,7.9679165,15494.529,8000,86.533415,63.40108,63.265334,28926.666,1.8238459,0.0214565,0.24347921,0.22297398,0.26062622,497.78317,500.3369,490.98257
0.12333333,6.1666667,0.0086621302,320.46822,320.47097,314.68948,16675.763,1.1217297,1.1017314,24.650605,27.351382,495.28713,503.09093,7.8038014,7.945823,15527.437,8000,85.978069,62.864486,62.729888,28873.7,1.8221519,0.021385957,0.24199658,0.22160804,0.25905058,500.05972,502.60885,493.26872
0.13,6.5,0.0086621357,315.79516,315.79785,315.43402,17426.833,1.119082,1.0987091,24.708943,27.494246,497.46281,505.25528,7.7924658,7.9248774,15557.886,8000,85.469371,62.363872,62.230346,28820.82,1.8212008,0.021324342,0.24064012,0.22036167,0.25761319,502.22972,504.77442,495.448
0.13666667,6.8333333,0.008662135,311.1469,311.14956,316.17999,18179.357,1.1164417,1.0957188,24.767375,27.63623,499.53913,507.32057,7.7814344,7.9049926,15586.037,8000,85.002778,61.89573,61.763207,28768.033,1.8208749,0.021270224,0.23939511,0.21921996,0.25629634,504.30044,506.8409,497.52777
0.14333333,7.1666667,0.0086621322,306.52214,306.52476,316.92726,18933.219,1.1138093,1.0927596,24.825903,27.776942,501.52277,509.29348,7.7707047,7.88609,15612.134,8000,84.574829,61.457374,61.325789,28715.347,1.821114,0.021222859,0.23825153,0.21817248,0.25508598,506.27858,508.81498,499.51473
0.15,7.5,0.0086621264,301.91879,301.92137,317.67574,19688.322,1.111185,1.0898304,24.884517,27.916635,503.4199,511.18016,7.76026,7.8680975,15636.321,8000,84.182033,61.046105,60.915401,28662.768,1.8218566,0.021181488,0.23722352,0.21723507,0.25399316,508.17029,510.70276,501.41493
0.15666667,7.8333333,0.0086621311,297.33544,297.33799,318.42531,20444.535,1.1085693,1.0869308,24.943246,28.055323,505.23618,512.98628,7.7500974,7.8509498,15658.805,8000,83.8217,60.659838,60.529961,28610.306,1.8230804,0.021145823,0.23629226,0.21638258,0.25300633,509.98126,512.50993,503.23418
0.16333333,8.1666667,0.008662132,292.76879,292.77128,319.17593,21201.835,1.1059623,1.0840597,25.002048,28.193108,506.97688,514.71706,7.7401771,7.834587,15679.618,8000,83.490619,60.296107,60.167008,28557.962,1.8247306,0.021115188,0.23543657,0.21560061,0.25209976,511.71672,514.24171,504.97776
0.17,8.5,0.008662124,288.21868,288.22113,319.92752,21960.123,1.1033641,1.0812163,25.060899,28.329914,508.64686,516.37731,7.7304493,7.8189546,15698.708,8000,83.185474,59.952402,59.82404,28505.742,1.8267024,0.021088347,0.23464579,0.2148805,0.25126379,513.38151,515.90291,506.65052
0.17666667,8.8333333,0.0086621175,283.68483,283.68727,320.67998,22719.315,1.1007751,1.0783999,25.119823,28.465354,510.25049,517.97144,7.7209506,7.804003,15716.408,8000,82.905343,59.627954,59.500286,28453.653,1.8290133,0.02106548,0.23391772,0.21421835,0.25049462,514.98002,517.49794,508.25686
0.18333333,9.1666667,0.0086621062,279.16517,279.16762,321.43326,23479.349,1.0981954,1.0756097,25.178797,28.599437,511.79184,519.50352,7.7116781,7.789687,15732.835,8000,82.648417,59.321358,59.194346,28401.697,1.8316305,0.021046186,0.23324719,0.21360813,0.24978644,516.51635,519.03088,509.80087
0.19,9.5,0.0086621176,274.65929,274.66176,322.18721,24240.074,1.0956255,1.0728457,25.237889,28.732249,513.27468,520.97729,7.7026174,7.7759649,15748.063,8000,82.412852,59.031209,58.904819,28349.885,1.8345492,0.021030393,0.23263096,0.21304789,0.2491311,517.99424,520.50548,511.28629
0.19666667,9.8333333,0.0086621284,270.16266,270.16508,322.94187,25001.535,1.0930652,1.0701072,25.297035,28.863893,514.70249,522.39623,7.6937451,7.7627988,15762.106,8000,82.196783,58.756068,58.630267,28298.213,1.8377548,0.02101791,0.23206547,0.21253536,0.24852304,519.41716,521.92521,512.7166
0.20333333,10.166667,0.0086621314,265.6758,265.6782,323.69716,25763.651,1.0905148,1.0673936,25.356208,28.994365,516.07845,523.76353,7.6850787,7.7501537,15775.151,8000,81.999407,58.495285,58.370042,28246.685,1.8411942,0.021008113,0.23154513,0.21206404,0.24796192,520.78833,523.29325,514.09501
0.21,10.5,0.008662146,261.19838,261.20082,324.45297,26526.299,1.0879744,1.0647045,25.415456,29.123726,517.40549,525.08213,7.6766329,7.7379978,15787.362,8000,81.819929,58.248227,58.123513,28195.311,1.8448851,0.02100119,0.2310689,0.21163306,0.24744809,522.11067,524.61258,515.42446
0.21666667,10.833333,0.008662156,256.72739,256.72976,325.20932,27289.522,1.0854441,1.0620393,25.474733,29.252051,518.68639,526.35478,7.6683936,7.7263013,15798.772,8000,81.65708,58.013901,57.889689,28144.085,1.8488073,0.020996891,0.23063356,0.21123921,0.24697801,523.38697,525.88593,516.70772
0.22333333,11.166667,0.0086621567,252.26374,252.26607,325.96618,28053.271,1.0829238,1.0593974,25.534022,29.379322,519.92371,527.58405,7.6603398,7.715037,15809.381,8000,81.509495,57.791273,57.667538,28093.012,1.8529002,0.020994514,0.23023348,0.21087766,0.24654546,524.61977,527.11587,517.94735
0.23,11.5,0.0086621549,247.80768,247.80999,326.72349,28817.491,1.0804137,1.0567781,25.593339,29.505551,521.11984,528.77231,7.6524761,7.7041795,15819.297,8000,81.376514,57.579812,57.456529,28042.093,1.8571628,0.020994037,0.22986698,0.2105471,0.24614925,525.81146,528.30477,519.14574
0.23666667,11.833333,0.0086621527,243.35834,243.36062,327.48121,29582.143,1.0779138,1.0541809,25.652688,29.630769,522.27697,529.92178,7.644802,7.6937054,15828.592,8000,81.257375,57.37892,57.256067,27991.331,1.8615913,0.020995406,0.22953229,0.21024567,0.24578669,526.96425,529.45486,520.30508
0.24333333,12.166667,0.0086621506,238.91522,238.91745,328.23931,30347.197,1.0754243,1.0516055,25.712066,29.755,523.39719,531.03451,7.6373167,7.683593,15837.336,8000,81.151405,57.188063,57.065619,27940.727,1.8661816,0.020998567,0.22922779,0.20997147,0.24545642,528.08021,530.5682,521.42746
0.25,12.5,0.0086621485,234.47765,234.47983,328.99777,31112.624,1.0729451,1.0490511,25.771472,29.878261,524.48243,532.11244,7.6300129,7.673822,15845.563,8000,81.057832,57.006642,56.884587,27890.283,1.8709271,0.021003431,0.22895175,0.20972304,0.24515658,529.16129,531.64673,522.51481
0.25666667,12.833333,0.0086621463,230.04499,230.04717,329.75657,31878.418,1.0704761,1.0465174,25.830905,30.000573,525.53452,533.1574,7.6228878,7.6643736,15853.327,8000,80.976057,56.834182,56.712496,27839.997,1.8758162,0.02100986,0.22870227,0.20949905,0.2448852,530.2093,532.69227,523.56895
0.26333333,13.166667,0.0086621465,225.61665,225.61882,330.51568,32644.545,1.0680175,1.0440039,25.890369,30.121964,526.55516,534.1711,7.6159399,7.65523,15860.682,8000,80.905552,56.670263,56.548928,27789.872,1.8808434,0.021017783,0.22847788,0.20929775,0.24464091,531.22597,533.70653,524.5916
0.27,13.5,0.0086621476,221.19169,221.19384,331.27511,33411.01,1.0655691,1.0415103,25.949861,30.242471,527.54598,535.15514,7.6091603,7.6463747,15867.651,8000,80.845673,56.514384,56.393383,27739.906,1.8860023,0.021027118,0.22827714,0.2091178,0.2444224,532.2129,534.69112,525.5844
0.27666667,13.833333,0.0086621454,216.76964,216.77176,332.03485,34177.81,1.063131,1.0390359,26.009368,30.362101,528.50852,536.11106,7.6025398,7.6377921,15874.25,8000,80.795817,56.366077,56.245393,27690.099,1.8912747,0.021037652,0.22809798,0.20895742,0.2442274,533.17163,535.64756,526.54888
0.28333333,14.166667,0.0086621458,212.35045,212.35256,332.79487,34944.901,1.0607031,1.0365805,26.068903,30.480881,529.44422,537.04029,7.5960719,7.6294674,15880.509,8000,80.755464,56.224941,56.104559,27640.453,1.8966584,0.021049357,0.22793934,0.20881548,0.24405473,534.10359,536.5773,527.48649
0.29,14.5,0.0086621433,207.93308,207.93516,333.55517,35712.303,1.0582853,1.0341435,26.128453,30.598829,530.35444,537.94419,7.5897458,7.621387,15886.434,8000,80.72405,56.090538,55.970444,27590.965,1.9021443,0.021062121,0.22779981,0.20869056,0.24390306,535.01016,537.48169,528.39863
0.29666667,14.833333,0.0086621425,203.51767,203.51974,334.31572,36479.974,1.0558777,1.0317247,26.188027,30.715958,531.24049,538.82404,7.5835515,7.6135379,15892.03,8000,80.701025,55.962454,55.842634,27541.639,1.9077205,0.02107581,0.22767788,0.2085812,0.24377013,535.89262,538.36202,529.28658
0.30333333,15.166667,0.0086621414,199.10332,199.10538,335.07653,37247.917,1.0534803,1.0293235,26.24762,30.832295,532.10358,539.68106,7.5774837,7.605908,15897.322,8000,80.685989,55.840372,55.720814,27492.472,1.9133898,0.021090447,0.22757299,0.20848671,0.24365583,536.75219,539.21951,530.15157
0.31,15.5,0.0086621407,194.68976,194.69181,335.83756,38016.111,1.0510931,1.0269397,26.307232,30.947848,532.94485,540.51639,7.5715368,7.5984859,15902.33,8000,80.678547,55.723988,55.604679,27443.466,1.9191439,0.021105936,0.22748394,0.20840591,0.24355918,537.59,540.05528,530.99476
0.31666667,15.833333,0.0086621437,190.27646,190.2785,336.5988,38784.53,1.048716,1.024573,26.366871,31.062651,533.7654,541.3311,7.565705,7.5912607,15907.07,8000,80.678318,55.61301,55.493938,27394.621,1.9249851,0.021122298,0.22741023,0.20833824,0.24347973,538.40715,540.87043,531.81723
0.32333333,16.166667,0.008662144,185.86254,185.86454,337.36026,39553.198,1.0463489,1.022223,26.42652,31.176721,534.56625,542.12623,7.5599777,7.5842226,15911.535,8000,80.684845,55.507087,55.388242,27345.935,1.9309018,0.021139398,0.22735053,0.20828276,0.24341598,539.20465,541.66597,532.62001
0.33,16.5,0.0086621439,181.44827,181.45026,338.12192,40322.082,1.0439919,1.0198894,26.486183,31.290049,535.34836,542.90271,7.5543477,7.5773619,15915.732,8000,80.697759,55.405941,55.287312,27297.41,1.9368817,0.021157099,0.22730355,0.20823835,0.2433664,539.98347,542.44286,533.40405
0.33666667,16.833333,0.0086621436,177.03318,177.03517,338.88376,41091.174,1.0416449,1.0175719,26.545859,31.402653,536.11264,543.66145,7.5488101,7.5706698,15919.674,8000,80.716748,55.309331,55.190909,27249.044,1.9429227,0.021175375,0.22726863,0.20820399,0.24333032,540.7445,543.202,534.17027
0.34333333,17.166667,0.0086621414,172.61702,172.619,339.64579,41860.47,1.0393078,1.0152701,26.605545,31.514525,536.85994,544.4033,7.5433621,7.5641382,15923.381,8000,80.741571,55.217066,55.098842,27200.839,1.9490189,0.021194157,0.22724493,0.2081799,0.24330659,541.48859,543.94423,534.91948
0.35,17.5,0.0086621413,168.1998,168.20178,340.40796,42629.932,1.0369808,1.0129838,26.665248,31.625672,537.59105,545.12905,7.5380014,7.5577591,15926.871,8000,80.771993,55.128966,55.01093,27152.794,1.9551716,0.02121346,0.22723205,0.20816553,0.2432948,542.21654,544.67035,535.6525
0.35666667,17.833333,0.008662141,163.78076,163.78273,341.17028,43399.568,1.0346638,1.0107128,26.724962,31.73611,538.30672,545.83944,7.5327209,7.5515254,15930.146,8000,80.807723,55.044807,54.926951,27104.91,1.9613793,0.021233263,0.2272295,0.20816019,0.24329454,542.92909,545.3811,536.37008
0.36333333,18.166667,0.0086621407,159.35983,159.36178,341.93274,44169.364,1.0323566,1.0084567,26.784687,31.845829,539.00765,546.53516,7.5275094,7.5454303,15933.189,8000,80.848389,54.964314,54.846632,27057.185,1.9676357,0.021253494,0.22723648,0.20816302,0.24330487,543.62694,546.0772,537.07294
0.37,18.5,0.0086621406,154.93666,154.93862,342.69532,44939.303,1.0300594,1.0062153,26.844422,31.95482,539.69451,547.21687,7.5223533,7.5394674,15935.971,8000,80.893583,54.887193,54.769675,27009.621,1.9739354,0.021274096,0.2272523,0.20817351,0.2433251,544.31073,546.75928,537.76174
0.37666667,18.833333,0.0086621435,150.51091,150.51287,343.45799,45709.359,1.0277721,1.0039885,26.904173,32.063102,540.36791,547.88515,7.5172399,7.533631,15938.468,8000,80.942942,54.813181,54.695821,26962.217,1.9802759,0.021295037,0.22727649,0.20819123,0.24335481,544.98108,547.42793,538.43707
0.38333333,19.166667,0.0086621445,146.08197,146.08388,344.22078,46479.546,1.0254946,1.0017759,26.963928,32.170667,541.02837,548.54053,7.5121565,7.5279158,15940.65,8000,80.99611,54.742017,54.62481,26914.974,1.9866483,0.021316222,0.2273082,0.20821571,0.2433929,545.6385,548.08368,539.09949
0.39,19.5,0.0086621442,141.65015,141.65204,344.98364,47249.837,1.0232269,0.99957745,27.023684,32.277463,541.67638,549.18348,7.5070973,7.5223173,15942.51,8000,81.052865,54.673539,54.556479,26867.89,1.9930437,0.021337555,0.22734666,0.20824647,0.24343772,546.28348,548.72699,539.74944
0.39666667,19.833333,0.0086621437,137.21537,137.21725,345.74657,48020.212,1.020969,0.99739284,27.083445,32.383464,542.31234,549.81441,7.5020637,7.5168315,15944.071,8000,81.11316,54.607702,54.490782,26820.967,1.9994649,0.021359065,0.22739178,0.2082836,0.24348936,546.9164,549.35826,540.38732
0.40333333,20.166667,0.0086621429,132.77747,132.77932,346.50954,48790.66,1.018721,0.99522193,27.143209,32.488637,542.93658,550.43365,7.4970607,7.511455,15945.36,8000,81.177007,54.544501,54.427717,26774.205,2.0059138,0.021380773,0.22744348,0.20832734,0.24354747,547.53761,549.97784,541.01344
0.41,20.5,0.0086621421,128.33643,128.33825,347.27255,49561.163,1.0164827,0.99306458,27.202975,32.59294,543.54939,551.04148,7.4920968,7.5061848,15946.418,8000,81.244522,54.484,54.367345,26727.603,2.0123932,0.021402708,0.22750177,0.20837791,0.24361193,548.1474,550.58601,541.62807
0.41666667,20.833333,0.0086621422,123.89211,123.89392,348.03558,50331.712,1.0142542,0.99092064,27.262746,32.69635,544.15098,551.63816,7.4871785,7.5010185,15947.278,8000,81.315786,54.426239,54.309709,26681.162,2.0189087,0.021424928,0.22756681,0.20843549,0.24368305,548.746,551.183,542.23143
0.42333333,21.166667,0.0086621404,119.44434,119.44611,348.79863,51102.311,1.0120353,0.98878993,27.322513,32.798812,544.74156,552.22386,7.482308,7.495954,15947.953,8000,81.390809,54.371209,54.254796,26634.881,2.0254599,0.021447428,0.22763848,0.20849989,0.24376079,549.33361,551.76902,542.82373
0.43,21.5,0.0086621412,114.99328,114.99505,349.56168,51872.925,1.0098262,0.98667235,27.382288,32.900298,545.32128,552.79876,7.4774857,7.4909895,15948.45,8000,81.469571,54.318886,54.202585,26588.76,2.0320513,0.021470254,0.22771691,0.20857126,0.24384537,549.91038,552.34423,543.40511
0.43666667,21.833333,0.0086621415,110.53829,110.54003,350.32473,52643.567,1.0076266,0.98456774,27.442061,33.000774,545.89026,553.36297,7.4727104,7.4861236,15948.769,8000,81.552047,54.271228,54.155029,26544.205,2.0386857,0.021493434,0.22780219,0.20864946,0.24393684,550.47644,552.90873,543.97571
0.44333333,22.166667,0.0086621434,106.07949,106.0812,351.08776,53414.209,1.0054367,0.98247599,27.501838,33.100192,546.44859,553.91657,7.4679789,7.4813552,15948.903,8000,81.638184,54.228869,54.11276,26501.693,2.0453616,0.021516951,0.22789418,0.208734,0.24403513,551.03187,553.46262,544.53562
0.45,22.5,0.0086621441,101.61645,101.61811,351.85079,54184.867,1.0032563,0.9803969,27.56161,33.198468,546.99633,554.45962,7.4632866,7.4766836,15948.839,8000,81.72792,54.189052,54.073029,26459.317,2.0520815,0.021540829,0.22799298,0.2088253,0.24414032,551.57672,554.00595,545.0849
0.45666667,22.833333,0.008662144,97.149298,97.150917,352.61378,54955.519,1.0010855,0.9783303,27.621378,33.295501,547.53348,554.99211,7.4586247,7.4721083,15948.545,8000,81.821103,54.151666,54.035723,26417.079,2.0588402,0.021565012,0.22809826,0.20892289,0.24425218,552.11099,554.53871,545.62356
0.46333333,23.166667,0.0086621439,92.677902,92.679475,353.37673,55726.154,0.99892409,0.97627604,27.681142,33.391222,548.06001,555.514,7.4539851,7.4676294,15947.994,8000,81.917637,54.116635,54.000767,26374.977,2.0656397,0.021589519,0.22821013,0.20902661,0.24437093,552.63465,555.06087,546.15161
0.47,23.5,0.0086621437,88.202047,88.203563,354.13963,56496.759,0.99677218,0.97423393,27.740901,33.485571,548.57585,556.0252,7.4493571,7.4632472,15947.149,8000,82.017379,54.083854,53.968057,26333.012,2.0724815,0.021614364,0.22832871,0.20913636,0.24449693,553.1476,555.57233,546.66895
0.47666667,23.833333,0.0086621436,83.721572,83.723027,354.90246,57267.317,0.99462972,0.97220382,27.800655,33.57849,549.08084,556.52556,7.4447261,7.4589627,15945.953,8000,82.120126,54.05318,53.937448,26291.184,2.079366,0.021639552,0.22845406,0.20925225,0.24463014,553.6497,556.07295,547.17546
0.48333333,24.166667,0.008662143,79.236245,79.237646,355.66519,58037.808,0.99249671,0.97018552,27.860401,33.669925,549.57478,557.01486,7.4400743,7.4547775,15944.34,8000,82.225639,54.024446,53.908776,26249.494,2.0862903,0.021665051,0.22858613,0.20937432,0.24477043,554.14072,556.56249,547.67095
0.49,24.5,0.0086621427,74.745922,74.747272,356.42782,58808.214,0.99037313,0.96817889,27.920139,33.759842,550.05739,557.49277,7.4353787,7.4506938,15942.221,8000,82.333603,53.997438,53.881825,26207.942,2.0932533,0.021690848,0.22872496,0.20950252,0.24491783,554.62036,557.04065,548.15513
0.49666667,24.833333,0.0086621417,70.250303,70.251596,357.1903,59578.502,0.98825902,0.96618379,27.979863,33.848203,550.52829,557.9589,7.4306106,7.4467147,15939.485,8000,82.443622,53.971891,53.856333,26166.529,2.1002488,0.021716879,0.22887038,0.20963669,0.24507227,555.08822,557.50702,548.62763
0.50333333,25.166667,0.008662142,65.749362,65.750591,357.95261,60348.649,0.98615437,0.96420009,28.039579,33.934966,550.98698,558.41271,7.4257356,7.4428444,15935.993,8000,82.55521,53.947483,53.831977,26125.256,2.1072775,0.021743154,0.22902267,0.20977699,0.24523427,555.54378,557.96106,549.08799
0.51,25.5,0.00866214,61.242622,61.243806,358.7147,61118.597,0.98405929,0.96222774,28.099269,34.02007,551.4328,558.85352,7.4207185,7.4390883,15931.607,8000,82.667932,53.923931,53.808476,26084.125,2.1143272,0.021769545,0.22918148,0.20992308,0.24540344,555.98634,558.40208,549.53556
0.51666667,25.833333,0.0086621427,56.730495,56.731636,359.47655,61888.331,0.98197374,0.96026664,28.158956,34.103445,551.86494,559.28045,7.4155142,7.4354532,15926.136,8000,82.78117,53.90083,53.785424,26043.136,2.1214084,0.021796163,0.22934778,0.21007586,0.24558077,556.41507,558.82924,549.96954
0.52333333,26.166667,0.0086621383,52.211805,52.212921,360.23804,62657.725,0.979898,0.95831692,28.218591,34.185097,552.28236,559.69244,7.4100838,7.4319479,15919.426,8000,82.894542,53.877945,53.762588,26002.296,2.1284877,0.021822672,0.22952326,0.21023928,0.245766,556.82889,559.24143,550.38883
0.53,26.5,0.0086621489,47.688292,47.689335,360.99921,63426.838,0.97783186,0.95637844,28.278251,34.264858,552.68379,560.08816,7.4043668,7.4285831,15911.198,8000,83.007192,53.854712,53.739405,25961.599,2.1356156,0.021849584,0.2297111,0.21041158,0.24596655,557.22649,559.63735,550.79228
0.53666667,26.833333,0.0086621302,43.156496,43.157521,361.75982,64195.396,0.97577596,0.95445157,28.337771,34.342546,553.06764,560.46598,7.3983371,7.4253721,15901.371,8000,83.119293,53.83128,53.716023,25921.061,2.1426898,0.021875869,0.22990351,0.21058799,0.24617202,557.60626,560.01536,551.17829
0.54333333,27.166667,0.008662163,38.623294,38.624229,362.5201,64963.666,0.97372954,0.95253588,28.397434,34.418412,553.43207,560.82396,7.3918886,7.4223307,15889.416,8000,83.229023,53.806438,53.691234,25880.665,2.1498863,0.021903309,0.23011081,0.21077804,0.24639354,557.96627,560.37352,551.54507
0.55,27.5,0.0086621017,34.076438,34.077429,363.27931,65730.876,0.97169456,0.95063262,28.456704,34.492178,553.77471,561.15974,7.3850338,7.4194784,15875.488,8000,83.337911,53.781276,53.666126,25840.452,2.1568786,0.021928623,0.23031669,0.21096675,0.24661359,558.30416,560.70948,551.89024
0.55666667,27.833333,0.0086622107,29.538735,29.539521,364.03859,66498.182,0.9696679,0.94874003,28.516539,34.564513,554.093,561.47055,7.3775448,7.4168379,15858.382,8000,83.441274,53.752635,53.637547,25800.361,2.1642588,0.021957763,0.23055397,0.21118445,0.24686716,558.61719,561.02044,552.21137
0.56333333,28.166667,0.0086620135,24.969138,24.970213,364.79527,67262.895,0.96765654,0.94686269,28.575162,34.634327,554.38343,561.75303,7.3696007,7.4144371,15839.219,8000,83.545402,53.724912,53.609883,25760.53,2.1709431,0.021979893,0.2307667,0.21137965,0.24709433,558.902,561.30307,552.5048
0.57,28.5,0.0086623613,20.443325,20.443833,365.55482,68030.535,0.96564596,0.9449909,28.635809,34.703712,554.64271,562.00332,7.3606072,7.4123073,15814.713,8000,83.636834,53.688779,53.573828,25720.672,2.1789204,0.022014823,0.23106203,0.21165088,0.24740987,559.15482,561.55348,552.76761
0.57666667,28.833333,0.0086617901,15.824495,15.826214,366.30238,68786.08,0.96367523,0.94315462,28.692477,34.768865,554.86534,562.21671,7.3513681,7.4104888,15789.494,8000,83.735925,53.659173,53.544285,25681.562,2.1845977,0.022027137,0.2312524,0.21182608,0.24761327,559.37079,561.76697,552.99375
0.58333333,29.166667,0.0086627202,11.364317,11.364035,367.08375,69575.832,0.96162398,0.94125496,28.756769,34.837607,555.04769,562.38792,7.3402312,7.409023,15754.531,8000,83.816774,53.613804,53.499013,25640.812,2.1947041,0.022081937,0.23169517,0.21223201,0.24808581,559.54496,561.93827,553.18069
0.59,29.5,0.0086623397,6.6235796,6.62588,367.72793,70226.924,0.95993942,0.93968586,28.805968,34.893268,555.18105,562.51038,7.3293314,7.4079675,15724.017,8000,83.882397,53.575865,53.461155,25607.313,2.1973404,0.022069732,0.23176703,0.21229985,0.24816366,559.67042,562.06078,553.31789
0.59666667,29.833333,0.0086604444,2.5280371,2.523013,368.93241,71444.4,0.95680544,0.93677702,28.893998,34.987422,555.26658,562.57667,7.3100878,7.4073728,15643.56,8000,83.954325,53.47289,53.3584,25544.911,2.2073883,0.02209827,0.23224916,0.2127443,0.248678,559.74112,562.1271,553.41308
