# Section 7A - static GAUGE pressure on the fluid side of the inner wall (face zone fluid_solid_interface), baseline_medium_final, area-weighted per axial station (48 faces each). RE-ANALYSIS 2026 - post-processed CFD data.
z_m,p_wall_gauge_Pa,p_linear_fit_Pa,fit_minus_cfd_Pa
0.0033333,443.4111,405.0882,-38.3229
0.0100000,402.6424,400.5445,-2.0979
0.0166667,401.9025,396.0008,-5.9017
0.0233333,396.5403,391.4572,-5.0831
0.0300000,390.9376,386.9135,-4.0241
0.0366667,385.3790,382.3698,-3.0092
0.0433333,379.9381,377.8262,-2.1119
0.0500000,374.5968,373.2825,-1.3143
0.0566667,369.3593,368.7388,-0.6205
0.0633333,364.2046,364.1952,-0.0094
0.0700000,359.1283,359.6515,0.5232
0.0766667,354.1210,355.1078,0.9868
0.0833333,349.1740,350.5642,1.3902
0.0900000,344.2819,346.0205,1.7386
0.0966667,339.4379,341.4768,2.0390
0.1033333,334.6356,336.9332,2.2976
0.1100000,329.8710,332.3895,2.5185
0.1166667,325.1411,327.8458,2.7047
0.1233333,320.4424,323.3022,2.8598
0.1300000,315.7705,318.7585,2.9880
0.1366667,311.1233,314.2148,3.0915
0.1433333,306.4995,309.6712,3.1717
0.1500000,301.8971,305.1275,3.2304
0.1566667,297.3145,300.5838,3.2693
0.1633333,292.7489,296.0402,3.2913
0.1700000,288.1995,291.4965,3.2970
0.1766667,283.6662,286.9528,3.2866
0.1833333,279.1470,282.4092,3.2622
0.1900000,274.6414,277.8655,3.2241
0.1966667,270.1455,273.3218,3.1763
0.2033333,265.6592,268.7782,3.1190
0.2100000,261.1820,264.2345,3.0525
0.2166667,256.7118,259.6908,2.9790
0.2233333,252.2487,255.1472,2.8985
0.2300000,247.7931,250.6035,2.8104
0.2366667,243.3442,246.0598,2.7156
0.2433333,238.9017,241.5162,2.6145
0.2500000,234.4646,236.9725,2.5079
0.2566667,230.0323,232.4288,2.3965
0.2633334,225.6043,227.8851,2.2809
0.2700000,221.1797,223.3415,2.1618
0.2766667,216.7580,218.7978,2.0398
0.2833333,212.3391,214.2542,1.9150
0.2900000,207.9222,209.7105,1.7883
0.2966667,203.5070,205.1668,1.6598
0.3033333,199.0930,200.6232,1.5302
0.3100000,194.6797,196.0795,1.3998
0.3166667,190.2666,191.5358,1.2692
0.3233333,185.8531,186.9922,1.1391
0.3300000,181.4390,182.4485,1.0095
0.3366667,177.0242,177.9048,0.8806
0.3433333,172.6083,173.3612,0.7529
0.3500000,168.1913,168.8175,0.6262
0.3566667,163.7725,164.2738,0.5013
0.3633333,159.3518,159.7302,0.3784
0.3700000,154.9288,155.1865,0.2577
0.3766667,150.5032,150.6428,0.1396
0.3833333,146.0746,146.0992,0.0246
0.3900000,141.6431,141.5555,-0.0876
0.3966667,137.2085,137.0118,-0.1967
0.4033333,132.7708,132.4682,-0.3026
0.4100000,128.3300,127.9245,-0.4055
0.4166667,123.8859,123.3808,-0.5051
0.4233333,119.4383,118.8372,-0.6011
0.4300000,114.9874,114.2935,-0.6939
0.4366666,110.5326,109.7499,-0.7828
0.4433334,106.0740,105.2061,-0.8679
0.4500000,101.6113,100.6625,-0.9488
0.4566667,97.1444,96.1188,-1.0256
0.4633333,92.6733,91.5752,-1.0981
0.4700000,88.1977,87.0315,-1.1662
0.4766667,83.7176,82.4878,-1.2298
0.4833333,79.2325,77.9442,-1.2883
0.4900000,74.7425,73.4005,-1.3420
0.4966667,70.2471,68.8568,-1.3903
0.5033333,65.7465,64.3132,-1.4333
0.5100000,61.2400,59.7695,-1.4705
0.5166667,56.7281,55.2258,-1.5023
0.5233333,52.2096,50.6822,-1.5274
0.5300000,47.6864,46.1385,-1.5479
0.5366667,43.1547,41.5948,-1.5599
0.5433334,38.6219,37.0511,-1.5708
0.5500000,34.0748,32.5075,-1.5673
0.5566667,29.5380,27.9638,-1.5742
0.5633333,24.9670,23.4202,-1.5468
0.5700000,20.4439,18.8765,-1.5674
0.5766667,15.8192,14.3328,-1.4864
0.5833333,11.3688,9.7892,-1.5796
0.5900000,6.6174,5.2455,-1.3719
0.5966667,2.5520,0.7018,-1.8502
