Case,Parameter,Value,Units,Geometry change?,Mesh change?,CFD required?,Mechanical required?,Expected trend,Reason,Status
P00_BASELINE,baseline (all parameters frozen),V 23.5; q'' 8000; t 10,m/s; W/m2; mm,No,No,No - reuse solved Section 5B medium-mesh CFD,"No - reuse solved 7B (LC1, LC2) and 8A (buckling S1)",reference for every comparison,frozen baseline; all results reported as change from P00,SOLVED (reference)
C00_PIPELINE_CHECK,baseline re-run through the parametric pipeline,identical to P00,-,No,No,"Yes (medium mesh, fresh standard initialisation, staged start D-028)","Yes (LC1, LC2, BK-S1 on mesh B in a save-as copy)","must reproduce P00: CFD within convergence tolerance (T 0.1 K, dp 0.1 %); FE max VM / lambda1 within 1e-5",proves that the parametric scripts change nothing except the intended parameter,PROPOSED
V01_LOW,inlet velocity,21.15,m/s,No,No (y+ max est. 0.53 <= 0.8),Yes,"Yes (LC1, LC2, BK-S1)",screening: Re_in 26961; dp -14 %; T_out +7.6 K; solid max +25 K; LC1 dL +11 %; LC1 VM -4 %; |LC2 mean| +10 %; LC2 util 0.64; lambda1(S1) 1.00 (-10 %); Pcr -1 %,"-10 %: lower bound set by the 600 K air-property table (near-wall air est. 580 K, 20 K margin); Re fully turbulent",PROPOSED
V02_BASELINE,inlet velocity,23.5,m/s,No,No,No (alias of P00),No (alias of P00),reference,baseline level of the velocity series = P00,REFERENCE (alias)
V03_HIGH,inlet velocity,25.85,m/s,No,No (y+ max est. 0.64 <= 0.8),Yes,"Yes (LC1, LC2, BK-S1)",screening: Re_in 32952; dp +15 %; T_out -6.3 K; solid max -21 K; LC1 dL -9 %; LC1 VM +2 %; |LC2 mean| -8 %; LC2 util 0.53; lambda1(S1) 1.22 (+10 %); Pcr +1 %,+10 %: symmetric about the baseline; y+ and incompressibility still satisfied,PROPOSED
Q01_LOW,outer-wall heat flux,7200,W/m2,No,No,Yes,"Yes (LC1, LC2, BK-S1)",screening: Re_in 29957; dp -4 %; T_out -6.9 K; solid max -28 K; LC1 dL -12 %; LC1 VM -7 %; |LC2 mean| -12 %; LC2 util 0.51; lambda1(S1) 1.26 (+14 %); Pcr +1 %,-10 %: symmetric about the baseline,PROPOSED
Q02_BASELINE,outer-wall heat flux,8000,W/m2,No,No,No (alias of P00),No (alias of P00),reference,baseline level of the heat-flux series = P00,REFERENCE (alias)
Q03_HIGH,outer-wall heat flux,8800,W/m2,No,No,Yes,"Yes (LC1, LC2, BK-S1)",screening: Re_in 29957; dp +4 %; T_out +6.9 K; solid max +29 K; LC1 dL +13 %; LC1 VM +6 %; |LC2 mean| +12 %; LC2 util 0.65; lambda1(S1) 0.98 (-11 %); Pcr -1 %,"+10 %: upper bound set by the 600 K air table (near-wall air est. 583 K, 17 K margin); +12.5 % is marginal, +18.75 % invalid",PROPOSED
T01_THIN,wall thickness (total heat input Q held constant: q'' = 8888.9 W/m2),8,mm,Yes (Do 36 mm),"Yes: CFD solid 9 layers (first 0.5 mm, growth 1.139), fluid mesh unchanged; FE 36 x 4 x 130 = 89,424 nodes",Yes,"Yes (LC1, LC2, BK-S1)",screening: Re_in 29957; dp +0 %; T_out +0.0 K; solid max -1 K; LC1 dL -0 %; LC1 VM -17 %; |LC2 mean| -0 %; LC2 util 0.58; lambda1(S1) 0.94 (-15 %); Pcr -37 %,"-20 %: lower thickness still thick-walled (D/t 4.5, compact); symmetric with T03",PROPOSED
T02_BASELINE,wall thickness,10,mm,No,No,No (alias of P00),No (alias of P00),reference,baseline level of the thickness series = P00,REFERENCE (alias)
T03_THICK,wall thickness (total heat input Q held constant: q'' = 7272.7 W/m2),12,mm,Yes (Do 44 mm),"Yes: CFD solid 12 layers (first 0.5 mm, growth 1.119); FE 36 x 6 x 130 = 127,080 nodes (99.3 % of the Student limit)",Yes,"Yes (LC1, LC2, BK-S1)",screening: Re_in 29957; dp +0 %; T_out +0.0 K; solid max +1 K; LC1 dL +0 %; LC1 VM +16 %; |LC2 mean| +0 %; LC2 util 0.58; lambda1(S1) 1.29 (+17 %); Pcr +49 %,"+20 %: thickest wall that fits the 128,000-node licence at the baseline 2 mm radial element size (14 mm would need 145,908 nodes)",PROPOSED
M01_T01_STRUCT_NR5,"mesh adequacy, thin extreme: through-wall 4 -> 5 elements",1.6,mm (radial element),No (T01 geometry),"Yes (FE only: 108,252 nodes)",No (reuses T01 CFD),"Yes (LC1, LC2, BK-S1)",LC2 and lambda1 change <= 1e-4 (class A as in 8B); LC1 bore stress rises ~1-2 % (known surface-recovery bias),geometry extreme: mesh adequacy check required by the mesh rule,PROPOSED
M02_T03_STRUCT_NR5,"mesh adequacy, thick extreme: through-wall 6 -> 5 elements (coarsening, because refinement exceeds the licence)",2.4,mm (radial element),No (T03 geometry),"Yes (FE only: 108,252 nodes)",No (reuses T03 CFD),"Yes (LC1, LC2, BK-S1)",LC2 and lambda1 change <= 1e-4; LC1 bore stress falls ~1-2 %,"geometry extreme; refinement impossible under 128,000 nodes, so adequacy is shown by coarsening",PROPOSED
M03_T03_CFD_SOLID18,"mesh adequacy, thick extreme: CFD solid layers 12 -> 18 (first layer 0.333 mm)",18,layers,No (T03 geometry),"Yes (CFD solid only, fluid unchanged)",Yes,No (temperature comparison only; re-map only if T_max changes > 0.5 K),"T_max, through-wall dT, Q, volume-mean T change <= 0.5 K / 1 %",geometry extreme: thicker wall has the longest conduction path and the largest outer cells,PROPOSED
S1_LC2_CURRENT,"support: end faces U_z = 0 (rotation held, sway free) + 3 mid-span hoop nodes",K = 1,-,No,No,No,No - reuse 8A (LC2 static + buckling),lambda1 1.108 (solved); global sway; stability governs (lambda1 < first-yield factor 1.73),current idealised LC2 support; separate support study at P00,SOLVED (8A)
S2_LC2_LATERALLY_GUIDED,"support: end faces U_z = 0 and U_theta = 0 (clamped, no sway)",K = 0.5,-,No,No,No,No - reuse 8A LC2NS (static + buckling),lambda1 4.300 (solved); clamped mode; elastic bifurcation above first yield,upper idealisation of end fixity,SOLVED (8A)
S3_LC2_INTERMEDIATE,"support: inlet face clamped (U_z = U_theta = 0); outlet pinned by a deformable remote point (Ux = Uy = Uz = 0, rotations free)",K = 0.699,-,No,"No (adds one pilot node: 108,253)",No,Yes (LC2 static + BK),"lambda1 about 2.2 (hand 2.22-2.29); fixed-pinned mode, maximum about 0.6 L from the clamped end; elastic bifurcation above first yield",discrete intermediate end fixity without an invented stiffness,PROPOSED
B03_S3_TOY_BENCH,method benchmark of the S3 boundary conditions on the 8A constant-property toy tube (MAPDL),K = 0.699,-,No,No (toy model),No,"Yes (MAPDL linear buckling, not a project result)",FE between plain and shear-corrected Euler (fixed-pinned),validates the S3 support implementation before its project result is used,PROPOSED
