"# CFD axial profiles, slab averages over the 60 axial slabs of the COARSE mesh. Source: Fluent cell/face exports of the converged coarse solution. RE-ANALYSIS 2026."
z,x_over_D,mdot,p_area,p_mass,Tb_mass,hb,rho_b,rho_b_volavg,w_b,w_max,Twi,Two,dTwall,dTwall_1D_localk,qi,qo,h,Nu,Nu_Dh_poly,Re,tau_w,f_shear,yplus_avg,yplus_min,yplus_max,Tsolid_mean,Tsolid_max,Tfluid_max
0.005,0.25,0.00846195,437.09427,436.99878,302.15688,4036.5584,1.1682558,1.1633837,23.204744,23.866656,424.77954,438.31741,13.537873,8.5639684,32091.421,8000,261.70873,198.23798,197.28341,29793.865,5.0520911,0.06175399,0.48919103,0.45214182,0.52173273,433.8656,437.4467,419.98916
0.015,0.75,0.0086664864,398.70242,398.79074,303.04202,4929.1583,1.1648435,1.1567488,23.835253,24.809003,436.75288,445.51228,8.7593986,8.4878888,15967.782,8000,119.42023,90.228629,89.794154,29726.956,2.4203792,0.029498973,0.3246211,0.29984219,0.34645187,442.15668,444.64886,434.44614
0.025,1.25,0.0086404766,391.98873,391.98727,304.03023,5925.5165,1.1610574,1.1507002,23.841211,25.043294,445.48424,453.4923,8.008056,8.4139793,14583.904,8000,103.09996,77.677947,77.303906,29652.61,1.9552032,0.02375207,0.28448584,0.262629,0.30387837,450.35485,452.63649,443.41812
0.035,1.75,0.0086272499,385.65275,385.66318,305.0752,6979.15,1.1570804,1.14521,23.886534,25.278321,452.9255,460.87573,7.9502326,8.3482473,14754.939,8000,99.796473,74.965331,74.604353,29574.397,1.9288939,0.023352199,0.27680002,0.25585398,0.2952891,457.7679,460.02599,450.85407
0.045,2.25,0.0086322528,377.02338,377.02472,306.14408,8056.9566,1.1530405,1.1398848,23.984125,25.552277,459.64963,467.59871,7.9490831,8.2894352,14945.553,8000,97.361646,72.914447,72.563344,29494.82,1.9160161,0.023115304,0.27100966,0.25081585,0.28881742,464.50021,466.75454,457.5645
0.055,2.75,0.0086313867,369.21746,369.21944,307.22289,9144.8289,1.1489917,1.1346325,24.066226,25.804776,465.81259,473.74896,7.936373,8.2363375,15065.174,8000,94.994657,70.924629,70.583108,29414.938,1.8848489,0.022659447,0.26449837,0.24491995,0.28171524,470.66096,472.91062,463.72865
0.065,3.25,0.0086309704,361.5708,361.57448,308.31,10241.156,1.1449403,1.1294809,24.15022,26.049295,471.47863,479.39249,7.9138596,8.1824329,15153.539,8000,92.870423,69.125996,68.793135,29334.877,1.861887,0.022304477,0.25905736,0.23993596,0.27588208,476.31823,478.56019,469.40105
0.075,3.75,0.0086311697,353.98257,353.98562,309.40343,11343.924,1.140894,1.1244281,24.236429,26.291252,476.6959,484.5816,7.8857019,8.1293773,15225.985,8000,91.014168,67.536015,67.210811,29254.789,1.8430362,0.022000628,0.25432095,0.23555881,0.27082952,481.52164,483.75471,474.62664
0.085,4.25,0.0086311408,346.56439,346.56745,310.50193,12451.859,1.1368578,1.1194751,24.322396,26.52657,481.50119,489.36071,7.8595239,8.0811195,15292.267,8000,89.428848,66.155271,65.836715,29174.769,1.8279186,0.02174297,0.25020554,0.23169807,0.26645014,486.31384,488.53867,479.44148
0.095,4.75,0.0086311914,339.26777,339.27067,311.60546,13564.929,1.1328317,1.1146191,24.408982,26.756199,485.93278,493.76939,7.8366131,8.037111,15356.892,8000,88.092283,64.965544,64.652717,29094.822,1.817339,0.021540572,0.24671307,0.22839893,0.26273859,490.73424,492.95173,483.88193
0.105,5.25,0.0086311573,332.06038,332.06316,312.71394,14683.042,1.1288161,1.1098508,24.495715,26.982174,490.0286,497.84462,7.8160164,7.9968573,15417.848,8000,86.951907,63.926491,63.618667,29014.956,1.8099976,0.021377508,0.24370797,0.22555345,0.25956005,494.8201,497.03092,487.98597
0.115,5.75,0.0086311497,324.9495,324.95225,313.82656,15805.389,1.1248141,1.1051656,24.582849,27.203589,493.82374,501.62039,7.7966489,7.9599195,15472.598,8000,85.960223,63.002092,62.69872,28935.231,1.8048985,0.021241707,0.24108387,0.22308203,0.25680506,498.60574,500.8103,491.78862
0.125,6.25,0.0086311285,317.91124,317.9139,314.94304,16931.661,1.1208266,1.1005594,24.670244,27.421634,497.34858,505.12698,7.7784028,7.9259192,15522.079,8000,85.09653,62.176245,61.87685,28855.67,1.8018758,0.021130958,0.23879741,0.22093245,0.25440408,502.12151,504.32021,495.32041
0.135,6.75,0.0086311976,310.93801,310.94056,316.06274,18061.237,1.1168559,1.0960294,24.758151,27.636575,500.6302,508.39136,7.7611522,7.8945272,15566.827,8000,84.342202,61.434604,61.13878,28776.317,1.8006368,0.021041619,0.23680233,0.21905527,0.25230715,505.39446,507.58766,498.60847
0.145,7.25,0.0086312078,304.00975,304.01217,317.18579,19194.242,1.1129015,1.0915707,24.846153,27.848525,503.69283,511.43757,7.7447385,7.8654563,15607.14,8000,83.681236,60.764768,60.472169,28697.164,1.8008692,0.020969824,0.23508404,0.2174443,0.25049713,508.44872,510.63673,501.6769
0.155,7.75,0.0086311524,297.13128,297.13368,318.31168,20330.148,1.1089651,1.087179,24.934187,28.056766,506.55802,514.28704,7.7290217,7.8384554,15643.282,8000,83.100062,60.156353,59.866683,28618.246,1.8020824,0.020909729,0.23358766,0.21603999,0.24892156,511.30579,513.48886,504.54755
0.165,8.25,0.0086311245,290.30322,290.30559,319.44002,21468.569,1.1050479,1.0828518,25.022492,28.261552,509.2449,516.95881,7.7139072,7.8133056,15675.631,8000,82.588135,59.60126,59.314263,28539.591,1.8042523,0.020860959,0.23226599,0.214799,0.24753277,513.98474,516.16321,507.23975
0.175,8.75,0.0086310581,283.51318,283.51552,320.5706,22609.29,1.1011507,1.0785864,25.11086,28.463015,511.77056,519.46972,7.6991569,7.7898157,15703.839,8000,82.133064,59.090127,58.805592,28461.213,1.8071387,0.020820643,0.23108979,0.21370125,0.24630537,516.50251,518.67657,509.77036
0.185,9.25,0.0086311319,276.76316,276.76564,321.70264,23751.537,1.0972758,1.0743829,25.19975,28.661554,514.14955,521.83446,7.6849177,7.7678212,15729.002,8000,81.731646,58.620383,58.33811,28383.163,1.8108522,0.020790011,0.23005495,0.21274049,0.24522806,518.87379,521.04359,512.15389
0.195,9.75,0.0086311606,270.02825,270.03064,322.83662,24895.767,1.0934216,1.070239,25.288661,28.857562,516.39483,524.06605,7.6712175,7.7471785,15751.624,8000,81.37926,58.188276,57.908084,28305.408,1.8153346,0.020768266,0.229148,0.21190017,0.24428263,521.11159,523.27729,514.40346
0.205,10.25,0.0086312468,263.3165,263.31891,323.97179,26041.242,1.0895903,1.0661532,25.377836,29.051162,518.51799,526.17608,7.6580876,7.7277606,15772.224,8000,81.071867,57.790704,57.512426,28227.996,1.8204403,0.020753702,0.22835125,0.21116239,0.2434518,523.22752,525.38931,516.53069
0.215,10.75,0.0086312657,256.61522,256.61748,325.10854,27188.353,1.0857806,1.0621228,25.466937,29.242543,520.52957,528.17503,7.6454639,7.7094542,15790.91,8000,80.804561,57.423806,57.147294,28150.9,1.8261083,0.020745528,0.22765319,0.21051744,0.2427233,525.2321,527.39014,518.54616
0.225,11.25,0.0086312584,249.933,249.93522,326.24642,28336.649,1.0819936,1.0581452,25.55605,29.431552,522.43905,530.07236,7.6333054,7.6921582,15807.853,8000,80.573127,57.084388,56.809511,28074.148,1.8321145,0.020741167,0.22703331,0.20994487,0.24207568,527.1348,529.28923,520.45943
0.235,11.75,0.0086312475,243.26892,243.27108,327.38525,29485.939,1.0782298,1.0542185,25.645226,29.618256,524.25496,531.87659,7.6216262,7.6757826,15823.417,8000,80.375074,56.770473,56.497108,27997.75,1.8385138,0.020741211,0.22648933,0.20944241,0.24150834,528.94415,531.09513,522.27902
0.245,12.25,0.0086312336,236.61936,236.62145,328.52503,30636.228,1.074489,1.0503408,25.734467,29.802737,525.98512,533.59549,7.6103687,7.6602459,15837.67,8000,80.206939,56.47939,56.207427,27921.703,1.8452728,0.02074524,0.22601398,0.20900312,0.24101239,530.66796,532.81562,524.01278
0.255,12.75,0.00863122,229.9831,229.98514,329.6656,31787.361,1.0707715,1.0465102,25.823772,29.985047,527.63673,535.23612,7.5993892,7.6454748,15850.288,8000,80.063635,56.207386,55.936732,27846.016,1.852291,0.020752093,0.22559618,0.20861959,0.24056699,532.31333,534.45776,525.66781
0.265,13.25,0.0086312109,223.35771,223.35971,330.80692,32939.286,1.0670772,1.0427251,25.913148,30.16527,529.21602,536.80476,7.5887405,7.6314048,15861.718,8000,79.944509,55.953839,55.684406,27770.689,1.8595887,0.020761974,0.22523338,0.20828744,0.2401773,533.88651,536.02782,527.25039
0.275,13.75,0.0086312068,216.74049,216.74246,331.94889,34091.907,1.0634063,1.0389841,26.002589,30.343483,530.72862,538.30704,7.5784276,7.6179782,15872.16,8000,79.847981,55.717497,55.449202,27695.725,1.8671575,0.020774763,0.22492157,0.20800088,0.23984201,535.39318,537.53147,528.76626
0.285,14.25,0.0086312196,210.12881,210.13079,333.0914,35245.121,1.0597588,1.035286,26.092124,30.519834,532.1797,539.74812,7.5684147,7.6051429,15881.66,8000,79.771941,55.496752,55.229519,27621.13,1.874987,0.02079032,0.22465696,0.20775452,0.23955923,536.83848,538.97385,530.22067
0.295,14.75,0.0086312237,203.51877,203.52069,334.23453,36399.002,1.0561343,1.0316291,26.181682,30.694441,533.57399,541.13262,7.5586321,7.5928517,15890.12,8000,79.713873,55.289708,55.023473,27546.896,1.8830243,0.020808029,0.22443341,0.20754422,0.23932278,538.22708,540.35961,531.61831
0.305,15.25,0.0086312217,196.9109,196.91282,335.37818,37553.457,1.0525328,1.0280119,26.271261,30.867305,534.91564,542.46468,7.5490324,7.5810633,15897.509,8000,79.6718,55.09489,54.829593,27473.027,1.8912067,0.020827183,0.22424463,0.2073652,0.23912533,539.56312,541.69289,532.96338
0.315,15.75,0.0086312117,190.30466,190.3066,336.52232,38708.458,1.0489543,1.0244334,26.360855,31.03844,536.20831,543.74791,7.5396013,7.5697411,15903.899,8000,79.644542,54.911381,54.646967,27399.52,1.8995184,0.020847595,0.2240875,0.20721379,0.238963,540.85023,542.9773,534.25951
0.325,16.25,0.0086312064,183.69992,183.70191,337.66681,39863.861,1.0453989,1.0208928,26.450491,31.207862,537.45511,544.98545,7.5303445,7.5588538,15909.416,8000,79.631373,54.7386,54.475018,27326.384,1.9079527,0.020869188,0.22395974,0.20708825,0.23883157,542.09154,544.21598,535.50982
0.335,16.75,0.0086312047,177.09532,177.09731,338.81168,41019.684,1.0418665,1.0173895,26.540167,31.375641,538.65874,546.18001,7.5212743,7.548374,15914.193,8000,79.631861,54.576153,54.313354,27253.613,1.9165297,0.020892168,0.22386094,0.20698831,0.23873171,543.28977,545.41164,536.71696
0.345,17.25,0.0086311881,170.49007,170.49205,339.95694,42175.947,1.0383566,1.0139223,26.629827,31.541734,539.82155,547.33394,7.5123976,7.538278,15918.33,8000,79.64557,54.423649,54.161584,27181.204,1.9252186,0.020916185,0.22378786,0.20691238,0.23865981,544.44726,546.56663,537.88322
0.355,17.75,0.0086311941,163.88561,163.88769,341.10234,43332.401,1.0348699,1.010491,26.719568,31.706231,540.94556,548.44929,7.5037254,7.528545,15921.94,8000,79.672155,54.280798,54.019421,27109.17,1.9340483,0.020941556,0.2237409,0.20686246,0.23861518,545.56608,547.683,539.01051
0.365,18.25,0.0086311912,157.27749,157.27955,342.24808,44489.232,1.0314055,1.007095,26.809308,31.869159,542.03259,549.52784,7.4952447,7.5191569,15925.025,8000,79.711008,54.147078,53.886345,27037.496,1.9430204,0.020968274,0.223719,0.20683885,0.2385951,546.648,548.76251,540.10058
0.375,18.75,0.0086312055,150.66748,150.66961,343.3939,45646.197,1.0279639,1.0037341,26.899108,32.030513,543.08415,550.57112,7.4869676,7.5100979,15927.683,8000,79.761944,54.022316,53.762183,26966.195,1.9521247,0.020996229,0.22372059,0.20684052,0.23859698,547.69456,549.80672,541.15492
0.385,19.25,0.0086312136,144.05243,144.0545,344.53996,46803.45,1.0245445,1.0004075,26.988908,32.190265,544.10156,551.58048,7.4789156,7.5013541,15930.037,8000,79.825164,53.906548,53.646973,26895.254,1.9613804,0.021025608,0.22374598,0.20686725,0.23862125,548.70709,550.81695,542.17485
0.395,19.75,0.0086312146,137.43345,137.43545,345.68622,47960.947,1.0211473,0.99711443,27.078701,32.348198,545.08598,552.55709,7.4711084,7.4929133,15932.196,8000,79.900779,53.799776,53.540715,26824.673,1.9707626,0.021056131,0.22379303,0.20691602,0.23866629,549.68678,551.7944,543.16159
0.405,20.25,0.0086312121,130.81085,130.81281,346.83263,49118.644,1.017772,0.99385416,27.168495,32.504185,546.03849,553.50206,7.4635664,7.4847642,15934.273,8000,79.988978,53.702055,53.443465,26754.452,1.980283,0.021087915,0.2238618,0.20698567,0.2387331,550.63472,552.74017,544.11625
0.415,20.75,0.00863121,124.1839,124.18581,347.97917,50276.519,1.0144186,0.99062591,27.258301,32.658162,546.96012,554.41641,7.4562937,7.4768959,15936.322,8000,80.089686,53.613258,53.355095,26684.59,1.9899562,0.021121103,0.22395248,0.20707596,0.23882257,551.55195,553.6553,545.03992
0.425,21.25,0.0086312066,117.55174,117.5536,349.12584,51434.573,1.0110868,0.98742885,27.348113,32.81004,547.85191,555.30118,7.4492702,7.4692981,15938.304,8000,80.202382,53.53296,53.275184,26615.084,1.9997751,0.021155607,0.22406408,0.20718539,0.23893462,552.43948,554.5408,545.93367
0.435,21.75,0.008631203,110.91374,110.91553,350.27262,52592.783,1.0077765,0.98426212,27.437932,32.959754,548.71485,556.15732,7.442466,7.4619607,15940.15,8000,80.326402,53.462298,53.204862,26547.114,2.0097365,0.021191381,0.22419579,0.20731275,0.23906877,553.2983,555.39766,546.79854
0.445,22.25,0.008631198,104.26886,104.27059,351.41951,53751.144,1.0044876,0.98112487,27.527755,33.107237,549.54991,556.98575,7.4358402,7.4548745,15941.748,8000,80.460886,53.404237,53.147081,26483.253,2.0198308,0.021228312,0.22434651,0.20745686,0.2392243,554.12933,556.22679,547.63552
0.455,22.75,0.008631196,97.616265,97.617945,352.56643,54909.593,1.0012199,0.97801641,27.617591,33.252406,550.3579,557.78725,7.4293531,7.4480313,15942.986,8000,80.605026,53.352882,53.095973,26419.696,2.0300479,0.021266286,0.22451517,0.2076166,0.23940043,554.93336,557.02897,548.44546
0.465,23.25,0.0086311994,90.954442,90.956034,353.71335,56068.096,0.99797344,0.97493606,27.707444,33.395202,551.13948,558.56244,7.4229623,7.4414244,15943.749,8000,80.75805,53.307672,53.050981,26356.444,2.0403967,0.02130539,0.22470186,0.20779189,0.23959703,555.71103,557.80482,549.22903
0.475,23.75,0.008631197,84.281596,84.283092,354.86033,57226.709,0.99474779,0.97188276,27.797282,33.535334,551.89514,559.31172,7.4165881,7.4350492,15943.768,8000,80.918537,53.267616,53.011118,26293.491,2.0508534,0.021345361,0.22490491,0.20798121,0.23981211,556.46275,558.55474,549.98675
0.485,24.25,0.0086312051,77.597465,77.598959,356.00706,58385.128,0.99154362,0.96885622,27.887135,33.672786,552.625,560.03514,7.4101373,7.4289037,15942.725,8000,81.084793,53.231596,52.975271,26230.851,2.061394,0.021385959,0.22513073,0.20819219,0.2400509,557.1886,559.27878,550.71868
0.495,24.75,0.0086312162,70.899467,70.900794,357.15374,59543.558,0.98836016,0.96585559,27.976994,33.806939,553.32877,560.73226,7.4034882,7.4229903,15940.17,8000,81.254838,53.198259,52.942095,26168.512,2.0720211,0.021427194,0.22537386,0.20841582,0.24031105,557.88816,559.97651,551.42467
0.505,25.25,0.008631201,64.186748,64.187987,358.30004,60701.665,0.98519813,0.96288049,28.066738,33.937432,554.00543,561.40198,7.3965491,7.4173171,15935.77,8000,81.427344,53.166758,52.910746,26106.489,2.0826331,0.021468032,0.22562666,0.20864745,0.24058258,558.56036,560.64681,552.10376
0.515,25.75,0.0086312267,57.463447,57.46459,359.44607,61859.56,0.98205702,0.95993013,28.156594,34.064467,554.65319,562.04237,7.3891823,7.411899,15928.952,8000,81.600262,53.13573,52.879867,26044.774,2.0933332,0.021509532,0.22589559,0.20889336,0.24087208,559.2033,561.28776,552.75417
0.525,26.25,0.0086311713,50.720384,50.721493,360.59107,63016.484,0.97893865,0.95700546,28.246104,34.187738,555.26908,562.65042,7.3813482,7.4067601,15919.575,8000,81.773874,53.105447,52.84973,25983.405,2.1039219,0.021549688,0.22617125,0.20914518,0.24116917,559.81398,561.89635,553.37296
0.535,26.75,0.008631273,43.97461,43.975586,361.73601,64173.425,0.97584017,0.95410442,28.336125,34.307855,555.84921,563.22196,7.3727569,7.4019338,15906.344,8000,81.943655,53.072853,52.817293,25922.327,2.1147724,0.021592266,0.22647552,0.20942363,0.24149623,560.38828,562.46839,553.95634
0.545,27.25,0.0086310746,37.193015,37.194067,362.87798,65327.408,0.97276923,0.95123247,28.424926,34.423534,556.38765,563.75116,7.3635141,7.3974679,15889.774,8000,82.113588,53.040901,52.785494,25861.694,2.1251375,0.021629812,0.22677126,0.20969444,0.24181416,560.92036,562.99805,554.4983
0.555,27.75,0.0086314422,30.440754,30.441517,364.02332,66484.876,0.96970858,0.94837674,28.515857,34.537235,556.87772,564.23054,7.3528235,7.3934225,15866.221,8000,82.270462,53.000289,52.745078,25801.166,2.1364703,0.021676741,0.22713902,0.21003276,0.24220754,561.40289,563.47784,554.99253
0.565,28.25,0.0086308192,23.592289,23.593667,365.15211,67625.668,0.96671093,0.9455806,28.602216,34.643896,557.30826,564.64986,7.3415942,7.3898835,15839.81,8000,82.431966,52.964907,52.709866,25741.789,2.1459527,0.021705644,0.22743461,0.21030528,0.24252343,561.82545,563.89752,555.42737
0.575,28.75,0.0086318941,16.896626,16.896957,366.32969,68815.857,0.9636034,0.94269676,28.698029,34.754727,557.66954,564.9969,7.3273608,7.3869474,15799.232,8000,82.571569,52.909686,52.654912,25680.136,2.1593942,0.02177139,0.2279699,0.21079958,0.24309649,562.17633,564.24486,555.79443
0.585,29.25,0.0086317758,9.9017692,9.9035382,367.30205,69798.658,0.96105243,0.94032282,28.773809,34.843667,557.94045,565.2544,7.3139515,7.3847634,15764.038,8000,82.690783,52.866834,52.612266,25629.449,2.1658075,0.021778242,0.22817582,0.21099172,0.24331157,562.43753,564.50256,556.0701
0.595,29.75,0.0086283517,3.7053014,3.7018166,369.11564,71631.843,0.95633046,0.93593714,28.904412,34.991805,558.11943,565.40317,7.2837367,7.3834604,15650.513,8000,82.805289,52.718763,52.464908,25535.445,2.1793087,0.021806333,0.22879251,0.21156891,0.24396482,562.59342,564.65144,556.26272
